"","CRAB_ID","HAULJOIN","CRUISE","VESSEL","HAUL","STATION","SPECIES_KFRC","SPECIES_CODE","SEX","LENGTH","WIDTH","SHELL_CONDITION","EGG_COLOR","EGG_CONDITION","CLUTCH_SIZE","WEIGHT","DISEASE_CODE","DISEASE_DORSAL","DISEASE_VENTRAL","DISEASE_LEGS","SAMPLING_FACTOR","CHELA_HEIGHT","MERUS_LENGTH","COMMENTS","GIS_STATION","YEAR","log.width","log.weight","Cooks_D","SC"
"1",3153692,-17381,201702,162,43,"Y-23",7,68580,2,NA,51.5,2,4,1,5,46,NA,NA,NA,NA,1,NA,NA,NA,"Y-23","2017",3.94158180766969,3.8286413964891,0.000184806727727296,"NS"
"2",3153693,-17381,201702,162,43,"Y-23",7,68580,2,NA,57.8,2,4,1,5,69,NA,NA,NA,NA,1,NA,NA,NA,"Y-23","2017",4.05698877567833,4.23410650459726,0.00039480192594233,"NS"
"5",3153711,-17381,201702,162,43,"Y-23",7,68580,2,NA,48.2,2,4,1,5,36,NA,NA,NA,NA,1,NA,NA,NA,"Y-23","2017",3.87535902105655,3.58351893845611,0.00119873377882584,"NS"
"6",3153712,-17381,201702,162,43,"Y-23",7,68580,2,NA,53.8,2,4,1,5,52,NA,NA,NA,NA,1,NA,NA,NA,"Y-23","2017",3.98527346716774,3.95124371858143,0.000272742262503832,"NS"
"7",3153713,-17381,201702,162,43,"Y-23",7,68580,2,NA,54.7,2,4,1,5,58,NA,NA,NA,NA,1,NA,NA,NA,"Y-23","2017",4.00186370942794,4.06044301054642,8.36092918787721e-05,"NS"
"22",3154602,-17349,201702,162,26,"V-19",7,68580,2,NA,47.8,2,4,1,5,42,NA,NA,NA,NA,1,NA,NA,NA,"V-19","2017",3.86702563949741,3.73766961828337,0.00107148890758742,"NS"
"23",3154603,-17349,201702,162,26,"V-19",7,68580,2,NA,53.1,2,4,1,5,50,NA,NA,NA,NA,1,NA,NA,NA,"V-19","2017",3.97217692824789,3.91202300542815,0.000269631186856406,"NS"
"27",3153980,-17234,201702,162,17,"X-18",7,68580,2,NA,68.2,2,4,1,6,114,NA,NA,NA,NA,1,NA,NA,NA,"X-18","2017",4.22244456484942,4.7361984483945,0.00386080552603022,"NS"
"28",3153981,-17234,201702,162,17,"X-18",7,68580,2,NA,70.5,2,4,1,5,122,NA,NA,NA,NA,1,NA,NA,NA,"X-18","2017",4.25561270981822,4.80402104473326,0.00149541969087457,"NS"
"29",3153982,-17234,201702,162,17,"X-18",7,68580,2,NA,66.7,2,4,1,4,110,NA,NA,NA,NA,1,NA,NA,NA,"X-18","2017",4.20020495292158,4.70048036579242,0.00705120703004281,"NS"
"39",3154987,-17325,201702,162,22,"X-19",7,68580,2,NA,46,2,4,1,4,34,NA,NA,NA,NA,3.02754,NA,NA,NA,"X-19","2017",3.8286413964891,3.52636052461616,4.66084102873671e-05,"NS"
"46",3155007,-17352,201702,162,28,"V-20",7,68580,2,NA,51.2,2,4,1,4,44,NA,NA,NA,NA,3.25674,NA,NA,NA,"V-20","2017",3.93573953204546,3.78418963391826,0.000547039287445597,"NS"
"47",3155008,-17352,201702,162,28,"V-20",7,68580,2,NA,52.5,2,4,1,5,46,NA,NA,NA,NA,3.25674,NA,NA,NA,"V-20","2017",3.96081316959758,3.8286413964891,0.00122570895423445,"NS"
"48",3155009,-17352,201702,162,28,"V-20",7,68580,2,NA,59.2,2,0,0,1,64,NA,NA,NA,NA,3.25674,NA,NA,NA,"V-20","2017",4.08092154188996,4.15888308335967,0.00419095365995219,"NS"
"49",3155010,-17352,201702,162,28,"V-20",7,68580,2,NA,41.6,2,4,1,4,26,NA,NA,NA,NA,3.25674,NA,NA,NA,"V-20","2017",3.72810016726722,3.25809653802148,1.06142240088782e-05,"NS"
"50",3155011,-17352,201702,162,28,"V-20",7,68580,2,NA,49.9,2,4,1,4,44,NA,NA,NA,NA,3.25674,NA,NA,NA,"V-20","2017",3.91002100275747,3.78418963391826,9.19739089100655e-06,"NS"
"56",3156142,-17364,201702,162,34,"X-22",7,68580,2,NA,45.8,2,4,1,5,32,NA,NA,NA,NA,1.94477,NA,NA,NA,"X-22","2017",3.82428409112014,3.46573590279973,0.000808682050890493,"NS"
"69",3155699,-17350,201702,162,27,"W-19",7,68580,2,NA,51.8,2,4,1,4,50,NA,NA,NA,NA,5.27191,NA,NA,NA,"W-19","2017",3.94739014926544,3.91202300542815,0.000112749710253257,"NS"
"70",3155700,-17350,201702,162,27,"W-19",7,68580,2,NA,50.4,2,4,1,4,44,NA,NA,NA,NA,5.27191,NA,NA,NA,"W-19","2017",3.91999117507732,3.78418963391826,5.04361294383299e-05,"NS"
"71",3155701,-17350,201702,162,27,"W-19",7,68580,2,NA,51,2,4,1,4,46,NA,NA,NA,NA,5.27191,NA,NA,NA,"W-19","2017",3.93182563272433,3.8286413964891,1.1731862684276e-05,"NS"
"72",3155702,-17350,201702,162,27,"W-19",7,68580,2,NA,53,2,4,1,5,52,NA,NA,NA,NA,5.27191,NA,NA,NA,"W-19","2017",3.97029191355212,3.95124371858143,9.58047162962832e-07,"NS"
"73",3155703,-17350,201702,162,27,"W-19",7,68580,2,NA,46.7,2,4,1,5,36,NA,NA,NA,NA,5.27191,NA,NA,NA,"W-19","2017",3.84374416467485,3.58351893845611,5.36814005894098e-07,"NS"
"74",3156854,-17367,201702,162,37,"X-25",7,68580,2,NA,46.5,2,4,1,5,36,NA,NA,NA,NA,6.87824,NA,NA,NA,"X-25","2017",3.83945231259331,3.58351893845611,1.97250927422942e-05,"NS"
"75",3156855,-17367,201702,162,37,"X-25",7,68580,2,NA,42.2,2,4,1,5,28,NA,NA,NA,NA,6.87824,NA,NA,NA,"X-25","2017",3.74242022104197,3.3322045101752,0.00056287527486174,"NS"
"76",3156856,-17367,201702,162,37,"X-25",7,68580,2,NA,44.2,2,4,1,5,30,NA,NA,NA,NA,6.87824,NA,NA,NA,"X-25","2017",3.78872478908365,3.40119738166216,0.000182467006724301,"NS"
"77",3156857,-17367,201702,162,37,"X-25",7,68580,2,NA,50.9,2,4,1,5,44,NA,NA,NA,NA,6.87824,NA,NA,NA,"X-25","2017",3.92986292355648,3.78418963391826,0.000296911900561135,"NS"
"78",3156858,-17367,201702,162,37,"X-25",7,68580,2,NA,53.7,2,4,1,4,54,NA,NA,NA,NA,6.87824,NA,NA,NA,"X-25","2017",3.98341300151482,3.98898404656427,1.09485269239968e-06,"NS"
"86",3156393,-17365,201702,162,35,"X-23",7,68580,2,NA,54,2,4,1,5,58,NA,NA,NA,NA,3.45926,NA,NA,NA,"X-23","2017",3.98898404656427,4.06044301054642,0.000575606295771388,"NS"
"87",3156394,-17365,201702,162,35,"X-23",7,68580,2,NA,47.3,2,4,1,5,40,NA,NA,NA,NA,3.45926,NA,NA,NA,"X-23","2017",3.85651029549789,3.68887945411394,0.000701334072187053,"NS"
"88",3156395,-17365,201702,162,35,"X-23",7,68580,2,NA,54.7,2,4,1,5,62,NA,NA,NA,NA,3.45926,NA,NA,NA,"X-23","2017",4.00186370942794,4.12713438504509,0.00145223245275238,"NS"
"99",3156953,-17366,201702,162,36,"X-26",7,68580,2,NA,47.6,2,4,1,5,36,NA,NA,NA,NA,1,NA,NA,NA,"X-26","2017",3.86283276123737,3.58351893845611,0.000481284003206189,"NS"
"100",3156954,-17366,201702,162,36,"X-26",7,68580,2,NA,49.2,2,4,1,5,42,NA,NA,NA,NA,1,NA,NA,NA,"X-26","2017",3.89589362349826,3.73766961828337,8.80193208714741e-07,"NS"
"101",3156955,-17366,201702,162,36,"X-26",7,68580,2,NA,50.6,2,4,1,5,46,NA,NA,NA,NA,1,NA,NA,NA,"X-26","2017",3.92395157629342,3.8286413964891,2.12426233047367e-05,"NS"
"102",3156956,-17366,201702,162,36,"X-26",7,68580,2,NA,46.5,2,4,1,5,36,NA,NA,NA,NA,1,NA,NA,NA,"X-26","2017",3.83945231259331,3.58351893845611,1.97250927422942e-05,"NS"
"103",3157249,-17368,201702,162,38,"X-24",7,68580,2,NA,46.4,2,4,1,5,36,NA,NA,NA,NA,4.77242,NA,NA,NA,"X-24","2017",3.83729945923221,3.58351893845611,5.04234970445421e-05,"NS"
"104",3157250,-17368,201702,162,38,"X-24",7,68580,2,NA,41.4,2,4,1,5,26,NA,NA,NA,NA,4.77242,NA,NA,NA,"X-24","2017",3.72328088083127,3.25809653802148,0.000159927875411226,"NS"
"105",3157251,-17368,201702,162,38,"X-24",7,68580,2,NA,41.4,2,4,1,5,28,NA,NA,NA,NA,4.77242,NA,NA,NA,"X-24","2017",3.72328088083127,3.3322045101752,0.00391781573875324,"NS"
"106",3157252,-17368,201702,162,38,"X-24",7,68580,2,NA,44.4,2,4,1,5,28,NA,NA,NA,NA,4.77242,NA,NA,NA,"X-24","2017",3.79323946943818,3.3322045101752,0.00301448663201531,"NS"
"107",3157253,-17368,201702,162,38,"X-24",7,68580,2,NA,46.5,2,4,1,5,34,NA,NA,NA,NA,4.77242,NA,NA,NA,"X-24","2017",3.83945231259331,3.52636052461616,0.00038445396384644,"NS"
"108",3157313,-17378,201702,162,40,"ZZ-24",7,68580,2,NA,51.9,2,4,1,5,46,NA,NA,NA,NA,3.7639,NA,NA,NA,"ZZ-24","2017",3.94931879017184,3.8286413964891,0.000481486908883448,"NS"
"109",3157314,-17378,201702,162,40,"ZZ-24",7,68580,2,NA,49.1,2,4,1,5,42,NA,NA,NA,NA,3.7639,NA,NA,NA,"ZZ-24","2017",3.89385903480047,3.73766961828337,9.26859641910669e-06,"NS"
"110",3157315,-17378,201702,162,40,"ZZ-24",7,68580,2,NA,46.1,2,4,1,5,34,NA,NA,NA,NA,3.7639,NA,NA,NA,"ZZ-24","2017",3.8308129500026,3.52636052461616,8.99064794298273e-05,"NS"
"111",3157316,-17378,201702,162,40,"ZZ-24",7,68580,2,NA,50.7,2,4,1,5,48,NA,NA,NA,NA,3.7639,NA,NA,NA,"ZZ-24","2017",3.92592591059714,3.87120101090789,0.000313334309429959,"NS"
"112",3157317,-17378,201702,162,40,"ZZ-24",7,68580,2,NA,43,2,4,1,5,30,NA,NA,NA,NA,3.7639,NA,NA,NA,"ZZ-24","2017",3.76120011569356,3.40119738166216,0.000945268619585836,"NS"
"118",3157885,-17382,201702,162,44,"ZZ-23",7,68580,2,NA,44.3,2,4,1,4,32,NA,NA,NA,NA,8.18659,NA,NA,NA,"ZZ-23","2017",3.79098467705109,3.46573590279973,0.000268930302333094,"NS"
"119",3157886,-17382,201702,162,44,"ZZ-23",7,68580,2,NA,55.8,2,4,1,4,62,NA,NA,NA,NA,8.18659,NA,NA,NA,"ZZ-23","2017",4.02177386938726,4.12713438504509,0.000207263751062195,"NS"
"120",3157887,-17382,201702,162,44,"ZZ-23",7,68580,2,NA,52.3,2,4,1,5,48,NA,NA,NA,NA,8.18659,NA,NA,NA,"ZZ-23","2017",3.95699637107088,3.87120101090789,0.000215585873540992,"NS"
"121",3157888,-17382,201702,162,44,"ZZ-23",7,68580,2,NA,51.1,2,4,1,5,46,NA,NA,NA,NA,8.18659,NA,NA,NA,"ZZ-23","2017",3.93378449720966,3.8286413964891,2.96237019514964e-05,"NS"
"122",3157889,-17382,201702,162,44,"ZZ-23",7,68580,2,NA,57.1,2,4,1,5,62,NA,NA,NA,NA,8.18659,NA,NA,NA,"ZZ-23","2017",4.04480411666196,4.12713438504509,0.00034051773389821,"NS"
"123",3157984,-17369,201702,162,39,"Y-25",7,68580,2,NA,51.2,2,4,1,5,46,NA,NA,NA,NA,1,NA,NA,NA,"Y-25","2017",3.93573953204546,3.8286413964891,5.57564340572949e-05,"NS"
"124",3157985,-17369,201702,162,39,"Y-25",7,68580,2,NA,56.1,2,4,1,5,60,NA,NA,NA,NA,1,NA,NA,NA,"Y-25","2017",4.02713581252865,4.0943445622221,7.20512570201484e-05,"NS"
"125",3157986,-17369,201702,162,39,"Y-25",7,68580,2,NA,55.1,2,4,1,5,56,NA,NA,NA,NA,1,NA,NA,NA,"Y-25","2017",4.00914971615887,4.02535169073515,0.000244425370264572,"NS"
"126",3157987,-17369,201702,162,39,"Y-25",7,68580,2,NA,52.6,2,4,1,5,50,NA,NA,NA,NA,1,NA,NA,NA,"Y-25","2017",3.96271611974366,3.91202300542815,3.20604558092429e-05,"NS"
"127",3157988,-17369,201702,162,39,"Y-25",7,68580,2,NA,58.1,2,4,1,4,70,NA,NA,NA,NA,1,NA,NA,NA,"Y-25","2017",4.06216566385787,4.24849524204936,0.000401339025171149,"NS"
"133",3159163,-17385,201702,162,47,"BB-22",7,68580,2,NA,47.4,2,4,1,5,36,NA,NA,NA,NA,8.42994,NA,NA,NA,"BB-22","2017",3.85862222870103,3.58351893845611,0.000305707774992142,"NS"
"146",3158528,-17396,201702,162,53,"DD-20",7,68580,2,NA,53.3,2,4,1,5,52,NA,NA,NA,NA,1.76603,NA,NA,NA,"DD-20","2017",3.9759363311718,3.95124371858143,2.91846763712811e-05,"NS"
"147",3158679,-17379,201702,162,41,"Y-24",7,68580,2,NA,49.8,2,4,1,5,44,NA,NA,NA,NA,16.52533,NA,NA,NA,"Y-24","2017",3.90801498403061,3.78418963391826,2.57933043830243e-05,"NS"
"148",3158680,-17379,201702,162,41,"Y-24",7,68580,2,NA,45.7,2,4,1,5,34,NA,NA,NA,NA,16.52533,NA,NA,NA,"Y-24","2017",3.82209829790016,3.52636052461616,2.12687395494459e-06,"NS"
"149",3158681,-17379,201702,162,41,"Y-24",7,68580,2,NA,55.9,2,4,1,5,60,NA,NA,NA,NA,16.52533,NA,NA,NA,"Y-24","2017",4.02356438016105,4.0943445622221,1.22186369669624e-05,"NS"
"150",3158682,-17379,201702,162,41,"Y-24",7,68580,2,NA,45.1,2,4,1,4,34,NA,NA,NA,NA,16.52533,NA,NA,NA,"Y-24","2017",3.80888224650863,3.52636052461616,0.00038432009141121,"NS"
"151",3158683,-17379,201702,162,41,"Y-24",7,68580,2,NA,46.8,2,4,1,4,36,NA,NA,NA,NA,16.52533,NA,NA,NA,"Y-24","2017",3.8458832029236,3.58351893845611,1.05634442541163e-05,"NS"
"191",3160664,-17400,201702,162,57,"FF-18",7,68580,2,NA,54.1,2,4,1,5,58,NA,NA,NA,NA,1,NA,NA,NA,"FF-18","2017",3.99083418585244,4.06044301054642,0.000481640659419878,"NS"
"192",3160665,-17400,201702,162,57,"FF-18",7,68580,2,NA,55.3,2,4,1,5,60,NA,NA,NA,NA,1,NA,NA,NA,"FF-18","2017",4.01277290852829,4.0943445622221,0.000114958399086832,"NS"
"193",3160167,-17399,201702,162,56,"EE-18",7,68580,2,NA,55,2,4,1,5,60,NA,NA,NA,NA,1,NA,NA,NA,"EE-18","2017",4.00733318523247,4.0943445622221,0.000303532626647769,"NS"
"217",3161227,-17416,201702,162,66,"CC-01",7,68580,2,NA,49.1,2,4,1,5,46,NA,NA,NA,NA,1,NA,NA,NA,"CC-01","2017",3.89385903480047,3.8286413964891,0.00128116089994538,"NS"
"223",3161381,-17412,201702,162,62,"FF-01",7,68580,2,NA,52.7,2,4,1,5,56,NA,NA,NA,NA,1,NA,NA,NA,"FF-01","2017",3.96461545554732,4.02535169073515,0.00125425576819309,"NS"
"231",3162301,-17421,201702,162,67,"CC-18",7,68580,2,NA,54.2,2,4,1,5,46,NA,NA,NA,NA,1,NA,NA,NA,"CC-18","2017",3.9926809084456,3.8286413964891,0.00597131411769624,"NS"
"245",3161988,-17423,201702,162,69,"BB-19",7,68580,2,NA,51.6,2,4,1,4,43,NA,NA,NA,NA,1,NA,NA,NA,"BB-19","2017",3.94352167248752,3.76120011569356,0.00160870749465452,"NS"
"246",3161989,-17423,201702,162,69,"BB-19",7,68580,2,NA,50.9,2,4,1,4,42,NA,NA,NA,NA,1,NA,NA,NA,"BB-19","2017",3.92986292355648,3.73766961828337,0.00114145983189867,"NS"
"263",3162848,-17425,201702,162,71,"AA-18",7,68580,2,NA,50.2,2,4,1,4,48,NA,NA,NA,NA,4.2571,NA,NA,NA,"AA-18","2017",3.91601502669768,3.87120101090789,0.000768111393701738,"NS"
"316",3164606,-17064,201702,162,3,"W-25",7,68580,2,NA,52,2,4,1,5,50,NA,NA,NA,NA,4.02564,NA,NA,NA,"W-25","2017",3.95124371858143,3.91202300542815,4.39666086977488e-05,"NS"
"317",3164607,-17064,201702,162,3,"W-25",7,68580,2,NA,48.5,2,4,1,5,40,NA,NA,NA,NA,4.02564,NA,NA,NA,"W-25","2017",3.88156379794344,3.68887945411394,3.42542659606991e-06,"NS"
"318",3164608,-17064,201702,162,3,"W-25",7,68580,2,NA,48.6,2,4,1,5,38,NA,NA,NA,NA,4.02564,NA,NA,NA,"W-25","2017",3.88362353090645,3.63758615972639,0.000521117706358915,"NS"
"319",3164609,-17064,201702,162,3,"W-25",7,68580,2,NA,54.6,2,4,1,5,58,NA,NA,NA,NA,4.02564,NA,NA,NA,"W-25","2017",4.00003388275086,4.06044301054642,0.000128685519029325,"NS"
"320",3164610,-17064,201702,162,3,"W-25",7,68580,2,NA,50.2,2,4,1,5,44,NA,NA,NA,NA,4.02564,NA,NA,NA,"W-25","2017",3.91601502669768,3.78418963391826,9.36506684018309e-06,"NS"
"321",3164611,-17064,201702,162,3,"W-25",7,68580,2,NA,49.4,2,4,1,5,42,NA,NA,NA,NA,4.02564,NA,NA,NA,"W-25","2017",3.89995042419388,3.73766961828337,1.04122083439883e-05,"NS"
"322",3165297,-17063,201702,162,2,"W-26",7,68580,2,NA,45.2,2,4,1,5,36,NA,NA,NA,NA,1,NA,NA,NA,"W-26","2017",3.81109708683819,3.58351893845611,0.0018816615928176,"NS"
"323",3165298,-17063,201702,162,2,"W-26",7,68580,2,NA,50,2,4,1,5,46,NA,NA,NA,NA,1,NA,NA,NA,"W-26","2017",3.91202300542815,3.8286413964891,0.000279849795967755,"NS"
"324",3165299,-17063,201702,162,2,"W-26",7,68580,2,NA,56.6,2,4,1,5,64,NA,NA,NA,NA,1,NA,NA,NA,"W-26","2017",4.03600898520914,4.15888308335967,0.000114804324403421,"NS"
"325",3165300,-17063,201702,162,2,"W-26",7,68580,2,NA,47.9,2,4,1,5,40,NA,NA,NA,NA,1,NA,NA,NA,"W-26","2017",3.86911550441687,3.68887945411394,0.000136656904164185,"NS"
"326",3165301,-17063,201702,162,2,"W-26",7,68580,2,NA,48.6,2,4,1,5,42,NA,NA,NA,NA,1,NA,NA,NA,"W-26","2017",3.88362353090645,3.73766961828337,0.000192796639850276,"NS"
"337",3169116,-17074,201702,94,9,"T-22",7,68580,2,NA,50.8,2,4,1,5,45,NA,NA,NA,NA,1,NA,NA,NA,"T-22","2017",3.92789635458444,3.80666248977032,5.20164224322548e-05,"NS"
"338",3169117,-17074,201702,94,9,"T-22",7,68580,2,NA,45,2,4,1,5,35,NA,NA,NA,NA,1,NA,NA,NA,"T-22","2017",3.80666248977032,3.55534806148941,0.00135228442214236,"NS"
"339",3169118,-17074,201702,94,9,"T-22",7,68580,2,NA,39,2,4,1,5,20,NA,NA,NA,NA,1,NA,NA,NA,"T-22","2017",3.66356164612965,2.99573227355399,0.00360377535524507,"NS"
"340",3169119,-17074,201702,94,9,"T-22",7,68580,2,NA,54.2,2,4,1,5,50,NA,NA,NA,NA,1,NA,NA,NA,"T-22","2017",3.9926809084456,3.91202300542815,0.00179165676694619,"NS"
"341",3169120,-17074,201702,94,9,"T-22",7,68580,2,NA,38.4,2,4,1,5,20,NA,NA,NA,NA,1,NA,NA,NA,"T-22","2017",3.64805745959368,2.99573227355399,0.000582626482071729,"NS"
"342",3169121,-17074,201702,94,9,"T-22",7,68580,2,NA,53.8,2,4,1,5,55,NA,NA,NA,NA,1,NA,NA,NA,"T-22","2017",3.98527346716774,4.00733318523247,4.04102085289591e-05,"NS"
"343",3169172,-17075,201702,94,10,"U-21",7,68580,2,NA,44.8,2,4,1,5,35,NA,NA,NA,NA,1,NA,NA,NA,"U-21","2017",3.80220813942094,3.55534806148941,0.00191199376880915,"NS"
"344",3169173,-17075,201702,94,10,"U-21",7,68580,2,NA,52.5,2,4,1,5,50,NA,NA,NA,NA,1,NA,NA,NA,"U-21","2017",3.96081316959758,3.91202300542815,1.27592545116218e-05,"NS"
"345",3169174,-17075,201702,94,10,"U-21",7,68580,2,NA,48.2,2,4,1,4,35,NA,NA,NA,NA,1,NA,NA,NA,"U-21","2017",3.87535902105655,3.55534806148941,0.00203940913756339,"NS"
"346",3169175,-17075,201702,94,10,"U-21",7,68580,2,NA,50,2,4,1,4,45,NA,NA,NA,NA,1,NA,NA,NA,"U-21","2017",3.91202300542815,3.80666248977032,8.00928905340967e-05,"NS"
"347",3169176,-17075,201702,94,10,"U-21",7,68580,2,NA,57,2,4,1,4,65,NA,NA,NA,NA,1,NA,NA,NA,"U-21","2017",4.04305126783455,4.17438726989564,7.40558089623331e-05,"NS"
"369",3166669,-17066,201702,94,1,"V-24",7,68580,2,NA,50.1,2,4,1,5,45,NA,NA,NA,NA,3.45523,NA,NA,NA,"V-24","2017",3.91402100809082,3.80666248977032,4.78188694647952e-05,"NS"
"370",3166670,-17066,201702,94,1,"V-24",7,68580,2,NA,41.3,2,4,1,5,25,NA,NA,NA,NA,3.45523,NA,NA,NA,"V-24","2017",3.72086249996699,3.2188758248682,8.44533337280599e-05,"NS"
"371",3166671,-17066,201702,94,1,"V-24",7,68580,2,NA,42.7,2,4,1,4,25,NA,NA,NA,NA,3.45523,NA,NA,NA,"V-24","2017",3.75419892023458,3.2188758248682,0.00425650417223805,"NS"
"372",3166672,-17066,201702,94,1,"V-24",7,68580,2,NA,47.2,2,4,1,4,40,NA,NA,NA,NA,3.45523,NA,NA,NA,"V-24","2017",3.85439389259151,3.68887945411394,0.000846545289479828,"NS"
"373",3166673,-17066,201702,94,1,"V-24",7,68580,2,NA,47,2,4,1,4,35,NA,NA,NA,NA,3.45523,NA,NA,NA,"V-24","2017",3.85014760171006,3.55534806148941,0.000382145891436042,"NS"
"380",3169444,-17078,201702,94,13,"R-21",7,68580,2,NA,48.5,2,4,1,4,45,NA,NA,NA,NA,3.50445,NA,NA,NA,"R-21","2017",3.88156379794344,3.80666248977032,0.00172644763570929,"NS"
"381",3169445,-17078,201702,94,13,"R-21",7,68580,2,NA,51,2,4,1,4,55,NA,NA,NA,NA,3.50445,NA,NA,NA,"R-21","2017",3.93182563272433,4.00733318523247,0.00363435132050577,"NS"
"382",3169446,-17078,201702,94,13,"R-21",7,68580,2,NA,48.6,2,4,1,3,40,NA,NA,NA,NA,3.50445,NA,NA,NA,"R-21","2017",3.88362353090645,3.68887945411394,1.60988269163771e-05,"NS"
"383",3169447,-17078,201702,94,13,"R-21",7,68580,2,NA,55.1,2,4,1,3,55,NA,NA,NA,NA,3.50445,NA,NA,NA,"R-21","2017",4.00914971615887,4.00733318523247,0.000561288959480357,"NS"
"384",3169449,-17078,201702,94,13,"R-21",7,68580,2,NA,53.1,2,4,1,2,50,NA,NA,NA,NA,3.50445,NA,NA,NA,"R-21","2017",3.97217692824789,3.91202300542815,0.000269631186856406,"NS"
"385",3169450,-17078,201702,94,13,"R-21",7,68580,2,NA,55.4,2,4,1,2,55,NA,NA,NA,NA,3.50445,NA,NA,NA,"R-21","2017",4.01457959375324,4.00733318523247,0.000982958638169505,"NS"
"390",3166832,-17070,201702,94,5,"U-23",7,68580,2,NA,49.1,2,4,1,4,42,NA,NA,NA,NA,1.57745,NA,NA,NA,"U-23","2017",3.89385903480047,3.73766961828337,9.26859641910669e-06,"NS"
"391",3166833,-17070,201702,94,5,"U-23",7,68580,2,NA,37.6,2,4,1,4,18,NA,NA,NA,NA,1.57745,NA,NA,NA,"U-23","2017",3.62700405039585,2.89037175789616,0.00458810818409894,"NS"
"393",3166835,-17070,201702,94,5,"U-23",7,68580,2,NA,53.7,2,4,1,3,56,NA,NA,NA,NA,1.57745,NA,NA,NA,"U-23","2017",3.98341300151482,4.02535169073515,0.000248930768137099,"NS"
"414",3165726,-17084,201702,162,7,"W-21",7,68580,2,NA,55,2,4,1,5,62,NA,NA,NA,NA,9.46221,NA,NA,NA,"W-21","2017",4.00733318523247,4.12713438504509,0.00102257111693747,"NS"
"415",3165727,-17084,201702,162,7,"W-21",7,68580,2,NA,49.6,2,4,1,5,48,NA,NA,NA,NA,9.46221,NA,NA,NA,"W-21","2017",3.90399083373088,3.87120101090789,0.0016118410071824,"NS"
"435",3165776,-17086,201702,162,9,"U-20",7,68580,2,NA,57.6,2,4,1,5,70,NA,NA,NA,NA,1,NA,NA,NA,"U-20","2017",4.05352256770185,4.24849524204936,0.00106806404865378,"NS"
"436",3165777,-17086,201702,162,9,"U-20",7,68580,2,NA,51.6,2,4,1,5,46,NA,NA,NA,NA,1,NA,NA,NA,"U-20","2017",3.94352167248752,3.8286413964891,0.000245225389997673,"NS"
"437",3165778,-17086,201702,162,9,"U-20",7,68580,2,NA,65,2,4,1,5,94,NA,NA,NA,NA,1,NA,NA,NA,"U-20","2017",4.17438726989564,4.54329478227,5.0954128637682e-05,"NS"
"438",3165779,-17086,201702,162,9,"U-20",7,68580,2,NA,56.4,2,4,1,5,64,NA,NA,NA,NA,1,NA,NA,NA,"U-20","2017",4.03246915850401,4.15888308335967,0.000242233186700393,"NS"
"439",3165780,-17086,201702,162,9,"U-20",7,68580,2,NA,55.9,2,4,1,5,60,NA,NA,NA,NA,1,NA,NA,NA,"U-20","2017",4.02356438016105,4.0943445622221,1.22186369669624e-05,"NS"
"440",3168431,-17069,201702,94,4,"T-23",7,68580,2,NA,50.7,2,4,1,5,45,NA,NA,NA,NA,2.04068,NA,NA,NA,"T-23","2017",3.92592591059714,3.80666248977032,2.69832286240775e-05,"NS"
"441",3168432,-17069,201702,94,4,"T-23",7,68580,2,NA,43.6,2,4,1,5,30,NA,NA,NA,NA,2.04068,NA,NA,NA,"T-23","2017",3.77505715035499,3.40119738166216,5.21429085126872e-05,"NS"
"442",3168433,-17069,201702,94,4,"T-23",7,68580,2,NA,43.5,2,4,1,5,30,NA,NA,NA,NA,2.04068,NA,NA,NA,"T-23","2017",3.77276093809464,3.40119738166216,0.000119692970933055,"NS"
"443",3168434,-17069,201702,94,4,"T-23",7,68580,2,NA,47.8,2,4,1,5,40,NA,NA,NA,NA,2.04068,NA,NA,NA,"T-23","2017",3.86702563949741,3.68887945411394,0.000197642822376598,"NS"
"444",3168435,-17069,201702,94,4,"T-23",7,68580,2,NA,42.4,2,4,1,5,30,NA,NA,NA,NA,2.04068,NA,NA,NA,"T-23","2017",3.74714836223791,3.40119738166216,0.00328611541227278,"NS"
"460",3168565,-17071,201702,94,6,"V-23",7,68580,2,NA,45.7,2,4,1,5,30,NA,NA,NA,NA,1,NA,NA,NA,"V-23","2017",3.82209829790016,3.40119738166216,0.00301911618137018,"NS"
"461",3168566,-17071,201702,94,6,"V-23",7,68580,2,NA,40.1,2,4,1,5,25,NA,NA,NA,NA,1,NA,NA,NA,"V-23","2017",3.69137633431252,3.2188758248682,0.00290515244847916,"NS"
"462",3168567,-17071,201702,94,6,"V-23",7,68580,2,NA,50.4,2,4,1,5,45,NA,NA,NA,NA,1,NA,NA,NA,"V-23","2017",3.91999117507732,3.80666248977032,7.22036986718224e-07,"NS"
"463",3168568,-17071,201702,94,6,"V-23",7,68580,2,NA,46.8,2,4,1,5,40,NA,NA,NA,NA,1,NA,NA,NA,"V-23","2017",3.8458832029236,3.68887945411394,0.00160208784225609,"NS"
"464",3168569,-17071,201702,94,6,"V-23",7,68580,2,NA,51.3,2,4,1,5,50,NA,NA,NA,NA,1,NA,NA,NA,"V-23","2017",3.93769075217672,3.91202300542815,0.000418041153042741,"NS"
"465",3167568,-17068,201702,94,3,"T-24",7,68580,2,NA,49,2,4,1,5,40,NA,NA,NA,NA,3.64614,NA,NA,NA,"T-24","2017",3.89182029811063,3.68887945411394,0.000155054878779962,"NS"
"467",3167570,-17068,201702,94,3,"T-24",7,68580,2,NA,40.9,2,4,1,5,25,NA,NA,NA,NA,3.64614,NA,NA,NA,"T-24","2017",3.71113006304876,3.2188758248682,0.000103705274031665,"NS"
"468",3167571,-17068,201702,94,3,"T-24",7,68580,2,NA,47.6,2,4,1,5,45,NA,NA,NA,NA,3.64614,NA,NA,NA,"T-24","2017",3.86283276123737,3.80666248977032,0.00416899614090414,"NS"
"469",3167572,-17068,201702,94,3,"T-24",7,68580,2,NA,48.6,2,4,1,5,40,NA,NA,NA,NA,3.64614,NA,NA,NA,"T-24","2017",3.88362353090645,3.68887945411394,1.60988269163771e-05,"NS"
"480",3168750,-17077,201702,94,12,"S-21",7,68580,2,NA,46,2,4,1,4,38,NA,NA,NA,NA,4.73328,NA,NA,NA,"S-21","2017",3.8286413964891,3.63758615972639,0.00176316373014349,"NS"
"481",3168751,-17077,201702,94,12,"S-21",7,68580,2,NA,52,2,4,1,4,54,NA,NA,NA,NA,4.73328,NA,NA,NA,"S-21","2017",3.95124371858143,3.98898404656427,0.00122275027876785,"NS"
"482",3168752,-17077,201702,94,12,"S-21",7,68580,2,NA,38.1,2,4,1,4,20,NA,NA,NA,NA,4.73328,NA,NA,NA,"S-21","2017",3.64021428213266,2.99573227355399,2.04852860951194e-05,"NS"
"483",3168753,-17077,201702,94,12,"S-21",7,68580,2,NA,56,2,4,1,4,64,NA,NA,NA,NA,4.73328,NA,NA,NA,"S-21","2017",4.02535169073515,4.15888308335967,0.000618970541339742,"NS"
"484",3168754,-17077,201702,94,12,"S-21",7,68580,2,NA,50.2,2,4,1,4,42,NA,NA,NA,NA,4.73328,NA,NA,NA,"S-21","2017",3.91601502669768,3.73766961828337,0.000380792624150257,"NS"
"492",3167814,-17067,201702,94,2,"U-24",7,68580,2,NA,49.5,2,4,1,4,40,NA,NA,NA,NA,1.81845,NA,NA,NA,"U-24","2017",3.90197266957464,3.68887945411394,0.000514076475916373,"NS"
"493",3167815,-17067,201702,94,2,"U-24",7,68580,2,NA,49.3,2,4,1,4,40,NA,NA,NA,NA,1.81845,NA,NA,NA,"U-24","2017",3.89792408104864,3.68887945411394,0.0003465531503012,"NS"
"494",3167816,-17067,201702,94,2,"U-24",7,68580,2,NA,40.3,2,4,1,4,25,NA,NA,NA,NA,1.81845,NA,NA,NA,"U-24","2017",3.69635146895264,3.2188758248682,0.00179147462997161,"NS"
"496",3167818,-17067,201702,94,2,"U-24",7,68580,2,NA,46.9,2,4,1,4,35,NA,NA,NA,NA,1.81845,NA,NA,NA,"U-24","2017",3.84801767545223,3.55534806148941,0.000296012511209349,"NS"
"503",3168845,-17076,201702,94,11,"T-21",7,68580,2,NA,43,2,4,1,5,30,NA,NA,NA,NA,5.87447,NA,NA,NA,"T-21","2017",3.76120011569356,3.40119738166216,0.000945268619585836,"NS"
"504",3168846,-17076,201702,94,11,"T-21",7,68580,2,NA,50.1,2,4,1,5,45,NA,NA,NA,NA,5.87447,NA,NA,NA,"T-21","2017",3.91402100809082,3.80666248977032,4.78188694647952e-05,"NS"
"506",3168848,-17076,201702,94,11,"T-21",7,68580,2,NA,54,2,4,1,5,55,NA,NA,NA,NA,5.87447,NA,NA,NA,"T-21","2017",3.98898404656427,4.00733318523247,4.15759626637318e-06,"NS"
"507",3168849,-17076,201702,94,11,"T-21",7,68580,2,NA,44.7,2,4,1,4,30,NA,NA,NA,NA,5.87447,NA,NA,NA,"T-21","2017",3.79997350161952,3.40119738166216,0.000831984188578123,"NS"
"509",3167892,-17073,201702,94,8,"U-22",7,68580,2,NA,63.9,2,4,1,5,90,NA,NA,NA,NA,1,NA,NA,NA,"U-22","2017",4.15731936138349,4.49980967033027,0.000124655489110923,"NS"
"510",3167893,-17073,201702,94,8,"U-22",7,68580,2,NA,49,2,4,1,5,40,NA,NA,NA,NA,1,NA,NA,NA,"U-22","2017",3.89182029811063,3.68887945411394,0.000155054878779962,"NS"
"511",3167894,-17073,201702,94,8,"U-22",7,68580,2,NA,41.1,2,4,1,5,25,NA,NA,NA,NA,1,NA,NA,NA,"U-22","2017",3.71600812150219,3.2188758248682,8.86009386976776e-08,"NS"
"512",3167895,-17073,201702,94,8,"U-22",7,68580,2,NA,44.2,2,4,1,5,30,NA,NA,NA,NA,1,NA,NA,NA,"U-22","2017",3.78872478908365,3.40119738166216,0.000182467006724301,"NS"
"513",3167896,-17073,201702,94,8,"U-22",7,68580,2,NA,55.9,2,4,1,5,60,NA,NA,NA,NA,1,NA,NA,NA,"U-22","2017",4.02356438016105,4.0943445622221,1.22186369669624e-05,"NS"
"520",3168034,-17072,201702,94,7,"V-22",7,68580,2,NA,50.1,2,4,1,5,45,NA,NA,NA,NA,1,NA,NA,NA,"V-22","2017",3.91402100809082,3.80666248977032,4.78188694647952e-05,"NS"
"521",3168035,-17072,201702,94,7,"V-22",7,68580,2,NA,50.6,2,4,1,5,45,NA,NA,NA,NA,1,NA,NA,NA,"V-22","2017",3.92395157629342,3.80666248977032,1.01084590597243e-05,"NS"
"522",3168036,-17072,201702,94,7,"V-22",7,68580,2,NA,60.1,2,4,1,5,75,NA,NA,NA,NA,1,NA,NA,NA,"V-22","2017",4.09600984154116,4.31748811353631,2.43501716413918e-05,"NS"
"523",3168043,-17072,201702,94,7,"V-22",7,68580,2,NA,39.5,2,4,1,4,20,NA,NA,NA,NA,1,NA,NA,NA,"V-22","2017",3.67630067190708,2.99573227355399,0.00751956601589676,"NS"
"524",3168044,-17072,201702,94,7,"V-22",7,68580,2,NA,33.9,2,4,1,3,15,NA,NA,NA,NA,1,NA,NA,NA,"V-22","2017",3.5234150143864,2.70805020110221,0.00279770067406221,"NS"
"547",3343423,-19487,201902,162,3,"W-25",7,68580,2,NA,52.8,2,4,1,5,46,NA,NA,NA,NA,1,NA,NA,NA,"W-25","2019",3.96651119071222,3.8286413964891,0.00175164990227702,"NS"
"548",3343424,-19487,201902,162,3,"W-25",7,68580,2,NA,48.1,2,4,1,5,36,NA,NA,NA,NA,1,NA,NA,NA,"W-25","2019",3.87328217711172,3.58351893845611,0.00106071108595877,"NS"
"549",3343425,-19487,201902,162,3,"W-25",7,68580,2,NA,52.2,2,4,1,5,46,NA,NA,NA,NA,1,NA,NA,NA,"W-25","2019",3.95508249488859,3.8286413964891,0.000805577929317248,"NS"
"550",3343426,-19487,201902,162,3,"W-25",7,68580,2,NA,50.5,2,4,1,5,40,NA,NA,NA,NA,1,NA,NA,NA,"W-25","2019",3.92197333628131,3.68887945411394,0.00183746406294137,"NS"
"551",3343427,-19487,201902,162,3,"W-25",7,68580,2,NA,58.8,2,4,1,5,64,NA,NA,NA,NA,1,NA,NA,NA,"W-25","2019",4.07414185490458,4.15888308335967,0.00266111731768528,"NS"
"557",3343783,-19491,201902,162,7,"V-22",7,68580,2,NA,67,2,4,1,4,100,NA,NA,NA,NA,1,NA,NA,NA,"V-22","2019",4.20469261939097,4.60517018598809,0.000242084578744845,"NS"
"563",3343616,-19488,201902,162,4,"W-24",7,68580,2,NA,48.6,2,4,1,5,32,NA,NA,NA,NA,1,NA,NA,NA,"W-24","2019",3.88362353090645,3.46573590279973,0.00737314031546699,"NS"
"564",3343617,-19488,201902,162,4,"W-24",7,68580,2,NA,65.8,2,4,1,5,88,NA,NA,NA,NA,1,NA,NA,NA,"W-24","2019",4.18661983833127,4.47733681447821,0.00664484606435869,"NS"
"565",3343618,-19488,201902,162,4,"W-24",7,68580,2,NA,47.8,2,4,1,5,38,NA,NA,NA,NA,1,NA,NA,NA,"W-24","2019",3.86702563949741,3.63758615972639,3.10762820181058e-05,"NS"
"566",3343619,-19488,201902,162,4,"W-24",7,68580,2,NA,53.4,2,4,1,5,50,NA,NA,NA,NA,1,NA,NA,NA,"W-24","2019",3.97781074596615,3.91202300542815,0.000536167766723936,"NS"
"567",3343620,-19488,201902,162,4,"W-24",7,68580,2,NA,44.7,2,4,1,5,30,NA,NA,NA,NA,1,NA,NA,NA,"W-24","2019",3.79997350161952,3.40119738166216,0.000831984188578123,"NS"
"568",3343640,-19485,201902,162,1,"W-27",7,68580,2,NA,55.8,2,4,1,5,60,NA,NA,NA,NA,3.4215,NA,NA,NA,"W-27","2019",4.02177386938726,4.0943445622221,1.09741326409113e-06,"NS"
"569",3343641,-19485,201902,162,1,"W-27",7,68580,2,NA,65.1,2,4,1,5,94,NA,NA,NA,NA,3.4215,NA,NA,NA,"W-27","2019",4.17592454921452,4.54329478227,1.17017971623328e-05,"NS"
"570",3343642,-19485,201902,162,1,"W-27",7,68580,2,NA,56.1,2,4,1,5,60,NA,NA,NA,NA,3.4215,NA,NA,NA,"W-27","2019",4.02713581252865,4.0943445622221,7.20512570201484e-05,"NS"
"571",3343643,-19485,201902,162,1,"W-27",7,68580,2,NA,65.9,2,4,1,5,92,NA,NA,NA,NA,3.4215,NA,NA,NA,"W-27","2019",4.18813844150846,4.52178857704904,0.00215907886159779,"NS"
"572",3343644,-19485,201902,162,1,"W-27",7,68580,2,NA,58.7,2,4,1,5,72,NA,NA,NA,NA,3.4215,NA,NA,NA,"W-27","2019",4.07243972683405,4.27666611901606,0.000404786846488674,"NS"
"590",3353112,-19498,201902,94,3,"T-24",7,68580,2,NA,59.2,2,4,1,5,70,NA,NA,NA,NA,18.46626,NA,NA,NA,"T-24","2019",4.08092154188996,4.24849524204936,0.000116589026479574,"NS"
"591",3353113,-19498,201902,94,3,"T-24",7,68580,2,NA,51.8,2,4,1,5,52,NA,NA,NA,NA,18.46626,NA,NA,NA,"T-24","2019",3.94739014926544,3.95124371858143,0.000622092560595314,"NS"
"592",3353114,-19498,201902,94,3,"T-24",7,68580,2,NA,51.8,2,4,1,5,50,NA,NA,NA,NA,18.46626,NA,NA,NA,"T-24","2019",3.94739014926544,3.91202300542815,0.000112749710253257,"NS"
"593",3353115,-19498,201902,94,3,"T-24",7,68580,2,NA,56.4,2,4,1,5,58,NA,NA,NA,NA,18.46626,NA,NA,NA,"T-24","2019",4.03246915850401,4.06044301054642,0.00108388029393898,"NS"
"594",3353116,-19498,201902,94,3,"T-24",7,68580,2,NA,50.7,2,4,1,5,44,NA,NA,NA,NA,18.46626,NA,NA,NA,"T-24","2019",3.92592591059714,3.78418963391826,0.000173371073464894,"NS"
"595",3351629,-19840,201902,162,75,"R-21",7,68580,2,NA,48,2,4,1,5,44,NA,NA,NA,NA,1.77969,NA,NA,NA,"R-21","2019",3.87120101090789,3.78418963391826,0.00206155267594411,"NS"
"596",3351630,-19840,201902,162,75,"R-21",7,68580,2,NA,51.3,2,4,1,5,54,NA,NA,NA,NA,1.77969,NA,NA,NA,"R-21","2019",3.93769075217672,3.98898404656427,0.00231223112157279,"NS"
"597",3351631,-19840,201902,162,75,"R-21",7,68580,2,NA,54.3,2,4,1,5,56,NA,NA,NA,NA,1.77969,NA,NA,NA,"R-21","2019",3.99452422693989,4.02535169073515,8.8306543861936e-06,"NS"
"598",3351632,-19840,201902,162,75,"R-21",7,68580,2,NA,51,2,4,1,5,48,NA,NA,NA,NA,1.77969,NA,NA,NA,"R-21","2019",3.93182563272433,3.87120101090789,0.000138039524195138,"NS"
"599",3351633,-19840,201902,162,75,"R-21",7,68580,2,NA,49.2,2,4,1,5,48,NA,NA,NA,NA,1.77969,NA,NA,NA,"R-21","2019",3.89589362349826,3.87120101090789,0.00238779657571794,"NS"
"605",3354430,-19503,201902,94,8,"T-21",7,68580,2,NA,47.1,2,4,1,5,38,NA,NA,NA,NA,12.47367,NA,NA,NA,"T-21","2019",3.85227300102237,3.63758615972639,0.000124594176120786,"NS"
"606",3354431,-19503,201902,94,8,"T-21",7,68580,2,NA,58.9,2,4,1,5,72,NA,NA,NA,NA,12.47367,NA,NA,NA,"T-21","2019",4.07584109065754,4.27666611901606,0.00021428725584979,"NS"
"607",3354432,-19503,201902,94,8,"T-21",7,68580,2,NA,49.9,2,4,1,5,44,NA,NA,NA,NA,12.47367,NA,NA,NA,"T-21","2019",3.91002100275747,3.78418963391826,9.19739089100655e-06,"NS"
"608",3354433,-19503,201902,94,8,"T-21",7,68580,2,NA,54.6,2,4,1,5,56,NA,NA,NA,NA,12.47367,NA,NA,NA,"T-21","2019",4.00003388275086,4.02535169073515,1.43398223552349e-05,"NS"
"609",3354434,-19503,201902,94,8,"T-21",7,68580,2,NA,46.9,2,4,1,5,40,NA,NA,NA,NA,12.47367,NA,NA,NA,"T-21","2019",3.84801767545223,3.68887945411394,0.00138520723995134,"NS"
"610",3351465,-19835,201902,162,74,"S-21",7,68580,2,NA,56.6,2,4,1,5,66,NA,NA,NA,NA,2.76066,NA,NA,NA,"S-21","2019",4.03600898520914,4.18965474202643,0.000681105343513143,"NS"
"611",3351466,-19835,201902,162,74,"S-21",7,68580,2,NA,56,2,4,1,5,60,NA,NA,NA,NA,2.76066,NA,NA,NA,"S-21","2019",4.02535169073515,4.0943445622221,3.57084100752966e-05,"NS"
"612",3351467,-19835,201902,162,74,"S-21",7,68580,2,NA,51.2,2,4,1,5,50,NA,NA,NA,NA,2.76066,NA,NA,NA,"S-21","2019",3.93573953204546,3.91202300542815,0.000501707066282681,"NS"
"613",3351468,-19835,201902,162,74,"S-21",7,68580,2,NA,46.3,2,4,1,5,36,NA,NA,NA,NA,2.76066,NA,NA,NA,"S-21","2019",3.83514196109219,3.58351893845611,9.62581236817581e-05,"NS"
"614",3351469,-19835,201902,162,74,"S-21",7,68580,2,NA,54.6,2,4,1,5,56,NA,NA,NA,NA,2.76066,NA,NA,NA,"S-21","2019",4.00003388275086,4.02535169073515,1.43398223552349e-05,"NS"
"625",3353043,-19497,201902,94,2,"U-24",7,68580,2,NA,52,2,4,1,4,50,NA,NA,NA,NA,18.67004,NA,NA,NA,"U-24","2019",3.95124371858143,3.91202300542815,4.39666086977488e-05,"NS"
"626",3353044,-19497,201902,94,2,"U-24",7,68580,2,NA,50.8,2,4,1,5,48,NA,NA,NA,NA,18.67004,NA,NA,NA,"U-24","2019",3.92789635458444,3.87120101090789,0.000246986849920176,"NS"
"627",3353045,-19497,201902,94,2,"U-24",7,68580,2,NA,56.3,2,4,1,5,60,NA,NA,NA,NA,18.67004,NA,NA,NA,"U-24","2019",4.03069453514564,4.0943445622221,0.000185295904394643,"NS"
"628",3353046,-19497,201902,94,2,"U-24",7,68580,2,NA,52.6,2,4,1,5,46,NA,NA,NA,NA,18.67004,NA,NA,NA,"U-24","2019",3.96271611974366,3.8286413964891,0.00138874034453514,"NS"
"629",3353047,-19497,201902,94,2,"U-24",7,68580,2,NA,50.8,2,4,1,5,50,NA,NA,NA,NA,18.67004,NA,NA,NA,"U-24","2019",3.92789635458444,3.91202300542815,0.00091314572735996,"NS"
"642",3350871,-19802,201902,162,54,"X-24",7,68580,2,NA,48.2,2,4,1,5,36,NA,NA,NA,NA,1,NA,NA,NA,"X-24","2019",3.87535902105655,3.58351893845611,0.00119873377882584,"NS"
"643",3350872,-19802,201902,162,54,"X-24",7,68580,2,NA,50.6,2,4,1,5,44,NA,NA,NA,NA,1,NA,NA,NA,"X-24","2019",3.92395157629342,3.78418963391826,0.000124161242106252,"NS"
"644",3350873,-19802,201902,162,54,"X-24",7,68580,2,NA,49.6,2,4,1,5,42,NA,NA,NA,NA,1,NA,NA,NA,"X-24","2019",3.90399083373088,3.73766961828337,5.38808602395939e-05,"NS"
"645",3350874,-19802,201902,162,54,"X-24",7,68580,2,NA,53.4,2,4,1,5,50,NA,NA,NA,NA,1,NA,NA,NA,"X-24","2019",3.97781074596615,3.91202300542815,0.000536167766723936,"NS"
"646",3350875,-19802,201902,162,54,"X-24",7,68580,2,NA,47,2,4,1,5,36,NA,NA,NA,NA,1,NA,NA,NA,"X-24","2019",3.85014760171006,3.58351893845611,6.64893946939036e-05,"NS"
"647",3350900,-19803,201902,162,55,"X-23",7,68580,2,NA,53.8,2,4,1,5,56,NA,NA,NA,NA,1,NA,NA,NA,"X-23","2019",3.98527346716774,4.02535169073515,0.000187809926463639,"NS"
"648",3350901,-19803,201902,162,55,"X-23",7,68580,2,NA,55.3,2,4,1,5,66,NA,NA,NA,NA,1,NA,NA,NA,"X-23","2019",4.01277290852829,4.18965474202643,0.00291340690299778,"NS"
"651",3350144,-19791,201902,162,52,"X-26",7,68580,2,NA,47.8,2,4,1,5,40,NA,NA,NA,NA,4.70342,NA,NA,NA,"X-26","2019",3.86702563949741,3.68887945411394,0.000197642822376598,"NS"
"652",3350145,-19791,201902,162,52,"X-26",7,68580,2,NA,50.3,2,4,1,5,50,NA,NA,NA,NA,4.70342,NA,NA,NA,"X-26","2019",3.91800507710569,3.91202300542815,0.00161075130189946,"NS"
"653",3350146,-19791,201902,162,52,"X-26",7,68580,2,NA,49.7,2,4,1,5,46,NA,NA,NA,NA,4.70342,NA,NA,NA,"X-26","2019",3.90600493310258,3.8286413964891,0.00052524254736431,"NS"
"654",3350147,-19791,201902,162,52,"X-26",7,68580,2,NA,51.1,2,4,1,5,48,NA,NA,NA,NA,4.70342,NA,NA,NA,"X-26","2019",3.93378449720966,3.87120101090789,9.53450288119589e-05,"NS"
"655",3350148,-19791,201902,162,52,"X-26",7,68580,2,NA,54.3,2,4,1,5,56,NA,NA,NA,NA,4.70342,NA,NA,NA,"X-26","2019",3.99452422693989,4.02535169073515,8.8306543861936e-06,"NS"
"666",3353976,-19504,201902,94,9,"U-21",7,68580,2,NA,43.5,2,4,1,5,28,NA,NA,NA,NA,8.9323,NA,NA,NA,"U-21","2019",3.77276093809464,3.3322045101752,0.000742605399432342,"NS"
"667",3353977,-19504,201902,94,9,"U-21",7,68580,2,NA,50.1,2,4,1,5,48,NA,NA,NA,NA,8.9323,NA,NA,NA,"U-21","2019",3.91402100809082,3.87120101090789,0.000884865898390144,"NS"
"668",3353978,-19504,201902,94,9,"U-21",7,68580,2,NA,48.1,2,4,1,5,40,NA,NA,NA,NA,8.9323,NA,NA,NA,"U-21","2019",3.87328217711172,3.68887945411394,4.97834776069532e-05,"NS"
"669",3353979,-19504,201902,94,9,"U-21",7,68580,2,NA,45.7,2,4,1,5,32,NA,NA,NA,NA,8.9323,NA,NA,NA,"U-21","2019",3.82209829790016,3.46573590279973,0.000668850865044867,"NS"
"670",3353980,-19504,201902,94,9,"U-21",7,68580,2,NA,58.3,2,4,1,5,68,NA,NA,NA,NA,8.9323,NA,NA,NA,"U-21","2019",4.06560209335645,4.21950770517611,2.74688450199075e-06,"NS"
"671",3350200,-19847,201902,162,42,"AA-23",7,68580,2,NA,52.5,2,4,1,5,52,NA,NA,NA,NA,5.37005,NA,NA,NA,"AA-23","2019",3.96081316959758,3.95124371858143,0.000125792548219998,"NS"
"672",3350201,-19847,201902,162,42,"AA-23",7,68580,2,NA,54.4,2,4,1,5,62,NA,NA,NA,NA,5.37005,NA,NA,NA,"AA-23","2019",3.9963641538619,4.12713438504509,0.00193693297778593,"NS"
"673",3350202,-19847,201902,162,42,"AA-23",7,68580,2,NA,50.3,2,4,1,5,44,NA,NA,NA,NA,5.37005,NA,NA,NA,"AA-23","2019",3.91800507710569,3.78418963391826,2.58262165092058e-05,"NS"
"674",3350203,-19847,201902,162,42,"AA-23",7,68580,2,NA,51.7,2,4,1,5,52,NA,NA,NA,NA,5.37005,NA,NA,NA,"AA-23","2019",3.94545778151438,3.95124371858143,0.000721813462816299,"NS"
"675",3350204,-19847,201902,162,42,"AA-23",7,68580,2,NA,52.8,2,4,1,5,54,NA,NA,NA,NA,5.37005,NA,NA,NA,"AA-23","2019",3.96651119071222,3.98898404656427,0.000383780040231164,"NS"
"686",3350717,-19779,201902,162,41,"BB-22",7,68580,2,NA,57.6,2,4,1,5,62,NA,NA,NA,NA,1,NA,NA,NA,"BB-22","2019",4.05352256770185,4.12713438504509,0.00106330994596916,"NS"
"687",3350718,-19779,201902,162,41,"BB-22",7,68580,2,NA,69,2,4,1,5,112,NA,NA,NA,NA,1,NA,NA,NA,"BB-22","2019",4.23410650459726,4.71849887129509,0.00015166371594755,"NS"
"711",3353842,-19502,201902,94,7,"T-22",7,68580,2,NA,51.7,2,4,1,5,48,NA,NA,NA,NA,4.73929,NA,NA,NA,"T-22","2019",3.94545778151438,3.87120101090789,5.08321578280459e-06,"NS"
"712",3353843,-19502,201902,94,7,"T-22",7,68580,2,NA,50.1,2,4,1,5,44,NA,NA,NA,NA,4.73929,NA,NA,NA,"T-22","2019",3.91402100809082,3.78418963391826,1.07128320538709e-06,"NS"
"713",3353844,-19502,201902,94,7,"T-22",7,68580,2,NA,51.8,2,4,1,5,50,NA,NA,NA,NA,4.73929,NA,NA,NA,"T-22","2019",3.94739014926544,3.91202300542815,0.000112749710253257,"NS"
"714",3353845,-19502,201902,94,7,"T-22",7,68580,2,NA,54.2,2,4,1,5,52,NA,NA,NA,NA,4.73929,NA,NA,NA,"T-22","2019",3.9926809084456,3.95124371858143,0.000670295107595306,"NS"
"715",3353846,-19502,201902,94,7,"T-22",7,68580,2,NA,55.5,2,4,1,5,64,NA,NA,NA,NA,4.73929,NA,NA,NA,"T-22","2019",4.01638302075239,4.15888308335967,0.0012840339631425,"NS"
"721",3353473,-19501,201902,94,6,"U-22",7,68580,2,NA,49.9,2,4,1,5,46,NA,NA,NA,NA,7.42818,NA,NA,NA,"U-22","2019",3.91002100275747,3.8286413964891,0.000352621284752134,"NS"
"722",3353474,-19501,201902,94,6,"U-22",7,68580,2,NA,48.5,2,4,1,5,42,NA,NA,NA,NA,7.42818,NA,NA,NA,"U-22","2019",3.88156379794344,3.73766961828337,0.000260101881686263,"NS"
"743",3350629,-19822,201902,162,66,"V-20",7,68580,2,NA,49.3,2,4,1,5,44,NA,NA,NA,NA,1,NA,NA,NA,"V-20","2019",3.89792408104864,3.78418963391826,0.000240252839684632,"NS"
"744",3352067,-19835,201902,162,74,"S-21",7,68580,2,NA,48.6,2,4,1,5,42,NA,NA,NA,NA,2.76066,NA,NA,NA,"S-21","2019",3.88362353090645,3.73766961828337,0.000192796639850276,"NS"
"745",3352110,-19789,201902,162,50,"Y-25",7,68580,2,NA,51.3,2,4,1,5,50,NA,NA,NA,NA,8.82657,NA,NA,NA,"Y-25","2019",3.93769075217672,3.91202300542815,0.000418041153042741,"NS"
"746",3352111,-19789,201902,162,50,"Y-25",7,68580,2,NA,43.5,2,4,1,5,34,NA,NA,NA,NA,8.82657,NA,NA,NA,"Y-25","2019",3.77276093809464,3.52636052461616,0.00643602969835405,"NS"
"747",3352112,-19789,201902,162,50,"Y-25",7,68580,2,NA,47.7,2,4,1,5,42,NA,NA,NA,NA,8.82657,NA,NA,NA,"Y-25","2019",3.8649313978943,3.73766961828337,0.00124299779647515,"NS"
"748",3352113,-19789,201902,162,50,"Y-25",7,68580,2,NA,47.8,2,4,1,5,46,NA,NA,NA,NA,8.82657,NA,NA,NA,"Y-25","2019",3.86702563949741,3.8286413964891,0.00456357120465761,"NS"
"754",3350630,-19822,201902,162,66,"V-20",7,68580,2,NA,50.4,2,4,1,5,46,NA,NA,NA,NA,1,NA,NA,NA,"V-20","2019",3.91999117507732,3.8286413964891,7.44168663062064e-05,"NS"
"755",3350631,-19822,201902,162,66,"V-20",7,68580,2,NA,52,2,4,1,5,50,NA,NA,NA,NA,1,NA,NA,NA,"V-20","2019",3.95124371858143,3.91202300542815,4.39666086977488e-05,"NS"
"756",3350632,-19822,201902,162,66,"V-20",7,68580,2,NA,47.4,2,4,1,5,36,NA,NA,NA,NA,1,NA,NA,NA,"V-20","2019",3.85862222870103,3.58351893845611,0.000305707774992142,"NS"
"757",3350633,-19822,201902,162,66,"V-20",7,68580,2,NA,52.7,2,4,1,5,46,NA,NA,NA,NA,1,NA,NA,NA,"V-20","2019",3.96461545554732,3.8286413964891,0.00156391513749999,"NS"
"768",3352184,-19499,201902,94,4,"T-23",7,68580,2,NA,56.6,2,4,1,4,64,NA,NA,NA,NA,11.05669,NA,NA,NA,"T-23","2019",4.03600898520914,4.15888308335967,0.000114804324403421,"NS"
"769",3352185,-19499,201902,94,4,"T-23",7,68580,2,NA,55.7,2,4,1,5,58,NA,NA,NA,NA,11.05669,NA,NA,NA,"T-23","2019",4.01998014693324,4.06044301054642,0.000209694111225914,"NS"
"770",3352186,-19499,201902,94,4,"T-23",7,68580,2,NA,44,2,4,1,5,32,NA,NA,NA,NA,11.05669,NA,NA,NA,"T-23","2019",3.78418963391826,3.46573590279973,0.000738383426150465,"NS"
"771",3352187,-19499,201902,94,4,"T-23",7,68580,2,NA,52.5,2,4,1,5,48,NA,NA,NA,NA,11.05669,NA,NA,NA,"T-23","2019",3.96081316959758,3.87120101090789,0.000359614064727889,"NS"
"772",3352188,-19499,201902,94,4,"T-23",7,68580,2,NA,50.9,2,4,1,5,46,NA,NA,NA,NA,11.05669,NA,NA,NA,"T-23","2019",3.92986292355648,3.8286413964891,1.99590110179995e-06,"NS"
"779",3351101,-19801,201902,162,53,"X-25",7,68580,2,NA,49.6,2,4,1,5,40,NA,NA,NA,NA,1,NA,NA,NA,"X-25","2019",3.90399083373088,3.68887945411394,0.000609681262755257,"NS"
"780",3351102,-19801,201902,162,53,"X-25",7,68580,2,NA,49.6,2,4,1,6,42,NA,NA,NA,NA,1,NA,NA,NA,"X-25","2019",3.90399083373088,3.73766961828337,5.38808602395939e-05,"NS"
"781",3351103,-19801,201902,162,53,"X-25",7,68580,2,NA,48.1,2,4,1,5,40,NA,NA,NA,NA,1,NA,NA,NA,"X-25","2019",3.87328217711172,3.68887945411394,4.97834776069532e-05,"NS"
"782",3351104,-19801,201902,162,53,"X-25",7,68580,2,NA,47.7,2,4,1,5,36,NA,NA,NA,NA,1,NA,NA,NA,"X-25","2019",3.8649313978943,3.58351893845611,0.000581690425092331,"NS"
"783",3351105,-19801,201902,162,53,"X-25",7,68580,2,NA,51.9,2,4,1,5,46,NA,NA,NA,NA,1,NA,NA,NA,"X-25","2019",3.94931879017184,3.8286413964891,0.000481486908883448,"NS"
"790",3352598,-19496,201902,94,1,"V-24",7,68580,2,NA,49.5,2,4,1,5,46,NA,NA,NA,NA,15.18644,NA,NA,NA,"V-24","2019",3.90197266957464,3.8286413964891,0.000735739619092813,"NS"
"791",3352599,-19496,201902,94,1,"V-24",7,68580,2,NA,47.1,2,4,1,5,38,NA,NA,NA,NA,15.18644,NA,NA,NA,"V-24","2019",3.85227300102237,3.63758615972639,0.000124594176120786,"NS"
"792",3352600,-19496,201902,94,1,"V-24",7,68580,2,NA,54.1,2,4,1,5,52,NA,NA,NA,NA,15.18644,NA,NA,NA,"V-24","2019",3.99083418585244,3.95124371858143,0.000552397311534577,"NS"
"798",3352682,-19500,201902,94,5,"U-23",7,68580,2,NA,48.8,2,4,1,5,46,NA,NA,NA,NA,7.64729,NA,NA,NA,"U-23","2019",3.8877303128591,3.8286413964891,0.00181262735711229,"NS"
"799",3352683,-19500,201902,94,5,"U-23",7,68580,2,NA,51.5,2,4,1,5,52,NA,NA,NA,NA,7.64729,NA,NA,NA,"U-23","2019",3.94158180766969,3.95124371858143,0.00094267331999759,"NS"
"800",3352684,-19500,201902,94,5,"U-23",7,68580,2,NA,45.3,2,4,1,5,32,NA,NA,NA,NA,7.64729,NA,NA,NA,"U-23","2019",3.81330703248899,3.46573590279973,0.000225536404728592,"NS"
"801",3352685,-19500,201902,94,5,"U-23",7,68580,2,NA,48.6,2,4,1,5,42,NA,NA,NA,NA,7.64729,NA,NA,NA,"U-23","2019",3.88362353090645,3.73766961828337,0.000192796639850276,"NS"
"802",3352686,-19500,201902,94,5,"U-23",7,68580,2,NA,56.3,2,4,1,5,62,NA,NA,NA,NA,7.64729,NA,NA,NA,"U-23","2019",4.03069453514564,4.12713438504509,5.84850426048266e-06,"NS"
"824",3349960,-19788,201902,162,49,"Y-24",7,68580,2,NA,51.9,2,4,1,5,46,NA,NA,NA,NA,6.07619,NA,NA,NA,"Y-24","2019",3.94931879017184,3.8286413964891,0.000481486908883448,"NS"
"825",3349961,-19788,201902,162,49,"Y-24",7,68580,2,NA,54.4,2,4,1,5,54,NA,NA,NA,NA,6.07619,NA,NA,NA,"Y-24","2019",3.9963641538619,3.98898404656427,0.000216436881389471,"NS"
"826",3349962,-19788,201902,162,49,"Y-24",7,68580,2,NA,52.7,2,4,1,5,52,NA,NA,NA,NA,6.07619,NA,NA,NA,"Y-24","2019",3.96461545554732,3.95124371858143,5.1474926099799e-05,"NS"
"827",3349963,-19788,201902,162,49,"Y-24",7,68580,2,NA,51.7,2,4,1,5,44,NA,NA,NA,NA,6.07619,NA,NA,NA,"Y-24","2019",3.94545778151438,3.78418963391826,0.00114996469473289,"NS"
"828",3349964,-19788,201902,162,49,"Y-24",7,68580,2,NA,51.4,2,4,1,5,44,NA,NA,NA,NA,6.07619,NA,NA,NA,"Y-24","2019",3.93963817246112,3.78418963391826,0.000759115562913337,"NS"
"834",3346348,-19731,201902,162,20,"EE-18",7,68580,2,NA,57.9,2,4,1,5,70,NA,NA,NA,NA,1,NA,NA,NA,"EE-18","2019",4.05871738457895,4.24849524204936,0.000634714124296973,"NS"
"835",3346349,-19731,201902,162,20,"EE-18",7,68580,2,NA,62.1,2,4,1,5,80,NA,NA,NA,NA,1,NA,NA,NA,"EE-18","2019",4.12874598893943,4.38202663467388,0.000247255158526046,"NS"
"836",3346350,-19731,201902,162,20,"EE-18",7,68580,2,NA,60.8,2,4,1,5,80,NA,NA,NA,NA,1,NA,NA,NA,"EE-18","2019",4.10758978897212,4.38202663467388,0.000679180253266503,"NS"
"843",3348556,-19767,201902,162,34,"DD-19",7,68580,2,NA,58.9,2,4,1,5,75,NA,NA,NA,NA,1,NA,NA,NA,"DD-19","2019",4.07584109065754,4.31748811353631,0.00149862913808243,"NS"
"844",3348557,-19767,201902,162,34,"DD-19",7,68580,2,NA,64.9,2,4,1,5,95,NA,NA,NA,NA,1,NA,NA,NA,"DD-19","2019",4.17284762371004,4.55387689160054,0.000389283069129378,"NS"
"845",3348558,-19767,201902,162,34,"DD-19",7,68580,2,NA,58,2,4,1,5,65,NA,NA,NA,NA,1,NA,NA,NA,"DD-19","2019",4.06044301054642,4.17438726989564,0.000338596687606827,"NS"
"846",3344601,-19486,201902,162,2,"W-26",7,68580,2,NA,47,2,4,1,5,32,NA,NA,NA,NA,4.27544,NA,NA,NA,"W-26","2019",3.85014760171006,3.46573590279973,0.00311303040741649,"NS"
"847",3344602,-19486,201902,162,2,"W-26",7,68580,2,NA,67.1,2,4,1,5,98,NA,NA,NA,NA,4.27544,NA,NA,NA,"W-26","2019",4.20618404397764,4.58496747867057,0.00148378013514163,"NS"
"848",3344603,-19486,201902,162,2,"W-26",7,68580,2,NA,55.5,2,4,1,5,52,NA,NA,NA,NA,4.27544,NA,NA,NA,"W-26","2019",4.01638302075239,3.95124371858143,0.00357681597418756,"NS"
"849",3344604,-19486,201902,162,2,"W-26",7,68580,2,NA,51.7,2,4,1,5,46,NA,NA,NA,NA,4.27544,NA,NA,NA,"W-26","2019",3.94545778151438,3.8286413964891,0.000314660159943471,"NS"
"850",3344605,-19486,201902,162,2,"W-26",7,68580,2,NA,56.7,2,4,1,5,56,NA,NA,NA,NA,4.27544,NA,NA,NA,"W-26","2019",4.03777421073371,4.02535169073515,0.00348221179374632,"NS"
"867",3344168,-19489,201902,162,5,"W-23",7,68580,2,NA,49.8,2,4,1,3,44,NA,NA,NA,NA,1,NA,NA,NA,"W-23","2019",3.90801498403061,3.78418963391826,2.57933043830243e-05,"NS"
"868",3344169,-19489,201902,162,5,"W-23",7,68580,2,NA,51.3,2,4,1,4,54,NA,NA,NA,NA,1,NA,NA,NA,"W-23","2019",3.93769075217672,3.98898404656427,0.00231223112157279,"NS"
"873",3346156,-19730,201902,162,19,"EE-19",7,68580,2,NA,65.3,2,4,1,5,95,NA,NA,NA,NA,1,NA,NA,NA,"EE-19","2019",4.17899203628239,4.55387689160054,2.47703751643209e-05,"NS"
"874",3346157,-19730,201902,162,19,"EE-19",7,68580,2,NA,58.4,2,4,1,5,70,NA,NA,NA,NA,1,NA,NA,NA,"EE-19","2019",4.06731588983418,4.24849524204936,0.000144918464138734,"NS"
"875",3346158,-19730,201902,162,19,"EE-19",7,68580,2,NA,58.6,2,4,1,5,70,NA,NA,NA,NA,1,NA,NA,NA,"EE-19","2019",4.07073469658297,4.24849524204936,4.27282927951286e-05,"NS"
"876",3346159,-19730,201902,162,19,"EE-19",7,68580,2,NA,60,2,4,1,5,75,NA,NA,NA,NA,1,NA,NA,NA,"EE-19","2019",4.0943445622221,4.31748811353631,6.30223982819556e-05,"NS"
"877",3346160,-19730,201902,162,19,"EE-19",7,68580,2,NA,59.4,2,4,1,5,70,NA,NA,NA,NA,1,NA,NA,NA,"EE-19","2019",4.0842942263686,4.24849524204936,0.000284052821510802,"NS"
"887",3348772,-19818,201902,162,62,"X-20",7,68580,2,NA,52.4,2,4,1,5,52,NA,NA,NA,NA,1,NA,NA,NA,"X-20","2019",3.958906591327,3.95124371858143,0.0001745770320711,"NS"
"888",3348773,-19818,201902,162,62,"X-20",7,68580,2,NA,45.6,2,4,1,4,38,NA,NA,NA,NA,1,NA,NA,NA,"X-20","2019",3.81990771652034,3.63758615972639,0.00301474106994092,"NS"
"904",3345827,-19740,201902,162,24,"CC-02",7,68580,2,NA,54,2,4,1,5,50,NA,NA,NA,NA,1,NA,NA,NA,"CC-02","2019",3.98898404656427,3.91202300542815,0.00139555608039091,"NS"
"921",3345974,-19583,201902,162,18,"FF-18",7,68580,2,NA,57.2,2,4,1,5,70,NA,NA,NA,NA,1,NA,NA,NA,"FF-18","2019",4.04655389838575,4.24849524204936,0.00178090321420342,"NS"
"926",3348996,-19770,201902,162,37,"CC-21",7,68580,2,NA,48.7,2,4,1,5,35,NA,NA,NA,NA,1,NA,NA,NA,"CC-21","2019",3.88567903008854,3.55534806148941,0.00301679332496512,"NS"
"932",3349139,-19851,201902,162,46,"ZZ-24",7,68580,2,NA,48.2,2,4,1,5,34,NA,NA,NA,NA,6.29779,NA,NA,NA,"ZZ-24","2019",3.87535902105655,3.52636052461616,0.00313626492195474,"NS"
"933",3344967,-19490,201902,162,6,"V-23",7,68580,2,NA,51.4,2,4,1,4,44,NA,NA,NA,NA,1,NA,NA,NA,"V-23","2019",3.93963817246112,3.78418963391826,0.000759115562913337,"NS"
"934",3344968,-19490,201902,162,6,"V-23",7,68580,2,NA,56.7,2,4,1,4,62,NA,NA,NA,NA,1,NA,NA,NA,"V-23","2019",4.03777421073371,4.12713438504509,6.00415666466574e-05,"NS"
"935",3344969,-19490,201902,162,6,"V-23",7,68580,2,NA,58.4,2,4,1,5,66,NA,NA,NA,NA,1,NA,NA,NA,"V-23","2019",4.06731588983418,4.18965474202643,0.000461218973374084,"NS"
"936",3344970,-19490,201902,162,6,"V-23",7,68580,2,NA,54.3,2,4,1,5,54,NA,NA,NA,NA,1,NA,NA,NA,"V-23","2019",3.99452422693989,3.98898404656427,0.000153211686116731,"NS"
"937",3349140,-19851,201902,162,46,"ZZ-24",7,68580,2,NA,55.2,2,4,1,5,58,NA,NA,NA,NA,6.29779,NA,NA,NA,"ZZ-24","2019",4.01096295328305,4.06044301054642,5.23292602987482e-06,"NS"
"938",3349141,-19851,201902,162,46,"ZZ-24",7,68580,2,NA,46.1,2,4,1,5,32,NA,NA,NA,NA,6.29779,NA,NA,NA,"ZZ-24","2019",3.8308129500026,3.46573590279973,0.00128602023737497,"NS"
"939",3349142,-19851,201902,162,46,"ZZ-24",7,68580,2,NA,50.8,2,4,1,5,40,NA,NA,NA,NA,6.29779,NA,NA,NA,"ZZ-24","2019",3.92789635458444,3.68887945411394,0.00240649383188378,"NS"
"940",3349143,-19851,201902,162,46,"ZZ-24",7,68580,2,NA,47,2,4,1,5,44,NA,NA,NA,NA,6.29779,NA,NA,NA,"ZZ-24","2019",3.85014760171006,3.78418963391826,0.00533081304974981,"NS"
"978",3349671,-19778,201902,162,40,"BB-21",7,68580,2,NA,51.5,2,4,1,5,48,NA,NA,NA,NA,1,NA,NA,NA,"BB-21","2019",3.94158180766969,3.87120101090789,3.17843738183753e-06,"NS"
"979",3349672,-19778,201902,162,40,"BB-21",7,68580,2,NA,55.6,2,4,1,5,58,NA,NA,NA,NA,1,NA,NA,NA,"BB-21","2019",4.01818320125654,4.06044301054642,0.000143488615984163,"NS"
"980",3349673,-19778,201902,162,40,"BB-21",7,68580,2,NA,47.5,2,4,1,5,36,NA,NA,NA,NA,1,NA,NA,NA,"BB-21","2019",3.8607297110406,3.58351893845611,0.000389175145720603,"NS"
"981",3349674,-19778,201902,162,40,"BB-21",7,68580,2,NA,49.1,2,4,1,5,40,NA,NA,NA,NA,1,NA,NA,NA,"BB-21","2019",3.89385903480047,3.68887945411394,0.000210815949872865,"NS"
"982",3349675,-19778,201902,162,40,"BB-21",7,68580,2,NA,50.6,2,4,1,5,44,NA,NA,NA,NA,1,NA,NA,NA,"BB-21","2019",3.92395157629342,3.78418963391826,0.000124161242106252,"NS"
"988",3345247,-19494,201902,162,10,"V-21",7,68580,2,NA,56.1,2,4,1,4,60,NA,NA,NA,NA,1,NA,NA,NA,"V-21","2019",4.02713581252865,4.0943445622221,7.20512570201484e-05,"NS"
"989",3345248,-19494,201902,162,10,"V-21",7,68580,2,NA,52.8,2,4,1,4,46,NA,NA,NA,NA,1,NA,NA,NA,"V-21","2019",3.96651119071222,3.8286413964891,0.00175164990227702,"NS"
"990",3345249,-19494,201902,162,10,"V-21",7,68580,2,NA,49,2,4,1,4,42,NA,NA,NA,NA,1,NA,NA,NA,"V-21","2019",3.89182029811063,3.73766961828337,2.67177667923379e-05,"NS"
"991",3345250,-19494,201902,162,10,"V-21",7,68580,2,NA,48.4,2,4,1,4,38,NA,NA,NA,NA,1,NA,NA,NA,"V-21","2019",3.87949981372259,3.63758615972639,0.000348043976324153,"NS"
"992",3345251,-19494,201902,162,10,"V-21",7,68580,2,NA,57.9,2,4,1,4,66,NA,NA,NA,NA,1,NA,NA,NA,"V-21","2019",4.05871738457895,4.18965474202643,5.11604068450531e-05,"NS"
"1023",1987523,-7118,201002,94,46,"",7,68580,2,NA,53,2,4,1,5,52,NA,NA,NA,NA,1,NA,NA,NA,"EE-01","2010",3.97029191355212,3.95124371858143,9.58047162962832e-07,"NS"
"1024",1987524,-7118,201002,94,46,"",7,68580,2,NA,51,2,4,1,5,46,NA,NA,NA,NA,1,NA,NA,NA,"EE-01","2010",3.93182563272433,3.8286413964891,1.1731862684276e-05,"NS"
"1035",1987634,-7118,201002,94,46,"",7,68580,2,NA,57,2,4,1,5,70,NA,NA,NA,NA,1,NA,NA,NA,"EE-01","2010",4.04305126783455,4.24849524204936,0.00218698555614076,"NS"
"1036",1987635,-7118,201002,94,46,"",7,68580,2,NA,52,2,4,1,5,50,NA,NA,NA,NA,1,NA,NA,NA,"EE-01","2010",3.95124371858143,3.91202300542815,4.39666086977488e-05,"NS"
"1037",1987636,-7118,201002,94,46,"",7,68580,2,NA,62,2,4,1,5,86,NA,NA,NA,NA,1,NA,NA,NA,"EE-01","2010",4.12713438504509,4.45434729625351,0.00157333349850187,"NS"
"1038",1987637,-7118,201002,94,46,"",7,68580,2,NA,52,2,4,1,5,50,NA,NA,NA,NA,1,NA,NA,NA,"EE-01","2010",3.95124371858143,3.91202300542815,4.39666086977488e-05,"NS"
"1039",1987638,-7118,201002,94,46,"",7,68580,2,NA,55,2,4,1,5,60,NA,NA,NA,NA,1,NA,NA,NA,"EE-01","2010",4.00733318523247,4.0943445622221,0.000303532626647769,"NS"
"1067",1977431,-7088,201002,94,16,"",7,68580,2,NA,51,2,4,1,5,52,NA,NA,NA,NA,13.1264,NA,NA,NA,"Y-01","2010",3.93182563272433,3.95124371858143,0.00162307826773641,"NS"
"1106",1984458,-7113,201002,94,41,"",7,68580,2,NA,49,2,4,1,5,44,NA,NA,NA,NA,9.3556,NA,NA,NA,"EE-19","2010",3.89182029811063,3.78418963391826,0.000482683723104672,"NS"
"1107",1984459,-7113,201002,94,41,"",7,68580,2,NA,57,2,4,1,5,62,NA,NA,NA,NA,9.3556,NA,NA,NA,"EE-19","2010",4.04305126783455,4.12713438504509,0.000247302957187074,"NS"
"1108",1984460,-7113,201002,94,41,"",7,68580,2,NA,53,2,4,1,5,50,NA,NA,NA,NA,9.3556,NA,NA,NA,"EE-19","2010",3.97029191355212,3.91202300542815,0.000202337811289663,"NS"
"1109",1984461,-7113,201002,94,41,"",7,68580,2,NA,49,2,4,1,5,40,NA,NA,NA,NA,9.3556,NA,NA,NA,"EE-19","2010",3.89182029811063,3.68887945411394,0.000155054878779962,"NS"
"1112",1984454,-7113,201002,94,41,"",7,68580,2,NA,50,2,4,1,5,44,NA,NA,NA,NA,9.3556,NA,NA,NA,"EE-19","2010",3.91202300542815,3.78418963391826,9.9079215787623e-07,"NS"
"1113",1984455,-7113,201002,94,41,"",7,68580,2,NA,50,2,4,1,5,42,NA,NA,NA,NA,9.3556,NA,NA,NA,"EE-19","2010",3.91202300542815,3.73766961828337,0.000239320330142772,"NS"
"1114",1984456,-7113,201002,94,41,"",7,68580,2,NA,55,2,4,1,5,60,NA,NA,NA,NA,9.3556,NA,NA,NA,"EE-19","2010",4.00733318523247,4.0943445622221,0.000303532626647769,"NS"
"1115",1984457,-7113,201002,94,41,"",7,68580,2,NA,55,2,4,1,5,54,NA,NA,NA,NA,9.3556,NA,NA,NA,"EE-19","2010",4.00733318523247,3.98898404656427,0.000861280959902176,"NS"
"1120",1981657,-7100,201002,94,28,"",7,68580,2,NA,48,2,4,1,4,38,NA,NA,NA,NA,1,NA,NA,NA,"AA-23","2010",3.87120101090789,3.63758615972639,0.000100875589677019,"NS"
"1122",1981659,-7100,201002,94,28,"",7,68580,2,NA,54,2,4,1,5,50,NA,NA,NA,NA,1,NA,NA,NA,"AA-23","2010",3.98898404656427,3.91202300542815,0.00139555608039091,"NS"
"1123",1981660,-7100,201002,94,28,"",7,68580,2,NA,52,2,4,1,5,52,NA,NA,NA,NA,1,NA,NA,NA,"AA-23","2010",3.95124371858143,3.95124371858143,0.000444021965750961,"NS"
"1147",1980447,-7097,201002,94,25,"",7,68580,2,NA,54,2,4,1,5,58,NA,NA,NA,NA,16.9183,NA,NA,NA,"BB-21","2010",3.98898404656427,4.06044301054642,0.000575606295771388,"NS"
"1168",1981810,-7096,201002,94,24,"",7,68580,2,NA,54,2,4,1,5,60,NA,NA,NA,NA,20.988,NA,NA,NA,"BB-20","2010",3.98898404656427,4.0943445622221,0.00144437207176437,"NS"
"1191",3583759,-21956,202202,162,40,"Y-25",7,68580,2,NA,41.2,2,4,1,5,24,NA,NA,NA,NA,2.96845,NA,NA,NA,"Y-25","2022",3.71843825635548,3.17805383034795,0.00105720310562917,"NS"
"1192",3583760,-21956,202202,162,40,"Y-25",7,68580,2,NA,47.3,2,4,1,5,37,NA,NA,NA,NA,2.96845,NA,NA,NA,"Y-25","2022",3.85651029549789,3.61091791264422,1.90608701582786e-05,"NS"
"1198",3580994,-21910,202202,162,27,"DD-19",7,68580,2,NA,59,2,4,1,5,70,NA,NA,NA,NA,3.04018,NA,NA,NA,"DD-19","2022",4.07753744390572,4.24849524204936,2.3821433394439e-05,"NS"
"1199",3580995,-21910,202202,162,27,"DD-19",7,68580,2,NA,55.3,2,4,1,5,65,NA,NA,NA,NA,3.04018,NA,NA,NA,"DD-19","2022",4.01277290852829,4.17438726989564,0.00221344163399334,"NS"
"1200",3580996,-21910,202202,162,27,"DD-19",7,68580,2,NA,51.2,2,4,1,5,50,NA,NA,NA,NA,3.04018,NA,NA,NA,"DD-19","2022",3.93573953204546,3.91202300542815,0.000501707066282681,"NS"
"1201",3580997,-21910,202202,162,27,"DD-19",7,68580,2,NA,54.9,2,4,1,5,60,NA,NA,NA,NA,3.04018,NA,NA,NA,"DD-19","2022",4.00551334851548,4.0943445622221,0.000384090327015256,"NS"
"1202",3580998,-21910,202202,162,27,"DD-19",7,68580,2,NA,54.3,2,4,1,5,45,NA,NA,NA,NA,3.04018,NA,NA,NA,"DD-19","2022",3.99452422693989,3.80666248977032,0.0079797475382669,"NS"
"1203",3580999,-21910,202202,162,27,"DD-19",7,68580,2,NA,61,2,4,1,5,82,NA,NA,NA,NA,3.04018,NA,NA,NA,"DD-19","2022",4.11087386417331,4.40671924726425,0.00134780149683572,"NS"
"1205",3582413,-21951,202202,162,35,"AA-22",7,68580,2,NA,46.7,2,4,1,5,35,NA,NA,NA,NA,1,NA,NA,NA,"AA-22","2022",3.84374416467485,3.55534806148941,0.000153645095242837,"NS"
"1206",3581057,-21911,202202,162,28,"DD-20",7,68580,2,NA,53.7,2,4,1,5,64,NA,NA,NA,NA,4.22651,NA,NA,NA,"DD-20","2022",3.98341300151482,4.15888308335967,0.00488128165536336,"NS"
"1208",3581059,-21911,202202,162,28,"DD-20",7,68580,2,NA,56.1,2,4,1,5,63,NA,NA,NA,NA,4.22651,NA,NA,NA,"DD-20","2022",4.02713581252865,4.14313472639153,0.000225360747055966,"NS"
"1209",3581060,-21911,202202,162,28,"DD-20",7,68580,2,NA,55.4,2,4,1,5,70,NA,NA,NA,NA,4.22651,NA,NA,NA,"DD-20","2022",4.01457959375324,4.24849524204936,0.00622630977417619,"NS"
"1211",3582414,-21951,202202,162,35,"AA-22",7,68580,2,NA,44.3,2,4,1,5,26,NA,NA,NA,NA,1,NA,NA,NA,"AA-22","2022",3.79098467705109,3.25809653802148,0.00812214286614493,"NS"
"1212",3582415,-21951,202202,162,35,"AA-22",7,68580,2,NA,43.3,2,4,1,5,27,NA,NA,NA,NA,1,NA,NA,NA,"AA-22","2022",3.76815263500844,3.29583686600433,0.00166671410110396,"NS"
"1220",3582495,-21952,202202,162,36,"AA-23",7,68580,2,NA,49.1,2,4,1,5,41,NA,NA,NA,NA,18.85071,NA,NA,NA,"AA-23","2022",3.89385903480047,3.71357206670431,3.1701684609979e-05,"NS"
"1221",3582496,-21952,202202,162,36,"AA-23",7,68580,2,NA,51.9,2,4,1,5,49,NA,NA,NA,NA,18.85071,NA,NA,NA,"AA-23","2022",3.94931879017184,3.89182029811063,1.49431075479201e-06,"NS"
"1229",3583936,-21958,202202,162,42,"Y-23",7,68580,2,NA,61.2,2,4,1,5,78,NA,NA,NA,NA,1.71295,NA,NA,NA,"Y-23","2022",4.11414718951828,4.35670882668959,1.24177909442751e-05,"NS"
"1230",3583937,-21958,202202,162,42,"Y-23",7,68580,2,NA,49.2,2,4,1,5,45,NA,NA,NA,NA,1.71295,NA,NA,NA,"Y-23","2022",3.89589362349826,3.80666248977032,0.000660541933671267,"NS"
"1231",3583938,-21958,202202,162,42,"Y-23",7,68580,2,NA,41,2,4,1,5,24,NA,NA,NA,NA,1.71295,NA,NA,NA,"Y-23","2022",3.71357206670431,3.17805383034795,0.000544854440363357,"NS"
"1232",3583939,-21958,202202,162,42,"Y-23",7,68580,2,NA,45.7,2,4,1,5,34,NA,NA,NA,NA,1.71295,NA,NA,NA,"Y-23","2022",3.82209829790016,3.52636052461616,2.12687395494459e-06,"NS"
"1233",3583940,-21958,202202,162,42,"Y-23",7,68580,2,NA,57.7,2,4,1,5,58,NA,NA,NA,NA,1.71295,NA,NA,NA,"Y-23","2022",4.05525717351405,4.06044301054642,0.0051384600303204,"NS"
"1241",3580311,-21904,202202,162,21,"CC-18",7,68580,2,NA,56.3,2,4,1,6,63,NA,NA,NA,NA,1,NA,NA,NA,"CC-18","2022",4.03069453514564,4.14313472639153,0.000104874426071477,"NS"
"1242",3580312,-21904,202202,162,21,"CC-18",7,68580,2,NA,51.7,2,4,1,6,47,NA,NA,NA,NA,1,NA,NA,NA,"CC-18","2022",3.94545778151438,3.85014760171006,9.82926023831388e-05,"NS"
"1274",3580473,-21906,202202,162,23,"AA-18",7,68580,2,NA,48.2,2,4,1,6,41,NA,NA,NA,NA,1,NA,NA,NA,"AA-18","2022",3.87535902105655,3.71357206670431,0.000196632140712542,"NS"
"1275",3580474,-21906,202202,162,23,"AA-18",7,68580,2,NA,39,2,4,1,6,20,NA,NA,NA,NA,1,NA,NA,NA,"AA-18","2022",3.66356164612965,2.99573227355399,0.00360377535524507,"NS"
"1292",3583271,-21981,202202,162,50,"W-23",7,68580,2,NA,44.1,2,4,1,5,31,NA,NA,NA,NA,1,NA,NA,NA,"W-23","2022",3.7864597824528,3.43398720448515,4.7720206562954e-05,"NS"
"1293",3583272,-21981,202202,162,50,"W-23",7,68580,2,NA,52.1,2,4,1,5,47,NA,NA,NA,NA,1,NA,NA,NA,"W-23","2022",3.95316494875932,3.85014760171006,0.000333548033536379,"NS"
"1294",3583273,-21981,202202,162,50,"W-23",7,68580,2,NA,43.1,2,4,1,5,31,NA,NA,NA,NA,1,NA,NA,NA,"W-23","2022",3.7635229971097,3.43398720448515,0.00206783030756856,"NS"
"1295",3583274,-21981,202202,162,50,"W-23",7,68580,2,NA,59.2,2,4,1,5,67,NA,NA,NA,NA,1,NA,NA,NA,"W-23","2022",4.08092154188996,4.20469261939097,0.00138113319441647,"NS"
"1296",3583275,-21981,202202,162,50,"W-23",7,68580,2,NA,64.2,2,4,1,5,86,NA,NA,NA,NA,1,NA,NA,NA,"W-23","2022",4.16200321069592,4.45434729625351,0.00133153302185144,"NS"
"1298",3581837,-21957,202202,162,41,"Y-24",7,68580,2,NA,54.3,2,4,1,5,55,NA,NA,NA,NA,2.8169,NA,NA,NA,"Y-24","2022",3.99452422693989,4.00733318523247,2.14678414649399e-05,"NS"
"1299",3581838,-21957,202202,162,41,"Y-24",7,68580,2,NA,47,2,4,1,5,34,NA,NA,NA,NA,2.8169,NA,NA,NA,"Y-24","2022",3.85014760171006,3.52636052461616,0.000978020598378897,"NS"
"1300",3581839,-21957,202202,162,41,"Y-24",7,68580,2,NA,59.8,2,4,1,5,72,NA,NA,NA,NA,2.8169,NA,NA,NA,"Y-24","2022",4.09100566095659,4.27666611901606,0.000137693146946413,"NS"
"1301",3581840,-21957,202202,162,41,"Y-24",7,68580,2,NA,53.7,2,4,1,5,51,NA,NA,NA,NA,2.8169,NA,NA,NA,"Y-24","2022",3.98341300151482,3.93182563272433,0.000488693267355204,"NS"
"1302",3581841,-21957,202202,162,41,"Y-24",7,68580,2,NA,46,2,4,1,5,33,NA,NA,NA,NA,2.8169,NA,NA,NA,"Y-24","2022",3.8286413964891,3.49650756146648,0.000397186576184552,"NS"
"1321",3581404,-21946,202202,162,30,"CC-20",7,68580,2,NA,56,2,4,1,5,65,NA,NA,NA,NA,3.28853,NA,NA,NA,"CC-20","2022",4.02535169073515,4.17438726989564,0.00104273494302772,"NS"
"1322",3581405,-21946,202202,162,30,"CC-20",7,68580,2,NA,60.1,2,4,1,5,75,NA,NA,NA,NA,3.28853,NA,NA,NA,"CC-20","2022",4.09600984154116,4.31748811353631,2.43501716413918e-05,"NS"
"1323",3581406,-21946,202202,162,30,"CC-20",7,68580,2,NA,51,2,4,1,5,42,NA,NA,NA,NA,3.28853,NA,NA,NA,"CC-20","2022",3.93182563272433,3.73766961828337,0.00128595783470238,"NS"
"1324",3581407,-21946,202202,162,30,"CC-20",7,68580,2,NA,61.4,2,4,1,5,84,NA,NA,NA,NA,3.28853,NA,NA,NA,"CC-20","2022",4.1174098351531,4.43081679884331,0.00170714241039293,"NS"
"1325",3581408,-21946,202202,162,30,"CC-20",7,68580,2,NA,61,2,4,1,5,85,NA,NA,NA,NA,3.28853,NA,NA,NA,"CC-20","2022",4.11087386417331,4.44265125649032,0.00372360722155237,"NS"
"1345",3580038,-21899,202202,162,16,"EE-19",7,68580,2,NA,54.1,2,4,1,6,58,NA,NA,NA,NA,2.41593,NA,NA,NA,"EE-19","2022",3.99083418585244,4.06044301054642,0.000481640659419878,"NS"
"1346",3580039,-21899,202202,162,16,"EE-19",7,68580,2,NA,59.7,2,4,1,6,70,NA,NA,NA,NA,2.41593,NA,NA,NA,"EE-19","2022",4.08933202039856,4.24849524204936,0.000686435679160782,"NS"
"1347",3580040,-21899,202202,162,16,"EE-19",7,68580,2,NA,50,2,4,1,6,38,NA,NA,NA,NA,2.41593,NA,NA,NA,"EE-19","2022",3.91202300542815,3.63758615972639,0.00259016638579935,"NS"
"1348",3580041,-21899,202202,162,16,"EE-19",7,68580,2,NA,48.6,2,4,1,6,42,NA,NA,NA,NA,2.41593,NA,NA,NA,"EE-19","2022",3.88362353090645,3.73766961828337,0.000192796639850276,"NS"
"1349",3580042,-21899,202202,162,16,"EE-19",7,68580,2,NA,51.3,2,4,1,6,45,NA,NA,NA,NA,2.41593,NA,NA,NA,"EE-19","2022",3.93769075217672,3.80666248977032,0.000302512148287882,"NS"
"1352",3581545,-21909,202202,162,26,"CC-19",7,68580,2,NA,34.5,2,4,1,4,15,NA,NA,NA,NA,1,NA,NA,NA,"CC-19","2022",3.54095932403731,2.70805020110221,8.28488350367952e-05,"NS"
"1353",3581546,-21909,202202,162,26,"CC-19",7,68580,2,NA,57.4,2,4,1,5,64,NA,NA,NA,NA,1,NA,NA,NA,"CC-19","2022",4.05004430332552,4.15888308335967,0.000100158950181157,"NS"
"1354",3581547,-21909,202202,162,26,"CC-19",7,68580,2,NA,56.7,2,4,1,5,67,NA,NA,NA,NA,1,NA,NA,NA,"CC-19","2022",4.03777421073371,4.20469261939097,0.000980479825504678,"NS"
"1360",3581119,-21945,202202,162,29,"CC-21",7,68580,2,NA,58.9,2,4,1,5,64,NA,NA,NA,NA,1.56897,NA,NA,NA,"CC-21","2022",4.07584109065754,4.15888308335967,0.00300529252383826,"NS"
"1361",3581120,-21945,202202,162,29,"CC-21",7,68580,2,NA,56.2,2,4,1,5,60,NA,NA,NA,NA,1.56897,NA,NA,NA,"CC-21","2022",4.02891675689965,4.0943445622221,0.000121744076884921,"NS"
"1362",3581121,-21945,202202,162,29,"CC-21",7,68580,2,NA,38.4,2,4,1,5,21,NA,NA,NA,NA,1.56897,NA,NA,NA,"CC-21","2022",3.64805745959368,3.04452243772342,0.000345290512061077,"NS"
"1363",3581122,-21945,202202,162,29,"CC-21",7,68580,2,NA,57.4,2,4,1,5,58,NA,NA,NA,NA,1.56897,NA,NA,NA,"CC-21","2022",4.05004430332552,4.06044301054642,0.00386925600164663,"NS"
"1364",3581123,-21945,202202,162,29,"CC-21",7,68580,2,NA,41.8,2,4,1,5,25,NA,NA,NA,NA,1.56897,NA,NA,NA,"CC-21","2022",3.73289633953071,3.2188758248682,0.000975148296036081,"NS"
"1388",3582782,-21947,202202,162,31,"BB-20",7,68580,2,NA,52,2,4,1,5,55,NA,NA,NA,NA,1,NA,NA,NA,"BB-20","2022",3.95124371858143,4.00733318523247,0.00174089328164531,"NS"
"1405",3582133,-21953,202202,162,37,"ZZ-22",7,68580,2,NA,52.4,2,4,1,4,45,NA,NA,NA,NA,1,NA,NA,NA,"ZZ-22","2022",3.958906591327,3.80666248977032,0.00168290347032695,"NS"
"1433",3583612,-21955,202202,162,39,"ZZ-24",7,68580,2,NA,40.6,2,4,1,5,23,NA,NA,NA,NA,4.85272,NA,NA,NA,"ZZ-24","2022",3.70376806660769,3.13549421592915,0.00119940861271185,"NS"
"1434",3583613,-21955,202202,162,39,"ZZ-24",7,68580,2,NA,56.2,2,4,1,3,59,NA,NA,NA,NA,4.85272,NA,NA,NA,"ZZ-24","2022",4.02891675689965,4.07753744390572,0.000368243420318327,"NS"
"1435",3583614,-21955,202202,162,39,"ZZ-24",7,68580,2,NA,53.9,2,4,1,6,60,NA,NA,NA,NA,4.85272,NA,NA,NA,"ZZ-24","2022",3.98713047791495,4.0943445622221,0.00159454722447342,"NS"
"1448",3580800,-21900,202202,162,17,"EE-18",7,68580,2,NA,52.8,2,4,1,6,55,NA,NA,NA,NA,1,NA,NA,NA,"EE-18","2022",3.96651119071222,4.00733318523247,0.000708712910022524,"NS"
"1449",3580801,-21900,202202,162,17,"EE-18",7,68580,2,NA,63.7,2,4,1,6,97,NA,NA,NA,NA,1,NA,NA,NA,"EE-18","2022",4.15418456257812,4.57471097850338,0.00598883205803894,"NS"
"1450",3580802,-21900,202202,162,17,"EE-18",7,68580,2,NA,57.9,2,4,1,5,68,NA,NA,NA,NA,1,NA,NA,NA,"EE-18","2022",4.05871738457895,4.21950770517611,8.57164042927394e-05,"NS"
"1466",3590966,-21918,202202,94,29,"X-19",7,68580,2,NA,50.9,2,4,1,5,43,NA,NA,NA,NA,13.69222,NA,NA,NA,"X-19","2022",3.92986292355648,3.76120011569356,0.000645772770763567,"NS"
"1467",3590967,-21918,202202,94,29,"X-19",7,68580,2,NA,47.1,2,4,1,5,38,NA,NA,NA,NA,13.69222,NA,NA,NA,"X-19","2022",3.85227300102237,3.63758615972639,0.000124594176120786,"NS"
"1468",3590968,-21918,202202,94,29,"X-19",7,68580,2,NA,46.2,2,4,1,5,34,NA,NA,NA,NA,13.69222,NA,NA,NA,"X-19","2022",3.83297979808769,3.52636052461616,0.00014606717658847,"NS"
"1469",3590969,-21918,202202,94,29,"X-19",7,68580,2,NA,41.6,2,4,1,5,24,NA,NA,NA,NA,13.69222,NA,NA,NA,"X-19","2022",3.72810016726722,3.17805383034795,0.00247077356299434,"NS"
"1497",3591394,-21798,202202,94,1,"U-24",7,68580,2,NA,44.1,2,4,1,5,28,NA,NA,NA,NA,1,NA,NA,NA,"U-24","2022",3.7864597824528,3.3322045101752,0.00214444842514076,"NS"
"1498",3591395,-21798,202202,94,1,"U-24",7,68580,2,NA,45.9,2,4,1,5,28,NA,NA,NA,NA,1,NA,NA,NA,"U-24","2022",3.8264651170665,3.3322045101752,0.00811478141959773,"NS"
"1499",3591396,-21798,202202,94,1,"U-24",7,68580,2,NA,50.2,2,4,1,5,44,NA,NA,NA,NA,1,NA,NA,NA,"U-24","2022",3.91601502669768,3.78418963391826,9.36506684018309e-06,"NS"
"1500",3591397,-21798,202202,94,1,"U-24",7,68580,2,NA,52.8,2,4,1,5,48,NA,NA,NA,NA,1,NA,NA,NA,"U-24","2022",3.96651119071222,3.87120101090789,0.000652493247930423,"NS"
"1501",3591398,-21798,202202,94,1,"U-24",7,68580,2,NA,41,2,4,1,5,22,NA,NA,NA,NA,1,NA,NA,NA,"U-24","2022",3.71357206670431,3.09104245335832,0.00708262341888893,"NS"
"1512",3591731,-21799,202202,94,2,"V-24",7,68580,2,NA,45.1,2,4,1,5,34,NA,NA,NA,NA,1,NA,NA,NA,"V-24","2022",3.80888224650863,3.52636052461616,0.00038432009141121,"NS"
"1513",3591732,-21799,202202,94,2,"V-24",7,68580,2,NA,51.2,2,4,1,5,46,NA,NA,NA,NA,1,NA,NA,NA,"V-24","2022",3.93573953204546,3.8286413964891,5.57564340572949e-05,"NS"
"1514",3591733,-21799,202202,94,2,"V-24",7,68580,2,NA,48.6,2,4,1,5,38,NA,NA,NA,NA,1,NA,NA,NA,"V-24","2022",3.88362353090645,3.63758615972639,0.000521117706358915,"NS"
"1515",3591734,-21799,202202,94,2,"V-24",7,68580,2,NA,47.5,2,4,1,5,38,NA,NA,NA,NA,1,NA,NA,NA,"V-24","2022",3.8607297110406,3.63758615972639,1.8838503744716e-06,"NS"
"1516",3591735,-21799,202202,94,2,"V-24",7,68580,2,NA,45.7,2,4,1,5,30,NA,NA,NA,NA,1,NA,NA,NA,"V-24","2022",3.82209829790016,3.40119738166216,0.00301911618137018,"NS"
"1563",3586040,-21805,202202,162,6,"X-25",7,68580,2,NA,61.4,2,4,1,6,75,NA,NA,NA,NA,11.64661,NA,NA,NA,"X-25","2022",4.1174098351531,4.31748811353631,0.00138804112933036,"NS"
"1574",3585494,-21999,202202,162,60,"V-21",7,68580,2,NA,50.6,2,4,1,5,44,NA,NA,NA,NA,1,NA,NA,NA,"V-21","2022",3.92395157629342,3.78418963391826,0.000124161242106252,"NS"
"1575",3585495,-21999,202202,162,60,"V-21",7,68580,2,NA,34.7,2,4,1,5,15,NA,NA,NA,NA,1,NA,NA,NA,"V-21","2022",3.54673968695281,2.70805020110221,0.00080460716074077,"NS"
"1587",3585589,-22009,202202,162,61,"U-21",7,68580,2,NA,46.8,2,4,1,5,36,NA,NA,NA,NA,1.73129,NA,NA,NA,"U-21","2022",3.8458832029236,3.58351893845611,1.05634442541163e-05,"NS"
"1588",3585590,-22009,202202,162,61,"U-21",7,68580,2,NA,47.5,2,4,1,5,37,NA,NA,NA,NA,1.73129,NA,NA,NA,"U-21","2022",3.8607297110406,3.61091791264422,8.16295772639799e-05,"NS"
"1589",3585591,-22009,202202,162,61,"U-21",7,68580,2,NA,48.7,2,4,1,5,47,NA,NA,NA,NA,1.73129,NA,NA,NA,"U-21","2022",3.88567903008854,3.85014760171006,0.00278294886742591,"NS"
"1590",3585592,-22009,202202,162,61,"U-21",7,68580,2,NA,49.9,2,4,1,5,44,NA,NA,NA,NA,1.73129,NA,NA,NA,"U-21","2022",3.91002100275747,3.78418963391826,9.19739089100655e-06,"NS"
"1591",3585593,-22009,202202,162,61,"U-21",7,68580,2,NA,47.7,2,4,1,5,40,NA,NA,NA,NA,1.73129,NA,NA,NA,"U-21","2022",3.8649313978943,3.68887945411394,0.000271050061596622,"NS"
"1592",3585594,-22009,202202,162,61,"U-21",7,68580,2,NA,49.9,2,4,1,5,42,NA,NA,NA,NA,1.73129,NA,NA,NA,"U-21","2022",3.91002100275747,3.73766961828337,0.000180778236639202,"NS"
"1602",3584100,-21994,202202,162,55,"T-22",7,68580,2,NA,50.9,2,4,1,5,45,NA,NA,NA,NA,1,NA,NA,NA,"T-22","2022",3.92986292355648,3.80666248977032,8.52678756378684e-05,"NS"
"1603",3584101,-21994,202202,162,55,"T-22",7,68580,2,NA,46.1,2,4,1,5,35,NA,NA,NA,NA,1,NA,NA,NA,"T-22","2022",3.8308129500026,3.55534806148941,9.80483441590277e-06,"NS"
"1604",3584102,-21994,202202,162,55,"T-22",7,68580,2,NA,41.9,2,4,1,5,29,NA,NA,NA,NA,1,NA,NA,NA,"T-22","2022",3.73528582692809,3.36729582998647,0.00362035990935849,"NS"
"1605",3584103,-21994,202202,162,55,"T-22",7,68580,2,NA,38.9,2,4,1,5,22,NA,NA,NA,NA,1,NA,NA,NA,"T-22","2022",3.6609942506244,3.09104245335832,0.000659849193264617,"NS"
"1606",3584104,-21994,202202,162,55,"T-22",7,68580,2,NA,57.4,2,4,1,5,68,NA,NA,NA,NA,1,NA,NA,NA,"T-22","2022",4.05004430332552,4.21950770517611,0.000490035839937176,"NS"
"1619",3584702,-21982,202202,162,51,"V-23",7,68580,2,NA,50.4,2,4,1,5,41,NA,NA,NA,NA,1,NA,NA,NA,"V-23","2022",3.91999117507732,3.71357206670431,0.00102966822820755,"NS"
"1620",3584703,-21982,202202,162,51,"V-23",7,68580,2,NA,41.9,2,4,1,5,27,NA,NA,NA,NA,1,NA,NA,NA,"V-23","2022",3.73528582692809,3.29583686600433,0.000200995082897813,"NS"
"1621",3584704,-21982,202202,162,51,"V-23",7,68580,2,NA,41.3,2,4,1,5,23,NA,NA,NA,NA,1,NA,NA,NA,"V-23","2022",3.72086249996699,3.13549421592915,0.00434308407506926,"NS"
"1622",3584705,-21982,202202,162,51,"V-23",7,68580,2,NA,44.1,2,4,1,5,30,NA,NA,NA,NA,1,NA,NA,NA,"V-23","2022",3.7864597824528,3.40119738166216,0.000104773323232241,"NS"
"1640",3584833,-21983,202202,162,52,"U-23",7,68580,2,NA,52.7,2,4,1,5,49,NA,NA,NA,NA,2.53165,NA,NA,NA,"U-23","2022",3.96461545554732,3.89182029811063,0.000239330726943082,"NS"
"1641",3584834,-21983,202202,162,52,"U-23",7,68580,2,NA,47.1,2,4,1,5,31,NA,NA,NA,NA,2.53165,NA,NA,NA,"U-23","2022",3.85227300102237,3.43398720448515,0.00498090203058258,"NS"
"1642",3584835,-21983,202202,162,52,"U-23",7,68580,2,NA,43.9,2,4,1,5,28,NA,NA,NA,NA,2.53165,NA,NA,NA,"U-23","2022",3.78191432008113,3.3322045101752,0.00161932773534962,"NS"
"1643",3584836,-21983,202202,162,52,"U-23",7,68580,2,NA,45.8,2,4,1,5,38,NA,NA,NA,NA,2.53165,NA,NA,NA,"U-23","2022",3.82428409112014,3.63758615972639,0.00233504529329521,"NS"
"1644",3584837,-21983,202202,162,52,"U-23",7,68580,2,NA,41.5,2,4,1,5,25,NA,NA,NA,NA,2.53165,NA,NA,NA,"U-23","2022",3.72569342723665,3.2188758248682,0.000334463881940075,"NS"
"1691",3584922,-22016,202202,162,68,"V-20",7,68580,2,NA,50.4,2,4,1,2,44,NA,NA,NA,NA,1,NA,NA,NA,"V-20","2022",3.91999117507732,3.78418963391826,5.04361294383299e-05,"NS"
"1692",3584923,-22016,202202,162,68,"V-20",7,68580,2,NA,44.6,2,4,1,5,32,NA,NA,NA,NA,1,NA,NA,NA,"V-20","2022",3.79773385902602,3.46573590279973,3.93762381963389e-05,"NS"
"1699",3586784,-21801,202202,162,2,"W-25",7,68580,2,NA,44.6,2,4,1,6,37,NA,NA,NA,NA,66.73655,NA,NA,NA,"W-25","2022",3.79773385902602,3.61091791264422,0.00618968497856397,"NS"
"1704",3584408,-21995,202202,162,56,"U-22",7,68580,2,NA,50.1,2,4,1,5,52,NA,NA,NA,NA,2.61135,NA,NA,NA,"U-22","2022",3.91402100809082,3.95124371858143,0.00337132781629282,"NS"
"1705",3584409,-21995,202202,162,56,"U-22",7,68580,2,NA,46.5,2,4,1,5,43,NA,NA,NA,NA,2.61135,NA,NA,NA,"U-22","2022",3.83945231259331,3.76120011569356,0.0062724420345734,"NS"
"1706",3584410,-21995,202202,162,56,"U-22",7,68580,2,NA,44.7,2,4,1,5,38,NA,NA,NA,NA,2.61135,NA,NA,NA,"U-22","2022",3.79997350161952,3.63758615972639,0.00773263002581452,"NS"
"1719",3586999,-21803,202202,162,4,"W-27",7,68580,2,NA,43.8,2,4,1,6,29,NA,NA,NA,NA,5.57297,NA,NA,NA,"W-27","2022",3.7796338173824,3.36729582998647,0.000332118377347481,"NS"
"1720",3587000,-21803,202202,162,4,"W-27",7,68580,2,NA,50.9,2,4,1,6,44,NA,NA,NA,NA,5.57297,NA,NA,NA,"W-27","2022",3.92986292355648,3.78418963391826,0.000296911900561135,"NS"
"1721",3587001,-21803,202202,162,4,"W-27",7,68580,2,NA,50,2,4,1,6,45,NA,NA,NA,NA,5.57297,NA,NA,NA,"W-27","2022",3.91202300542815,3.80666248977032,8.00928905340967e-05,"NS"
"1722",3587002,-21803,202202,162,4,"W-27",7,68580,2,NA,55.7,2,4,1,5,51,NA,NA,NA,NA,5.57297,NA,NA,NA,"W-27","2022",4.01998014693324,3.93182563272433,0.00556677161933318,"NS"
"1723",3587003,-21803,202202,162,4,"W-27",7,68580,2,NA,58.8,2,4,1,5,71,NA,NA,NA,NA,5.57297,NA,NA,NA,"W-27","2022",4.07414185490458,4.26267987704132,8.47277590972967e-05,"NS"
"1724",3587004,-21803,202202,162,4,"W-27",7,68580,2,NA,44.2,2,4,1,6,31,NA,NA,NA,NA,5.57297,NA,NA,NA,"W-27","2022",3.78872478908365,3.43398720448515,1.20676798298678e-05,"NS"
"1725",3587005,-21803,202202,162,4,"W-27",7,68580,2,NA,59.1,2,4,1,6,74,NA,NA,NA,NA,5.57297,NA,NA,NA,"W-27","2022",4.07923092441205,4.30406509320417,0.000645189643353955,"NS"
"1726",3587006,-21803,202202,162,4,"W-27",7,68580,2,NA,51.4,2,4,1,5,50,NA,NA,NA,NA,5.57297,NA,NA,NA,"W-27","2022",3.93963817246112,3.91202300542815,0.000341917503722604,"NS"
"1733",3584572,-21996,202202,162,57,"V-22",7,68580,2,NA,47.8,2,4,1,4,35,NA,NA,NA,NA,1,NA,NA,NA,"V-22","2022",3.86702563949741,3.55534806148941,0.00137287202293614,"NS"
"1734",3584573,-21996,202202,162,57,"V-22",7,68580,2,NA,39.1,2,4,1,5,22,NA,NA,NA,NA,1,NA,NA,NA,"V-22","2022",3.66612246699132,3.09104245335832,0.000171520896407549,"NS"
"1737",3584576,-21996,202202,162,57,"V-22",7,68580,2,NA,39.9,2,4,1,5,21,NA,NA,NA,NA,1,NA,NA,NA,"V-22","2022",3.68637632389582,3.04452243772342,0.00468662769077575,"NS"
"1744",3587179,-21807,202202,162,8,"X-23",7,68580,2,NA,51.4,2,4,1,4,45,NA,NA,NA,NA,16.37911,NA,NA,NA,"X-23","2022",3.93963817246112,3.80666248977032,0.000378604879776286,"NS"
"1745",3587180,-21807,202202,162,8,"X-23",7,68580,2,NA,56.4,2,4,1,5,59,NA,NA,NA,NA,16.37911,NA,NA,NA,"X-23","2022",4.03246915850401,4.07753744390572,0.000600375309903265,"NS"
"1751",3586345,-21806,202202,162,7,"X-24",7,68580,2,NA,47.4,2,4,1,6,34,NA,NA,NA,NA,9.69495,NA,NA,NA,"X-24","2022",3.85862222870103,3.52636052461616,0.00159550271772547,"NS"
"1752",3586346,-21806,202202,162,7,"X-24",7,68580,2,NA,49.4,2,4,1,6,41,NA,NA,NA,NA,9.69495,NA,NA,NA,"X-24","2022",3.89995042419388,3.71357206670431,0.000139983220156604,"NS"
"1753",3586347,-21806,202202,162,7,"X-24",7,68580,2,NA,53,2,4,1,6,46,NA,NA,NA,NA,9.69495,NA,NA,NA,"X-24","2022",3.97029191355212,3.8286413964891,0.00216655223495833,"NS"
"1754",3586348,-21806,202202,162,7,"X-24",7,68580,2,NA,47.9,2,4,1,6,35,NA,NA,NA,NA,9.69495,NA,NA,NA,"X-24","2022",3.86911550441687,3.55534806148941,0.00152968918807085,"NS"
"1755",3586349,-21806,202202,162,7,"X-24",7,68580,2,NA,46,2,4,1,6,31,NA,NA,NA,NA,9.69495,NA,NA,NA,"X-24","2022",3.8286413964891,3.43398720448515,0.00224389868392777,"NS"
"1766",3589370,-21917,202202,94,28,"X-18",7,68580,2,NA,45.8,2,4,1,5,36,NA,NA,NA,NA,1,NA,NA,NA,"X-18","2022",3.82428409112014,3.58351893845611,0.00058430128508453,"NS"
"1767",3589371,-21917,202202,94,28,"X-18",7,68580,2,NA,42.8,2,4,1,5,32,NA,NA,NA,NA,1,NA,NA,NA,"X-18","2022",3.75653810258775,3.46573590279973,0.00599572317191782,"NS"
"1768",3589372,-21917,202202,94,28,"X-18",7,68580,2,NA,52.4,2,4,1,5,50,NA,NA,NA,NA,1,NA,NA,NA,"X-18","2022",3.958906591327,3.91202300542815,2.24967513880296e-06,"NS"
"1769",3589373,-21917,202202,94,28,"X-18",7,68580,2,NA,62.1,2,4,1,5,84,NA,NA,NA,NA,1,NA,NA,NA,"X-18","2022",4.12874598893943,4.43081679884331,0.000381960014540727,"NS"
"1770",3585117,-21805,202202,162,6,"X-25",7,68580,2,NA,43.4,2,4,1,4,28,NA,NA,NA,NA,11.64661,NA,NA,NA,"X-25","2022",3.77045944110636,3.3322045101752,0.000567273979780262,"NS"
"1772",3585119,-21805,202202,162,6,"X-25",7,68580,2,NA,50.8,2,4,1,5,49,NA,NA,NA,NA,11.64661,NA,NA,NA,"X-25","2022",3.92789635458444,3.89182029811063,0.000530890245555893,"NS"
"1773",3585120,-21805,202202,162,6,"X-25",7,68580,2,NA,49.3,2,4,1,5,43,8,NA,NA,NA,11.64661,NA,NA,NA,"X-25","2022",3.89792408104864,3.76120011569356,5.28682213199874e-05,"NS"
"1774",3586569,-21804,202202,162,5,"X-26",7,68580,2,NA,50.8,2,4,1,6,43,NA,NA,NA,NA,7.83563,NA,NA,NA,"X-26","2022",3.92789635458444,3.76120011569356,0.000545842646933983,"NS"
"1775",3586570,-21804,202202,162,5,"X-26",7,68580,2,NA,54.3,2,4,1,6,57,NA,NA,NA,NA,7.83563,NA,NA,NA,"X-26","2022",3.99452422693989,4.04305126783455,0.000109035678570479,"NS"
"1777",3586572,-21804,202202,162,5,"X-26",7,68580,2,NA,44.5,2,4,1,6,29,NA,NA,NA,NA,7.83563,NA,NA,NA,"X-26","2022",3.79548918917219,3.36729582998647,0.00159803745109039,"NS"
"1778",3586573,-21804,202202,162,5,"X-26",7,68580,2,NA,53.5,2,4,1,5,46,NA,NA,NA,NA,7.83563,NA,NA,NA,"X-26","2022",3.97968165390196,3.8286413964891,0.00345602968685584,"NS"
"1779",3586574,-21804,202202,162,5,"X-26",7,68580,2,NA,48.5,2,4,1,5,40,NA,NA,NA,NA,7.83563,NA,NA,NA,"X-26","2022",3.88156379794344,3.68887945411394,3.42542659606991e-06,"NS"
"1780",3586575,-21804,202202,162,5,"X-26",7,68580,2,NA,46.4,2,4,1,5,36,NA,NA,NA,NA,7.83563,NA,NA,NA,"X-26","2022",3.83729945923221,3.58351893845611,5.04234970445421e-05,"NS"
"1781",3586576,-21804,202202,162,5,"X-26",7,68580,2,NA,50.9,2,4,1,5,45,NA,NA,NA,NA,7.83563,NA,NA,NA,"X-26","2022",3.92986292355648,3.80666248977032,8.52678756378684e-05,"NS"
"1782",3586577,-21804,202202,162,5,"X-26",7,68580,2,NA,46.8,2,4,1,5,39,NA,NA,NA,NA,7.83563,NA,NA,NA,"X-26","2022",3.8458832029236,3.66356164612965,0.000877755772407357,"NS"
"1792",3586467,-21802,202202,162,3,"W-26",7,68580,2,NA,46.9,2,4,1,5,42,NA,NA,NA,NA,9.70481,NA,NA,NA,"W-26","2022",3.84801767545223,3.73766961828337,0.00326084150515404,"NS"
"1794",3586469,-21802,202202,162,3,"W-26",7,68580,2,NA,46,2,4,1,5,42,NA,NA,NA,NA,9.70481,NA,NA,NA,"W-26","2022",3.8286413964891,3.73766961828337,0.00738169749543076,"NS"
"1795",3586470,-21802,202202,162,3,"W-26",7,68580,2,NA,44.9,2,4,1,5,33,NA,NA,NA,NA,9.70481,NA,NA,NA,"W-26","2022",3.80443779474821,3.49650756146648,0.000136562290074304,"NS"
"1796",3586471,-21802,202202,162,3,"W-26",7,68580,2,NA,47.6,2,4,1,5,42,NA,NA,NA,NA,9.70481,NA,NA,NA,"W-26","2022",3.86283276123737,3.73766961828337,0.00143045312869786,"NS"
"1798",3586473,-21802,202202,162,3,"W-26",7,68580,2,NA,52,2,4,1,5,52,NA,NA,NA,NA,9.70481,NA,NA,NA,"W-26","2022",3.95124371858143,3.95124371858143,0.000444021965750961,"NS"
"40",3154988,-17325,201702,162,22,"X-19",7,68580,2,NA,57.9,3,4,1,5,70,NA,NA,NA,NA,3.02754,NA,NA,NA,"X-19","2017",4.05871738457895,4.24849524204936,2.33009641891917e-05,"OS"
"98",3156952,-17366,201702,162,36,"X-26",7,68580,2,NA,38.8,3,4,1,6,24,NA,NA,NA,NA,1,NA,NA,NA,"X-26","2017",3.65842024662923,3.17805383034795,8.92243333036016e-05,"OS"
"135",3159165,-17385,201702,162,47,"BB-22",7,68580,2,NA,46,3,4,1,5,46,NA,NA,NA,NA,8.42994,NA,NA,NA,"BB-22","2017",3.8286413964891,3.8286413964891,0.0833256354391857,"OS"
"257",3162631,-17424,201702,162,70,"AA-19",7,68580,2,NA,41.3,3,4,1,5,32,NA,NA,NA,NA,1,NA,NA,NA,"AA-19","2017",3.72086249996699,3.46573590279973,0.0701928574884609,"OS"
"299",3163512,-17062,201702,162,1,"W-27",7,68580,2,NA,43.4,3,4,1,5,28,NA,NA,NA,NA,1,NA,NA,NA,"W-27","2017",3.77045944110636,3.3322045101752,0.0737512580557207,"OS"
"300",3163513,-17062,201702,162,1,"W-27",7,68580,2,NA,49,3,4,1,5,44,NA,NA,NA,NA,1,NA,NA,NA,"W-27","2017",3.89182029811063,3.78418963391826,0.000457433615209754,"OS"
"301",3163514,-17062,201702,162,1,"W-27",7,68580,2,NA,44.7,3,4,1,5,34,NA,NA,NA,NA,1,NA,NA,NA,"W-27","2017",3.79997350161952,3.52636052461616,0.00265412882032713,"OS"
"302",3163515,-17062,201702,162,1,"W-27",7,68580,2,NA,43.8,3,0,0,1,30,NA,NA,NA,NA,1,NA,NA,NA,"W-27","2017",3.7796338173824,3.40119738166216,0.0333161777710081,"OS"
"303",3163516,-17062,201702,162,1,"W-27",7,68580,2,NA,54.6,3,0,0,1,60,NA,NA,NA,NA,1,NA,NA,NA,"W-27","2017",4.00003388275086,4.0943445622221,3.91932489150337e-05,"OS"
"304",3163517,-17062,201702,162,1,"W-27",7,68580,2,NA,45.7,3,4,1,4,36,NA,NA,NA,NA,1,NA,NA,NA,"W-27","2017",3.82209829790016,3.58351893845611,0.00248973104985645,"OS"
"305",3163518,-17062,201702,162,1,"W-27",7,68580,2,NA,45.2,3,4,1,4,36,NA,NA,NA,NA,1,NA,NA,NA,"W-27","2017",3.81109708683819,3.58351893845611,3.32306894291688e-05,"OS"
"789",3352597,-19496,201902,94,1,"V-24",7,68580,2,NA,44.9,3,4,1,4,34,NA,NA,NA,NA,15.18644,NA,NA,NA,"V-24","2019",3.80443779474821,3.52636052461616,0.00488383034218202,"OS"
"811",3348328,-19768,201902,162,35,"DD-20",7,68580,2,NA,53.6,3,4,1,6,70,NA,NA,NA,NA,1,NA,NA,NA,"DD-20","2019",3.98154906807676,4.24849524204936,0.0619209851652703,"OS"
"812",3348329,-19768,201902,162,35,"DD-20",7,68580,2,NA,69.3,3,4,1,6,115,NA,NA,NA,NA,1,NA,NA,NA,"DD-20","2019",4.23844490619586,4.74493212836325,0.00425526076990457,"OS"
"813",3348330,-19768,201902,162,35,"DD-20",7,68580,2,NA,53.8,3,4,1,5,65,NA,NA,NA,NA,1,NA,NA,NA,"DD-20","2019",3.98527346716774,4.17438726989564,0.0223620711563137,"OS"
"842",3348555,-19767,201902,162,34,"DD-19",7,68580,2,NA,54.6,3,4,1,5,65,NA,NA,NA,NA,1,NA,NA,NA,"DD-19","2019",4.00003388275086,4.17438726989564,0.0111891175911486,"OS"
"910",3348937,-19825,201902,162,69,"U-20",7,68580,2,NA,46,3,4,1,4,36,NA,NA,NA,NA,1,NA,NA,NA,"U-20","2019",3.8286413964891,3.58351893845611,0.00554734204862793,"OS"
"1068",1977432,-7088,201002,94,16,"",7,68580,2,NA,67,3,0,4,1,110,NA,NA,NA,NA,13.1264,NA,NA,NA,"Y-01","2010",4.20469261939097,4.70048036579242,0.0309667758927701,"OS"
"1188",3583756,-21956,202202,162,40,"Y-25",7,68580,2,NA,59.2,3,4,1,3,73,NA,NA,NA,NA,2.96845,NA,NA,NA,"Y-25","2022",4.08092154188996,4.29045944114839,0.000507092124455439,"OS"
"1189",3583757,-21956,202202,162,40,"Y-25",7,68580,2,NA,56.4,3,4,1,4,67,NA,NA,NA,NA,2.96845,NA,NA,NA,"Y-25","2022",4.03246915850401,4.20469261939097,0.00159180177612865,"OS"
"1190",3583758,-21956,202202,162,40,"Y-25",7,68580,2,NA,46.1,3,4,1,4,36,NA,NA,NA,NA,2.96845,NA,NA,NA,"Y-25","2022",3.8308129500026,3.58351893845611,0.00678679277905823,"OS"
"1222",3582497,-21952,202202,162,36,"AA-23",7,68580,2,NA,54.5,3,4,1,5,55,NA,NA,NA,NA,18.85071,NA,NA,NA,"AA-23","2022",3.9982007016692,4.00733318523247,0.00910752571771014,"OS"
"1223",3582498,-21952,202202,162,36,"AA-23",7,68580,2,NA,61.4,3,4,1,3,89,NA,NA,NA,NA,18.85071,NA,NA,NA,"AA-23","2022",4.1174098351531,4.48863636973214,0.0268275344328368,"OS"
"1240",3580310,-21904,202202,162,21,"CC-18",7,68580,2,NA,50.6,3,4,1,6,50,NA,NA,NA,NA,1,NA,NA,NA,"CC-18","2022",3.92395157629342,3.91202300542815,0.000836220317150306,"OS"
"1411",3584301,-21999,202202,162,60,"V-21",7,68580,2,NA,50.4,3,4,1,5,44,NA,NA,NA,NA,1,NA,NA,NA,"V-21","2022",3.91999117507732,3.78418963391826,0.0115819266273717,"OS"
"1417",3582145,-21954,202202,162,38,"ZZ-23",7,68580,2,NA,54.6,3,4,1,4,60,NA,NA,NA,NA,20.99195,NA,NA,NA,"ZZ-23","2022",4.00003388275086,4.0943445622221,3.91932489150337e-05,"OS"
"1418",3582146,-21954,202202,162,38,"ZZ-23",7,68580,2,NA,44.7,3,4,1,5,33,NA,NA,NA,NA,20.99195,NA,NA,NA,"ZZ-23","2022",3.79997350161952,3.49650756146648,0.0101499430867205,"OS"
"1419",3582147,-21954,202202,162,38,"ZZ-23",7,68580,2,NA,48.3,3,4,1,5,46,NA,NA,NA,NA,20.99195,NA,NA,NA,"ZZ-23","2022",3.87743156065853,3.8286413964891,0.00679924060222031,"OS"
"1436",3583615,-21955,202202,162,39,"ZZ-24",7,68580,2,NA,56.9,3,4,1,6,66,NA,NA,NA,NA,4.85272,NA,NA,NA,"ZZ-24","2022",4.04129534113228,4.18965474202643,0.000172233929275492,"OS"
"1618",3584701,-21982,202202,162,51,"V-23",7,68580,2,NA,52.1,3,2,2,6,52,NA,NA,NA,NA,1,NA,NA,NA,"V-23","2022",3.95316494875932,3.95124371858143,0.000242965945691651,"OS"
"1727",3587007,-21803,202202,162,4,"W-27",7,68580,2,NA,68.2,3,2,2,6,115,NA,NA,NA,NA,5.57297,NA,NA,NA,"W-27","2022",4.22244456484942,4.74493212836325,0.0325372408519577,"OS"
"1793",3586468,-21802,202202,162,3,"W-26",7,68580,2,NA,50.6,3,4,1,5,52,NA,NA,NA,NA,9.70481,NA,NA,NA,"W-26","2022",3.92395157629342,3.95124371858143,0.00553969317006807,"OS"
