"","CRAB_ID","HAULJOIN","CRUISE","VESSEL","HAUL","STATION","SPECIES_KFRC","SPECIES_CODE","SEX","LENGTH","WIDTH","SHELL_CONDITION","EGG_COLOR","EGG_CONDITION","CLUTCH_SIZE","WEIGHT","DISEASE_CODE","DISEASE_DORSAL","DISEASE_VENTRAL","DISEASE_LEGS","SAMPLING_FACTOR","CHELA_HEIGHT","MERUS_LENGTH","COMMENTS","GIS_STATION","YEAR","log.length","log.weight","Cooks_D","SC"
"1",3153543,-17410,201702,162,60,"EE-02",2,69322,1,33.8,NA,2,NA,NA,NA,26,NA,NA,NA,NA,1,NA,NA,NA,"EE-02","2017",3.52046080248897,3.25809653802148,0.000476344788949542,"NS"
"2",3153544,-17410,201702,162,60,"EE-02",2,69322,1,34.7,NA,2,NA,NA,NA,26,NA,NA,NA,NA,1,NA,NA,NA,"EE-02","2017",3.54673968695281,3.25809653802148,0.00912824217463504,"NS"
"3",3156530,-17411,201702,162,61,"FF-02",2,69322,1,53.3,NA,2,NA,NA,NA,104,NA,NA,NA,NA,1,NA,NA,NA,"FF-02","2017",3.9759363311718,4.64439089914137,0.000609572325680561,"NS"
"4",3163695,-17429,201702,162,74,"AA-02",2,69322,1,142.3,NA,2,NA,NA,NA,2308,NA,NA,NA,NA,1,NA,NA,NA,"AA-02","2017",4.95793750509581,7.74413662762799,0.000508788860512397,"NS"
"5",3164272,-17088,201702,162,11,"S-20",2,69322,1,124.6,NA,2,NA,NA,NA,1626,NA,NA,NA,NA,1,38.4,NA,NA,"S-20","2017",4.82510860635335,7.39387829010776,0.00459317389072547,"NS"
"6",3166504,-17402,201702,94,48,"BB-05",2,69322,1,94.7,NA,2,NA,NA,NA,522,NA,NA,NA,NA,1,28.3,NA,NA,"BB-05","2017",4.55071400019203,6.25766758788264,0.0147064915793844,"NS"
"7",3166505,-17402,201702,94,48,"BB-05",2,69322,1,72,NA,2,NA,NA,NA,292,NA,NA,NA,NA,1,26,NA,NA,"BB-05","2017",4.27666611901606,5.67675380226828,0.000876278025002858,"NS"
"8",3166541,-17403,201702,94,49,"BB-04",2,69322,1,92.3,NA,2,NA,NA,NA,560,NA,NA,NA,NA,1,23.2,NA,NA,"BB-04","2017",4.52504414150881,6.32793678372919,0.00101563417414622,"NS"
"9",3166542,-17403,201702,94,49,"BB-04",2,69322,1,69.7,NA,2,NA,NA,NA,254,NA,NA,NA,NA,1,19.2,NA,NA,"BB-04","2017",4.24420031776648,5.53733426701854,0.000108233763663667,"NS"
"10",3166543,-17403,201702,94,49,"BB-04",2,69322,1,79.3,NA,2,NA,NA,NA,440,NA,NA,NA,NA,1,24.8,NA,NA,"BB-04","2017",4.3732381286408,6.08677472691231,0.00766053738753393,"NS"
"11",3166544,-17403,201702,94,49,"BB-04",2,69322,1,88.1,NA,2,NA,NA,NA,506,NA,NA,NA,NA,1,27.5,NA,NA,"BB-04","2017",4.47847253294213,6.22653666928747,5.02816232005797e-05,"NS"
"12",3167177,-17405,201702,94,51,"BB-03",2,69322,1,118.6,NA,2,NA,NA,NA,1096,NA,NA,NA,NA,1,29.6,NA,NA,"BB-03","2017",4.77575648656363,6.99942246750796,0.014484636919088,"NS"
"13",3167178,-17405,201702,94,51,"BB-03",2,69322,1,112.9,NA,2,NA,NA,NA,1112,NA,NA,NA,NA,1,35,NA,NA,"BB-03","2017",4.72650247115562,7.01391547481053,3.88588546132457e-05,"NS"
"14",3167179,-17405,201702,94,51,"BB-03",2,69322,1,126.4,NA,2,NA,NA,NA,1350,NA,NA,NA,NA,1,43.9,NA,NA,"BB-03","2017",4.83945148171276,7.20785987143248,0.0143099342410562,"NS"
"16",3167218,-17403,201702,94,49,"BB-04",2,69322,1,133.1,NA,2,NA,NA,NA,1832,NA,NA,NA,NA,1,43.8,NA,NA,"BB-04","2017",4.89110072540107,7.51316354523408,8.85434955926037e-08,"NS"
"17",3166277,-17377,201702,94,30,"AA-07",2,69322,1,54.3,NA,2,NA,NA,NA,132,NA,NA,NA,NA,1,14.1,NA,NA,"AA-07","2017",3.99452422693989,4.88280192258637,0.00594741038016329,"NS"
"19",3166281,-17388,201702,94,32,"BB-08",2,69322,1,26.8,NA,2,NA,NA,NA,14,NA,NA,NA,NA,1,8.5,NA,NA,"BB-08","2017",3.28840188751681,2.63905732961526,0.00771145184032868,"NS"
"20",3166282,-17388,201702,94,32,"BB-08",2,69322,1,31.6,NA,2,NA,NA,NA,20,NA,NA,NA,NA,1,8.3,NA,NA,"BB-08","2017",3.45315712059287,2.99573227355399,0.00614580348826455,"NS"
"21",3166404,-17449,201702,94,44,"DD-03",2,69322,1,20.4,NA,2,NA,NA,NA,6,NA,NA,NA,NA,1,5.7,NA,NA,"DD-03","2017",3.01553490085017,1.79175946922805,0.0107742645835485,"NS"
"26",3166434,-17389,201702,94,33,"BB-09",2,69322,1,31.8,NA,2,NA,NA,NA,20,NA,NA,NA,NA,1,8.4,NA,NA,"BB-09","2017",3.45946628978613,2.99573227355399,0.00949110565835063,"NS"
"28",3166436,-17389,201702,94,33,"BB-09",2,69322,1,30.6,NA,2,NA,NA,NA,20,NA,NA,NA,NA,1,9,NA,NA,"BB-09","2017",3.42100000895834,2.99573227355399,0.000504325365945466,"NS"
"29",3166445,-17447,201702,94,38,"CC-09",2,69322,1,25.2,NA,2,NA,NA,NA,10,NA,NA,NA,NA,1,7.2,NA,NA,"CC-09","2017",3.22684399451738,2.30258509299405,0.00810378288610907,"NS"
"30",3166446,-17447,201702,94,38,"CC-09",2,69322,1,23.5,NA,2,NA,NA,NA,8,NA,NA,NA,NA,1,6,NA,NA,"CC-09","2017",3.15700042115011,2.07944154167984,0.0111515362997067,"NS"
"32",3166448,-17447,201702,94,38,"CC-09",2,69322,1,30.6,NA,2,NA,NA,NA,18,NA,NA,NA,NA,1,7.1,NA,NA,"CC-09","2017",3.42100000895834,2.89037175789616,0.00761531024541042,"NS"
"33",3166457,-17392,201702,94,40,"CC-07",2,69322,1,20.6,NA,2,NA,NA,NA,6,NA,NA,NA,NA,1,6.2,NA,NA,"CC-07","2017",3.02529107579554,1.79175946922805,0.00341047051639558,"NS"
"34",3166458,-17392,201702,94,40,"CC-07",2,69322,1,109.1,NA,2,NA,NA,NA,1006,NA,NA,NA,NA,1,32.3,NA,NA,"CC-07","2017",4.69226489283902,6.91373735065968,9.67092788209826e-05,"NS"
"35",3166459,-17392,201702,94,40,"CC-07",2,69322,1,117,NA,2,NA,NA,NA,1314,NA,NA,NA,NA,1,39.3,NA,NA,"CC-07","2017",4.76217393479776,7.18083119904456,0.00241027624031029,"NS"
"36",3166460,-17392,201702,94,40,"CC-07",2,69322,1,84.5,NA,2,NA,NA,NA,528,NA,NA,NA,NA,1,26,NA,NA,"CC-07","2017",4.43675153436313,6.26909628370626,0.00709511870572895,"NS"
"37",3166461,-17392,201702,94,40,"CC-07",2,69322,1,71.1,NA,2,NA,NA,NA,282,NA,NA,NA,NA,1,20,NA,NA,"CC-07","2017",4.26408733680919,5.64190707093811,0.000992651798976508,"NS"
"38",3166462,-17392,201702,94,40,"CC-07",2,69322,1,80,NA,2,NA,NA,NA,376,NA,NA,NA,NA,1,22.3,NA,NA,"CC-07","2017",4.38202663467388,5.92958914338989,3.76309916189723e-05,"NS"
"39",3166463,-17392,201702,94,40,"CC-07",2,69322,1,84.6,NA,2,NA,NA,NA,488,NA,NA,NA,NA,1,25.6,NA,NA,"CC-07","2017",4.43793426661218,6.19031540585315,0.00163769941051728,"NS"
"40",3166464,-17392,201702,94,40,"CC-07",2,69322,1,86.9,NA,2,NA,NA,NA,574,NA,NA,NA,NA,1,29.3,NA,NA,"CC-07","2017",4.46475803227135,6.35262939631957,0.00716887259641682,"NS"
"41",3166465,-17392,201702,94,40,"CC-07",2,69322,1,86.8,NA,2,NA,NA,NA,556,NA,NA,NA,NA,1,25.8,NA,NA,"CC-07","2017",4.4636066216663,6.32076829425058,0.00478767185676253,"NS"
"42",3166466,-17392,201702,94,40,"CC-07",2,69322,1,76.4,NA,2,NA,NA,NA,370,NA,NA,NA,NA,1,17.6,NA,NA,"CC-07","2017",4.33598269617247,5.91350300563827,0.00323038061583845,"NS"
"43",3166477,-17388,201702,94,32,"BB-08",2,69322,1,28.8,NA,2,NA,NA,NA,18,NA,NA,NA,NA,1,8.2,NA,NA,"BB-08","2017",3.3603753871419,2.89037175789616,0.0130440104754396,"NS"
"50",3352405,-19783,201902,94,49,"AA-04",2,69322,1,71.5,NA,2,NA,NA,NA,286,NA,NA,NA,NA,1,NA,NA,NA,"AA-04","2019",4.26969744969996,5.65599181081985,0.000896552343517871,"NS"
"51",3352406,-19783,201902,94,49,"AA-04",2,69322,1,88.9,NA,2,NA,NA,NA,494,NA,NA,NA,NA,1,NA,NA,NA,"AA-04","2019",4.48751214251986,6.20253551718792,0.0012961085820765,"NS"
"52",3352407,-19783,201902,94,49,"AA-04",2,69322,1,83.1,NA,2,NA,NA,NA,398,NA,NA,NA,NA,1,NA,NA,NA,"AA-04","2019",4.4200447018614,5.98645200528444,0.00144715492731506,"NS"
"53",3352408,-19783,201902,94,49,"AA-04",2,69322,1,72.3,NA,2,NA,NA,NA,252,NA,NA,NA,NA,1,NA,NA,NA,"AA-04","2019",4.28082412916472,5.52942908751142,0.0023835637787399,"NS"
"54",3352409,-19783,201902,94,49,"AA-04",2,69322,1,62.5,NA,2,NA,NA,NA,166,NA,NA,NA,NA,1,NA,NA,NA,"AA-04","2019",4.13516655674236,5.11198778835654,0.0011470673640325,"NS"
"55",3352431,-19574,201902,94,14,"CC-06",2,69322,1,78.7,NA,2,NA,NA,NA,334,NA,NA,NA,NA,1,NA,NA,NA,"CC-06","2019",4.36564315542336,5.8111409929767,0.00163154290193516,"NS"
"56",3352433,-19576,201902,94,16,"BB-07",2,69322,1,66.3,NA,2,NA,NA,NA,184,NA,NA,NA,NA,1,NA,NA,NA,"BB-07","2019",4.19418989719182,5.21493575760899,0.00519355187572557,"NS"
"57",3352434,-19576,201902,94,16,"BB-07",2,69322,1,56.4,NA,2,NA,NA,NA,132,NA,NA,NA,NA,1,NA,NA,NA,"BB-07","2019",4.03246915850401,4.88280192258637,0.000123562888344378,"NS"
"58",3352435,-19576,201902,94,16,"BB-07",2,69322,1,81.6,NA,2,NA,NA,NA,346,NA,NA,NA,NA,1,NA,NA,NA,"BB-07","2019",4.40182926197006,5.84643877505772,0.00654222628834181,"NS"
"59",3352436,-19576,201902,94,16,"BB-07",2,69322,1,69.1,NA,2,NA,NA,NA,226,NA,NA,NA,NA,1,NA,NA,NA,"BB-07","2019",4.23555473077362,5.42053499927229,0.00112851505303877,"NS"
"61",3352440,-19738,201902,94,23,"BB-09",2,69322,1,41.9,NA,2,NA,NA,NA,48,NA,NA,NA,NA,1,NA,NA,NA,"BB-09","2019",3.73528582692809,3.87120101090789,0.00298394169906318,"NS"
"62",3352441,-19738,201902,94,23,"BB-09",2,69322,1,45.6,NA,2,NA,NA,NA,62,NA,NA,NA,NA,1,NA,NA,NA,"BB-09","2019",3.81990771652034,4.12713438504509,0.00283310715739495,"NS"
"63",3352447,-19748,201902,94,29,"AA-05",2,69322,1,54.2,NA,2,NA,NA,NA,112,NA,NA,NA,NA,1,NA,NA,NA,"AA-05","2019",3.9926809084456,4.71849887129509,0.000137333389316306,"NS"
"64",3354016,-19508,201902,94,10,"CC-05",2,69322,1,71.8,NA,2,NA,NA,NA,256,NA,NA,NA,NA,1,20.4,NA,NA,"CC-05","2019",4.27388447605418,5.54517744447956,0.000935096703253298,"NS"
"65",3354017,-19508,201902,94,10,"CC-05",2,69322,1,100.3,NA,2,NA,NA,NA,676,NA,NA,NA,NA,1,31.2,NA,NA,"CC-05","2019",4.60816569496789,6.51619307604296,0.00607480059256338,"NS"
"66",3354037,-19509,201902,94,11,"BB-05",2,69322,1,103.7,NA,2,NA,NA,NA,730,NA,NA,NA,NA,1,25.9,NA,NA,"BB-05","2019",4.64150211523548,6.59304453414244,0.00959809364172891,"NS"
"67",3354038,-19509,201902,94,11,"BB-05",2,69322,1,85.1,NA,2,NA,NA,NA,506,NA,NA,NA,NA,1,26.2,NA,NA,"BB-05","2019",4.44382703557933,6.22653666928747,0.00253016337945144,"NS"
"68",3354039,-19509,201902,94,11,"BB-05",2,69322,1,83.5,NA,2,NA,NA,NA,370,NA,NA,NA,NA,1,24.1,NA,NA,"BB-05","2019",4.42484663185681,5.91350300563827,0.00712077175058687,"NS"
"69",3354040,-19509,201902,94,11,"BB-05",2,69322,1,80.2,NA,2,NA,NA,NA,336,NA,NA,NA,NA,1,20.6,NA,NA,"BB-05","2019",4.38452351487247,5.8171111599632,0.00457240381842363,"NS"
"70",3354041,-19509,201902,94,11,"BB-05",2,69322,1,76.4,NA,2,NA,NA,NA,308,NA,NA,NA,NA,1,22.6,NA,NA,"BB-05","2019",4.33598269617247,5.73009978297357,0.00119314103305255,"NS"
"71",3354064,-19510,201902,94,12,"BB-06",2,69322,1,86.8,NA,2,NA,NA,NA,482,NA,NA,NA,NA,1,NA,NA,NA,"BB-06","2019",4.4636066216663,6.1779441140506,7.15464034206847e-05,"NS"
"72",3354065,-19510,201902,94,12,"BB-06",2,69322,1,70.7,NA,2,NA,NA,NA,256,NA,NA,NA,NA,1,NA,NA,NA,"BB-06","2019",4.25844557290253,5.54517744447956,5.24909933852836e-05,"NS"
"73",3354066,-19510,201902,94,12,"BB-06",2,69322,1,69,NA,2,NA,NA,NA,248,NA,NA,NA,NA,1,NA,NA,NA,"BB-06","2019",4.23410650459726,5.51342874616498,0.000194686072797277,"NS"
"74",3354067,-19510,201902,94,12,"BB-06",2,69322,1,68.3,NA,2,NA,NA,NA,228,NA,NA,NA,NA,1,NA,NA,NA,"BB-06","2019",4.22390976657674,5.42934562895444,0.00013789734332865,"NS"
"75",3354068,-19510,201902,94,12,"BB-06",2,69322,1,76.4,NA,2,NA,NA,NA,322,NA,NA,NA,NA,1,NA,NA,NA,"BB-06","2019",4.33598269617247,5.77455154554441,0.000153619941698023,"NS"
"76",3354069,-19510,201902,94,12,"BB-06",2,69322,1,75.7,NA,2,NA,NA,NA,320,NA,NA,NA,NA,1,NA,NA,NA,"BB-06","2019",4.3267781604434,5.76832099579377,1.77648028279152e-06,"NS"
"77",3353344,-19782,201902,94,48,"AA-03",2,69322,1,69.3,NA,2,NA,NA,NA,246,NA,NA,NA,NA,1,NA,NA,NA,"AA-03","2019",4.23844490619586,5.50533153593236,1.19442337108473e-05,"NS"
"80",3353347,-19782,201902,94,48,"AA-03",2,69322,1,85.9,NA,2,NA,NA,NA,528,NA,NA,NA,NA,1,NA,NA,NA,"AA-03","2019",4.45318382899021,6.26909628370626,0.00337157114329431,"NS"
"81",3353348,-19782,201902,94,48,"AA-03",2,69322,1,75.8,NA,2,NA,NA,NA,318,NA,NA,NA,NA,1,NA,NA,NA,"AA-03","2019",4.32809829264833,5.76205138278018,4.18763020720057e-05,"NS"
"82",3353349,-19782,201902,94,48,"AA-03",2,69322,1,63.8,NA,2,NA,NA,NA,198,NA,NA,NA,NA,1,NA,NA,NA,"AA-03","2019",4.15575319035074,5.28826703069454,0.000509698618298299,"NS"
"83",3353350,-19782,201902,94,48,"AA-03",2,69322,1,67.4,NA,2,NA,NA,NA,238,NA,NA,NA,NA,1,NA,NA,NA,"AA-03","2019",4.21064501791826,5.47227067367148,0.000859022288740774,"NS"
"84",3353351,-19782,201902,94,48,"AA-03",2,69322,1,67.8,NA,2,NA,NA,NA,248,NA,NA,NA,NA,1,NA,NA,NA,"AA-03","2019",4.21656219494635,5.51342874616498,0.00163849089214299,"NS"
"85",3353352,-19782,201902,94,48,"AA-03",2,69322,1,71.6,NA,2,NA,NA,NA,260,NA,NA,NA,NA,1,NA,NA,NA,"AA-03","2019",4.2710950739666,5.56068163101553,0.00035243751510131,"NS"
"86",3353353,-19782,201902,94,48,"AA-03",2,69322,1,72.2,NA,2,NA,NA,NA,298,NA,NA,NA,NA,1,NA,NA,NA,"AA-03","2019",4.27944004589878,5.6970934865054,0.00125181289308641,"NS"
"87",3353354,-19782,201902,94,48,"AA-03",2,69322,1,68.7,NA,2,NA,NA,NA,270,NA,NA,NA,NA,1,NA,NA,NA,"AA-03","2019",4.2297491992283,5.59842195899838,0.00384994836904121,"NS"
"88",3354083,-19750,201902,94,31,"ZZ-04",2,69322,1,66.8,NA,2,NA,NA,NA,224,NA,NA,NA,NA,1,NA,NA,NA,"ZZ-04","2019",4.2017030805426,5.41164605185504,0.000173357070853108,"NS"
"89",3354084,-19750,201902,94,31,"ZZ-04",2,69322,1,61.3,NA,2,NA,NA,NA,158,NA,NA,NA,NA,1,NA,NA,NA,"ZZ-04","2019",4.11577984294217,5.06259503302697,0.000836194799130975,"NS"
"90",3354143,-19781,201902,94,47,"BB-03",2,69322,1,70.4,NA,2,NA,NA,NA,246,NA,NA,NA,NA,1,NA,NA,NA,"BB-03","2019",4.254193263164,5.50533153593236,0.000411641329277968,"NS"
"91",3354144,-19781,201902,94,47,"BB-03",2,69322,1,75.4,NA,2,NA,NA,NA,352,NA,NA,NA,NA,1,NA,NA,NA,"BB-03","2019",4.32280727501391,5.8636311755981,0.00270166105377978,"NS"
"92",3355147,-19784,201902,94,50,"BB-04",2,69322,1,100.3,NA,2,NA,NA,NA,750,NA,NA,NA,NA,1,NA,NA,NA,"BB-04","2019",4.60816569496789,6.62007320653036,0.000155616775830895,"NS"
"93",3355148,-19784,201902,94,50,"BB-04",2,69322,1,61.9,NA,2,NA,NA,NA,148,NA,NA,NA,NA,1,NA,NA,NA,"BB-04","2019",4.12552017969055,4.99721227376411,0.00592860976974731,"NS"
"94",3355149,-19784,201902,94,50,"BB-04",2,69322,1,72.7,NA,2,NA,NA,NA,280,NA,NA,NA,NA,1,NA,NA,NA,"BB-04","2019",4.28634138453947,5.63478960316925,3.10068307270728e-05,"NS"
"95",3355150,-19784,201902,94,50,"BB-04",2,69322,1,77.3,NA,2,NA,NA,NA,364,NA,NA,NA,NA,1,NA,NA,NA,"BB-04","2019",4.34769395559338,5.89715386763674,0.000951147655177146,"NS"
"96",3354145,-19781,201902,94,47,"BB-03",2,69322,1,65.5,NA,2,NA,NA,NA,212,NA,NA,NA,NA,1,NA,NA,NA,"BB-03","2019",4.18205014264121,5.35658627467201,0.000256238114071811,"NS"
"97",3354146,-19781,201902,94,47,"BB-03",2,69322,1,75.7,NA,2,NA,NA,NA,278,NA,NA,NA,NA,1,NA,NA,NA,"BB-03","2019",4.3267781604434,5.62762111369064,0.00506457498395254,"NS"
"98",3354147,-19781,201902,94,47,"BB-03",2,69322,1,72.1,NA,2,NA,NA,NA,304,NA,NA,NA,NA,1,NA,NA,NA,"BB-03","2019",4.2780540442909,5.71702770140622,0.00223034020320496,"NS"
"100",3354149,-19781,201902,94,47,"BB-03",2,69322,1,65.1,NA,2,NA,NA,NA,276,NA,NA,NA,NA,1,NA,NA,NA,"BB-03","2019",4.17592454921452,5.62040086571715,0.0242458114416432,"NS"
"101",3354150,-19781,201902,94,47,"BB-03",2,69322,1,86.1,NA,2,NA,NA,NA,496,NA,NA,NA,NA,1,NA,NA,NA,"BB-03","2019",4.45550941143368,6.20657592672493,0.000422506822847207,"NS"
"102",3354151,-19781,201902,94,47,"BB-03",2,69322,1,74.1,NA,2,NA,NA,NA,332,NA,NA,NA,NA,1,NA,NA,NA,"BB-03","2019",4.30541553230204,5.80513496891649,0.00243153332433203,"NS"
"103",3354152,-19781,201902,94,47,"BB-03",2,69322,1,76.2,NA,2,NA,NA,NA,372,NA,NA,NA,NA,1,NA,NA,NA,"BB-03","2019",4.3333614626926,5.91889385427315,0.0040300903183259,"NS"
"104",3354153,-19781,201902,94,47,"BB-03",2,69322,1,66.7,NA,2,NA,NA,NA,218,NA,NA,NA,NA,1,NA,NA,NA,"BB-03","2019",4.20020495292158,5.38449506278909,4.48898649127849e-06,"NS"
"105",3354154,-19781,201902,94,47,"BB-03",2,69322,1,65.7,NA,2,NA,NA,NA,204,NA,NA,NA,NA,1,NA,NA,NA,"BB-03","2019",4.18509892549057,5.31811999384422,5.76396847454712e-05,"NS"
"106",3354155,-19781,201902,94,47,"BB-03",2,69322,1,77,NA,2,NA,NA,NA,380,NA,NA,NA,NA,1,NA,NA,NA,"BB-03","2019",4.34380542185368,5.94017125272043,0.00339843014673704,"NS"
"108",3345388,-19506,201902,162,12,"CC-03",2,69322,1,61.8,NA,2,NA,NA,NA,180,NA,NA,NA,NA,1,NA,NA,NA,"CC-03","2019",4.12390336446365,5.19295685089021,0.000598960393552321,"NS"
"109",3345389,-19506,201902,162,12,"CC-03",2,69322,1,45.7,NA,2,NA,NA,NA,64,NA,NA,NA,NA,1,NA,NA,NA,"CC-03","2019",3.82209829790016,4.15888308335967,0.00131434182195945,"NS"
"110",3345390,-19506,201902,162,12,"CC-03",2,69322,1,75.3,NA,2,NA,NA,NA,300,NA,NA,NA,NA,1,NA,NA,NA,"CC-03","2019",4.32148013480585,5.7037824746562,0.000634743962524308,"NS"
"111",3345391,-19506,201902,162,12,"CC-03",2,69322,1,68.1,NA,2,NA,NA,NA,252,NA,NA,NA,NA,1,NA,NA,NA,"CC-03","2019",4.22097721315547,5.52942908751142,0.00173160097511227,"NS"
"112",3345392,-19506,201902,162,12,"CC-03",2,69322,1,81.3,NA,2,NA,NA,NA,422,NA,NA,NA,NA,1,NA,NA,NA,"CC-03","2019",4.39814601655377,6.04500531403601,0.000766247720061419,"NS"
"114",3345837,-19740,201902,162,24,"CC-02",2,69322,1,96.4,NA,2,NA,NA,NA,725,NA,NA,NA,NA,1,NA,NA,NA,"CC-02","2019",4.5685062016165,6.58617165485467,0.0017219012529342,"NS"
"115",3345838,-19740,201902,162,24,"CC-02",2,69322,1,85.2,NA,2,NA,NA,NA,560,NA,NA,NA,NA,1,NA,NA,NA,"CC-02","2019",4.44500143383527,6.32793678372919,0.0105392283816601,"NS"
"116",3345839,-19740,201902,162,24,"CC-02",2,69322,1,80.3,NA,2,NA,NA,NA,410,NA,NA,NA,NA,1,NA,NA,NA,"CC-02","2019",4.38576962095272,6.01615715969835,0.0010400049229286,"NS"
"117",3345840,-19740,201902,162,24,"CC-02",2,69322,1,71.8,NA,2,NA,NA,NA,325,NA,NA,NA,NA,1,NA,NA,NA,"CC-02","2019",4.27388447605418,5.78382518232974,0.00742595551096478,"NS"
"118",3345841,-19740,201902,162,24,"CC-02",2,69322,1,83.7,NA,2,NA,NA,NA,470,NA,NA,NA,NA,1,NA,NA,NA,"CC-02","2019",4.42723897749543,6.1527326947041,0.00142272817066394,"NS"
"122",3345276,-19505,201902,162,11,"CC-04",2,69322,1,80.5,NA,2,NA,NA,NA,322,NA,NA,NA,NA,1,NA,NA,NA,"CC-04","2019",4.38825718442452,5.77455154554441,0.00912318817711702,"NS"
"123",3345277,-19505,201902,162,11,"CC-04",2,69322,1,66.9,NA,2,NA,NA,NA,212,NA,NA,NA,NA,1,NA,NA,NA,"CC-04","2019",4.20319896713418,5.35658627467201,0.000259229331700506,"NS"
"124",3345278,-19505,201902,162,11,"CC-04",2,69322,1,85.8,NA,2,NA,NA,NA,454,NA,NA,NA,NA,1,NA,NA,NA,"CC-04","2019",4.45201900649392,6.11809719804135,0.00045481679981747,"NS"
"125",1990073,-7150,201002,94,78,"",2,69322,1,97,NA,2,NA,NA,NA,742,NA,NA,NA,NA,1,28,NA,NA,"CC-04","2010",4.57471097850338,6.60934924316738,0.00195502703664148,"NS"
"126",1988670,-7135,201002,94,63,"",2,69322,1,94,NA,2,NA,NA,NA,644,NA,NA,NA,NA,1,29,NA,NA,"BB-06","2010",4.54329478227,6.46769872610435,0.00027331574068216,"NS"
"127",1988671,-7135,201002,94,63,"",2,69322,1,82,NA,2,NA,NA,NA,416,NA,NA,NA,NA,1,24,NA,NA,"BB-06","2010",4.40671924726425,6.03068526026126,4.44453204178742e-05,"NS"
"130",1988695,-7137,201002,94,65,"",2,69322,1,123,NA,2,NA,NA,NA,1322,NA,NA,NA,NA,1,40,NA,NA,"BB-07","2010",4.81218435537242,7.18690102041163,0.00433515628442187,"NS"
"131",1988727,-7147,201002,94,75,"",2,69322,1,29,NA,2,NA,NA,NA,16,NA,NA,NA,NA,1,9,NA,NA,"CC-07","2010",3.36729582998647,2.77258872223978,0.00153903752319837,"NS"
"132",1988705,-7138,201002,94,66,"",2,69322,1,102,NA,2,NA,NA,NA,866,NA,NA,NA,NA,1,33,NA,NA,"AA-07","2010",4.62497281328427,6.76388490856244,0.00214474778438889,"NS"
"141",1987961,-7120,201002,94,48,"",2,69322,1,60,NA,2,NA,NA,NA,126,NA,NA,NA,NA,1,11,NA,NA,"DD-03","2010",4.0943445622221,4.83628190695148,0.0125042885666775,"NS"
"142",1987962,-7120,201002,94,48,"",2,69322,1,46,NA,2,NA,NA,NA,60,NA,NA,NA,NA,1,11,NA,NA,"DD-03","2010",3.8286413964891,4.0943445622221,0.00858997315169158,"NS"
"143",1988951,-7131,201002,94,59,"",2,69322,1,95,NA,2,NA,NA,NA,758,NA,NA,NA,NA,1,31,NA,NA,"AA-05","2010",4.55387689160054,6.63068338564237,0.00886155252601002,"NS"
"150",1988178,-7134,201002,94,62,"",2,69322,1,87,NA,2,NA,NA,NA,506,NA,NA,NA,NA,1,27,NA,NA,"BB-05","2010",4.46590811865458,6.22653666928747,0.000199539024604964,"NS"
"151",1988179,-7134,201002,94,62,"",2,69322,1,75,NA,2,NA,NA,NA,324,NA,NA,NA,NA,1,21,NA,NA,"BB-05","2010",4.31748811353631,5.78074351579233,0.000361142042777696,"NS"
"159",1989614,-7149,201002,94,77,"",2,69322,1,83,NA,2,NA,NA,NA,456,NA,NA,NA,NA,1,25,NA,NA,"CC-05","2010",4.4188406077966,6.12249280951439,0.00124032069768486,"NS"
"160",1989615,-7149,201002,94,77,"",2,69322,1,89,NA,2,NA,NA,NA,566,NA,NA,NA,NA,1,26,NA,NA,"CC-05","2010",4.48863636973214,6.33859407820318,0.00142299825956951,"NS"
"161",1989616,-7149,201002,94,77,"",2,69322,1,86,NA,2,NA,NA,NA,432,NA,NA,NA,NA,1,26,NA,NA,"CC-05","2010",4.45434729625351,6.06842558824411,0.00270751529408179,"NS"
"162",1989617,-7149,201002,94,77,"",2,69322,1,96,NA,2,NA,NA,NA,730,NA,NA,NA,NA,1,30,NA,NA,"CC-05","2010",4.56434819146784,6.59304453414244,0.00282529084914657,"NS"
"163",1989618,-7149,201002,94,77,"",2,69322,1,86,NA,2,NA,NA,NA,488,NA,NA,NA,NA,1,27,NA,NA,"CC-05","2010",4.45434729625351,6.19031540585315,0.000187698400518705,"NS"
"164",1989619,-7149,201002,94,77,"",2,69322,1,107,NA,2,NA,NA,NA,964,NA,NA,NA,NA,1,34,NA,NA,"CC-05","2010",4.67282883446191,6.87109129461055,0.000457594166998208,"NS"
"165",1989620,-7149,201002,94,77,"",2,69322,1,113,NA,2,NA,NA,NA,1126,NA,NA,NA,NA,1,37,NA,NA,"CC-05","2010",4.72738781871234,7.02642680869964,0.000176700794247646,"NS"
"166",1989621,-7149,201002,94,77,"",2,69322,1,120,NA,2,NA,NA,NA,1302,NA,NA,NA,NA,1,38,NA,NA,"CC-05","2010",4.78749174278205,7.17165682276851,0.00028677410559191,"NS"
"167",1989622,-7149,201002,94,77,"",2,69322,1,98,NA,2,NA,NA,NA,824,NA,NA,NA,NA,1,31,NA,NA,"CC-05","2010",4.58496747867057,6.71417052990947,0.00803698980315339,"NS"
"168",1989623,-7149,201002,94,77,"",2,69322,1,97,NA,2,NA,NA,NA,702,NA,NA,NA,NA,1,30,NA,NA,"CC-05","2010",4.57471097850338,6.55393340402581,0.00011130679720103,"NS"
"169",1989624,-7149,201002,94,77,"",2,69322,1,101,NA,2,NA,NA,NA,808,NA,NA,NA,NA,1,32,NA,NA,"CC-05","2010",4.61512051684126,6.69456205852109,0.000445121431674619,"NS"
"170",1989625,-7149,201002,94,77,"",2,69322,1,106,NA,2,NA,NA,NA,840,NA,NA,NA,NA,1,32,NA,NA,"CC-05","2010",4.66343909411207,6.73340189183736,0.00267613584806407,"NS"
"173",1989628,-7149,201002,94,77,"",2,69322,1,29,NA,2,NA,NA,NA,16,NA,NA,NA,NA,1,8,NA,NA,"CC-05","2010",3.36729582998647,2.77258872223978,0.00153903752319837,"NS"
"174",3496562,-20667,202102,162,55,"BB-07",2,69322,1,55.7,NA,2,NA,NA,NA,123,NA,NA,NA,NA,1,15,NA,NA,"BB-07","2021",4.01998014693324,4.81218435537242,3.95373849639817e-05,"NS"
"182",3496594,-20670,202102,162,58,"BB-08",2,69322,1,81.6,NA,2,NA,NA,NA,349,NA,NA,NA,NA,1,26.1,NA,NA,"BB-08","2021",4.40182926197006,5.85507192220243,0.00583951002165314,"NS"
"183",3504564,-20660,202102,94,35,"CC-04",2,69322,1,76.9,NA,2,NA,NA,NA,284,NA,NA,NA,NA,1,NA,NA,NA,"CC-04","2021",4.3425058765116,5.64897423816121,0.00726730737275422,"NS"
"184",3504565,-20660,202102,94,35,"CC-04",2,69322,1,78.1,NA,2,NA,NA,NA,350,NA,NA,NA,NA,1,NA,NA,NA,"CC-04","2021",4.35799005684564,5.85793315448346,2.26409840263541e-05,"NS"
"185",3504566,-20660,202102,94,35,"CC-04",2,69322,1,96.6,NA,2,NA,NA,NA,620,NA,NA,NA,NA,1,NA,NA,NA,"CC-04","2021",4.57057874121847,6.42971947803914,0.00323815353939167,"NS"
"186",3504567,-20660,202102,94,35,"CC-04",2,69322,1,76.7,NA,2,NA,NA,NA,320,NA,NA,NA,NA,1,NA,NA,NA,"CC-04","2021",4.33990170837321,5.76832099579377,0.000465073316481176,"NS"
"187",3504568,-20660,202102,94,35,"CC-04",2,69322,1,95.7,NA,2,NA,NA,NA,606,NA,NA,NA,NA,1,NA,NA,NA,"CC-04","2021",4.56121829845891,6.40687998606931,0.00277793127169644,"NS"
"189",3504570,-20661,202102,94,36,"BB-04",2,69322,1,107.4,NA,2,NA,NA,NA,876,NA,NA,NA,NA,1,NA,NA,NA,"BB-04","2021",4.67656018207476,6.77536609093639,0.00265456342143205,"NS"
"190",3504571,-20661,202102,94,36,"BB-04",2,69322,1,118.2,NA,2,NA,NA,NA,1084,NA,NA,NA,NA,1,NA,NA,NA,"BB-04","2021",4.772378104972,6.98841318199959,0.0144797178854994,"NS"
"191",3504572,-20661,202102,94,36,"BB-04",2,69322,1,103.9,NA,2,NA,NA,NA,780,NA,NA,NA,NA,1,NA,NA,NA,"BB-04","2021",4.64342889810518,6.65929391968364,0.00343981287158509,"NS"
"192",3504573,-20661,202102,94,36,"BB-04",2,69322,1,105.9,NA,2,NA,NA,NA,780,NA,NA,NA,NA,1,NA,NA,NA,"BB-04","2021",4.66249525260736,6.65929391968364,0.00987439735850579,"NS"
"193",3504579,-20661,202102,94,36,"BB-04",2,69322,1,101.7,NA,2,NA,NA,NA,692,NA,NA,NA,NA,1,NA,NA,NA,"BB-04","2021",4.62202730305451,6.53958595561767,0.00838626867802714,"NS"
"194",3504580,-20661,202102,94,36,"BB-04",2,69322,1,84.8,NA,2,NA,NA,NA,396,NA,NA,NA,NA,1,NA,NA,NA,"BB-04","2021",4.44029554279786,5.98141421125448,0.00557519627248878,"NS"
"198",3496362,-20667,202102,162,55,"BB-07",2,69322,1,33.4,NA,2,NA,NA,NA,29,NA,NA,NA,NA,1,10,NA,NA,"BB-07","2021",3.50855589998265,3.36729582998647,0.0136935011334179,"NS"
"203",3496367,-20667,202102,162,55,"BB-07",2,69322,1,89.8,NA,2,NA,NA,NA,555,NA,NA,NA,NA,1,26.8,NA,NA,"BB-07","2021",4.49758497530815,6.31896811374643,0.000132946044751637,"NS"
"205",3503845,-20645,202102,94,32,"ZZ-02",2,69322,1,105.6,NA,2,NA,NA,NA,786,NA,NA,NA,NA,1,NA,NA,NA,"ZZ-02","2021",4.65965837127216,6.66695679242921,0.00775881770748617,"NS"
"206",3499052,-21015,202102,162,46,"CC-03",2,69322,1,52.3,NA,2,NA,NA,NA,103,NA,NA,NA,NA,1,14.6,NA,NA,"CC-03","2021",3.95699637107088,4.63472898822964,1.03161989035195e-05,"NS"
"207",3499053,-21015,202102,162,46,"CC-03",2,69322,1,106.4,NA,2,NA,NA,NA,882,NA,NA,NA,NA,1,35.7,NA,NA,"CC-03","2021",4.66720557690754,6.78219205600679,0.000724974057527609,"NS"
"212",3578476,-21866,202202,162,10,"DD-03",2,69322,1,21.3,NA,2,NA,NA,NA,6,NA,NA,NA,NA,1,NA,NA,NA,"DD-03","2022",3.05870707271538,1.79175946922805,0.00843190522081305,"NS"
"216",3590278,-21965,202202,94,44,"ZZ-04",2,69322,1,108,NA,2,NA,NA,NA,1040,NA,NA,NA,NA,1,NA,NA,NA,"ZZ-04","2022",4.68213122712422,6.94697599213542,0.00290811397159668,"NS"
"218",3587629,-21868,202202,94,15,"BB-05",2,69322,1,78.9,NA,2,NA,NA,NA,356,NA,NA,NA,NA,1,NA,NA,NA,"BB-05","2022",4.36818122785183,5.87493073085203,0.000146741954563334,"NS"
"221",3587669,-21881,202202,94,21,"CC-03",2,69322,1,93.5,NA,2,NA,NA,NA,758,NA,NA,NA,NA,1,NA,NA,NA,"CC-03","2022",4.53796143629464,6.63068338564237,0.014712354812652,"NS"
"222",3587670,-21881,202202,94,21,"CC-03",2,69322,1,112.9,NA,2,NA,NA,NA,1200,NA,NA,NA,NA,1,NA,NA,NA,"CC-03","2022",4.72650247115562,7.09007683577609,0.00373517525105075,"NS"
"223",3587671,-21881,202202,94,21,"CC-03",2,69322,1,114.9,NA,2,NA,NA,NA,1328,NA,NA,NA,NA,1,NA,NA,NA,"CC-03","2022",4.74406218485471,7.19142933003638,0.00940903595287523,"NS"
"224",3587672,-21881,202202,94,21,"CC-03",2,69322,1,111.6,NA,2,NA,NA,NA,1032,NA,NA,NA,NA,1,NA,NA,NA,"CC-03","2022",4.71492104994721,6.93925394604151,0.000462785604941986,"NS"
"226",3587793,-21879,202202,94,19,"BB-04",2,69322,1,119.5,NA,2,NA,NA,NA,1434,NA,NA,NA,NA,1,NA,NA,NA,"BB-04","2022",4.78331637137157,7.26822302115957,0.00452602919613443,"NS"
"227",3587794,-21879,202202,94,19,"BB-04",2,69322,1,109.5,NA,2,NA,NA,NA,1120,NA,NA,NA,NA,1,NA,NA,NA,"BB-04","2022",4.69592454925656,7.02108396428914,0.00588514748065554,"NS"
"15",3167180,-17405,201702,94,51,"BB-03",2,69322,1,116.9,NA,3,NA,NA,NA,1228,NA,NA,NA,NA,1,40.9,NA,NA,"BB-03","2017",4.76131886847802,7.11314210870709,0.00355236340863451,"OS"
"22",3166418,-17450,201702,94,45,"CC-03",2,69322,1,92.8,NA,3,NA,NA,NA,668,NA,NA,NA,NA,1,31.7,NA,NA,"CC-03","2017",4.53044663979215,6.50428817353665,3.47527220084323e-06,"OS"
"23",3166419,-17450,201702,94,45,"CC-03",2,69322,1,104.9,NA,3,NA,NA,NA,1192,NA,NA,NA,NA,1,34.6,NA,NA,"CC-03","2017",4.65300751540225,7.0833878476253,0.0201962839997356,"OS"
"24",3166420,-17450,201702,94,45,"CC-03",2,69322,1,122.2,NA,3,NA,NA,NA,1732,NA,NA,NA,NA,1,41.7,NA,NA,"CC-03","2017",4.8056590467375,7.45703208912238,0.0217631126719307,"OS"
"25",3166421,-17450,201702,94,45,"CC-03",2,69322,1,72.3,NA,3,NA,NA,NA,288,NA,NA,NA,NA,1,22.4,NA,NA,"CC-03","2017",4.28082412916472,5.66296048013595,0.0251688022650255,"OS"
"44",3342886,-19579,201902,162,14,"DD-02",2,69322,1,86.7,NA,3,NA,NA,NA,534,NA,NA,NA,NA,1,NA,NA,NA,"DD-02","2019",4.4624538837865,6.2803958389602,0.000495642506476039,"OS"
"45",3342887,-19579,201902,162,14,"DD-02",2,69322,1,75.2,NA,3,NA,NA,NA,372,NA,NA,NA,NA,1,NA,NA,NA,"DD-02","2019",4.32015123095579,5.91889385427315,0.000999161345706374,"OS"
"46",3342888,-19579,201902,162,14,"DD-02",2,69322,1,110.5,NA,3,NA,NA,NA,1172,NA,NA,NA,NA,1,NA,NA,NA,"DD-02","2019",4.70501552095781,7.06646697013696,0.00134453791606667,"OS"
"48",3221038,-18203,201802,162,214,"NBS-48",2,69322,1,124.3,NA,3,NA,NA,NA,1494,NA,NA,NA,NA,1,37,NA,NA,"NBS-48","2018",4.82269799851667,7.30921236569276,0.00295673753511628,"OS"
"49",3221037,-18203,201802,162,214,"NBS-48",2,69322,1,107.6,NA,3,NA,NA,NA,976,NA,NA,NA,NA,1,34.5,NA,NA,"NBS-48","2018",4.67842064772768,6.88346258641309,0.00146648896435091,"OS"
"60",3352439,-19738,201902,94,23,"BB-09",2,69322,1,129.6,NA,3,NA,NA,NA,1638,NA,NA,NA,NA,1,NA,NA,NA,"BB-09","2019",4.86445278391817,7.40123126441302,0.00956652068434251,"OS"
"78",3353345,-19782,201902,94,48,"AA-03",2,69322,1,85.8,NA,3,NA,NA,NA,510,NA,NA,NA,NA,1,NA,NA,NA,"AA-03","2019",4.45201900649392,6.23441072571837,0.00126970937185159,"OS"
"79",3353346,-19782,201902,94,48,"AA-03",2,69322,1,68.9,NA,3,NA,NA,NA,280,NA,NA,NA,NA,1,NA,NA,NA,"AA-03","2019",4.23265617801961,5.63478960316925,2.06126605468079e-05,"OS"
"107",3354156,-19781,201902,94,47,"BB-03",2,69322,1,117.6,NA,3,NA,NA,NA,1538,NA,NA,NA,NA,1,NA,NA,NA,"BB-03","2019",4.76728903546453,7.33823815006559,0.0155380158867575,"OS"
"113",3344252,-19582,201902,162,17,"FF-01",2,69322,1,98.5,NA,3,NA,NA,NA,825,NA,NA,NA,NA,1,NA,NA,NA,"FF-01","2019",4.59005654817804,6.71538338633468,0.000442307067116522,"OS"
"119",3345432,-19579,201902,162,14,"DD-02",2,69322,1,71.7,NA,3,NA,NA,NA,280,NA,NA,NA,NA,1,NA,NA,NA,"DD-02","2019",4.27249074760558,5.63478960316925,0.0281706610603229,"OS"
"120",3345433,-19579,201902,162,14,"DD-02",2,69322,1,73,NA,3,NA,NA,NA,350,NA,NA,NA,NA,1,NA,NA,NA,"DD-02","2019",4.29045944114839,5.85793315448346,0.00474653233757048,"OS"
"121",3345275,-19505,201902,162,11,"CC-04",2,69322,1,133.8,NA,4,NA,NA,NA,1902,NA,NA,NA,NA,1,NA,NA,NA,"CC-04","2019",4.89634614769413,7.55066124310534,0.00107490510554013,"OS"
"128",1988693,-7137,201002,94,65,"",2,69322,1,107,NA,3,NA,NA,NA,1058,NA,NA,NA,NA,1,36,NA,NA,"BB-07","2010",4.67282883446191,6.96413561241824,0.00078605668191442,"OS"
"129",1988694,-7137,201002,94,65,"",2,69322,1,110,NA,3,NA,NA,NA,1032,NA,NA,NA,NA,1,35,NA,NA,"BB-07","2010",4.70048036579242,6.93925394604151,0.00219584794528621,"OS"
"133",1988708,-7140,201002,94,68,"",2,69322,1,109,NA,3,NA,NA,NA,1090,NA,NA,NA,NA,1,37,NA,NA,"BB-08","2010",4.69134788222914,6.99393297522319,0.000146829012060442,"OS"
"134",1988709,-7140,201002,94,68,"",2,69322,1,76,NA,3,NA,NA,NA,356,NA,NA,NA,NA,1,22,NA,NA,"BB-08","2010",4.33073334028633,5.87493073085203,0.00340681236070937,"OS"
"135",1988710,-7140,201002,94,68,"",2,69322,1,114,NA,4,NA,NA,NA,1248,NA,NA,NA,NA,1,36,NA,NA,"BB-08","2010",4.7361984483945,7.12929754892937,0.000302179356321778,"OS"
"136",1988715,-7141,201002,94,69,"",2,69322,1,114,NA,3,NA,NA,NA,1300,NA,NA,NA,NA,1,39,NA,NA,"BB-09","2010",4.7361984483945,7.17011954344963,0.00254478638923523,"OS"
"138",1988514,-7133,201002,94,61,"",2,69322,1,113,NA,3,NA,NA,NA,1144,NA,NA,NA,NA,1,36,NA,NA,"BB-04","2010",4.72738781871234,7.04228617193974,0.000985821887189147,"OS"
"139",1977579,-7077,201002,94,5,"",2,69322,1,115,NA,4,NA,NA,NA,1350,NA,NA,NA,NA,1,NA,NA,NA,"T-01","2010",4.74493212836325,7.20785987143248,0.00384599487450502,"OS"
"140",1988942,-7128,201002,94,56,"",2,69322,1,103,NA,3,NA,NA,NA,866,NA,NA,NA,NA,1,33,NA,NA,"Y-04","2010",4.63472898822964,6.76388490856244,0.000907045081650855,"OS"
"144",1988952,-7131,201002,94,59,"",2,69322,1,92,NA,3,NA,NA,NA,692,NA,NA,NA,NA,1,29,NA,NA,"AA-05","2010",4.52178857704904,6.53958595561767,0.00150486408826067,"OS"
"145",1988953,-7131,201002,94,59,"",2,69322,1,128,NA,4,NA,NA,NA,1740,NA,NA,NA,NA,1,43,NA,NA,"AA-05","2010",4.85203026391962,7.46164039220858,0.000329714860351584,"OS"
"146",1988954,-7131,201002,94,59,"",2,69322,1,86,NA,3,NA,NA,NA,456,NA,NA,NA,NA,1,25,NA,NA,"AA-05","2010",4.45434729625351,6.12249280951439,0.0172740269812427,"OS"
"147",1988175,-7134,201002,94,62,"",2,69322,1,103,NA,3,NA,NA,NA,894,NA,NA,NA,NA,1,32,NA,NA,"BB-05","2010",4.63472898822964,6.79570577517351,0.000100488754432676,"OS"
"148",1988176,-7134,201002,94,62,"",2,69322,1,96,NA,3,NA,NA,NA,762,NA,NA,NA,NA,1,29,NA,NA,"BB-05","2010",4.56434819146784,6.63594655568665,0.000347648039677129,"OS"
"149",1988177,-7134,201002,94,62,"",2,69322,1,100,NA,3,NA,NA,NA,820,NA,NA,NA,NA,1,30,NA,NA,"BB-05","2010",4.60517018598809,6.7093043402583,9.66234107257324e-05,"OS"
"152",1988180,-7134,201002,94,62,"",2,69322,1,109,NA,3,NA,NA,NA,1112,NA,NA,NA,NA,1,34,NA,NA,"BB-05","2010",4.69134788222914,7.01391547481053,0.000692875396682805,"OS"
"155",1989610,-7149,201002,94,77,"",2,69322,1,103,NA,3,NA,NA,NA,876,NA,NA,NA,NA,1,33,NA,NA,"CC-05","2010",4.63472898822964,6.77536609093639,0.000522926157549329,"OS"
"156",1989611,-7149,201002,94,77,"",2,69322,1,94,NA,3,NA,NA,NA,692,NA,NA,NA,NA,1,29,NA,NA,"CC-05","2010",4.54329478227,6.53958595561767,1.05237642732425e-05,"OS"
"157",1989612,-7149,201002,94,77,"",2,69322,1,112,NA,4,NA,NA,NA,1124,NA,NA,NA,NA,1,34,NA,NA,"CC-05","2010",4.71849887129509,7.02464903045364,0.000585072691957279,"OS"
"158",1989613,-7149,201002,94,77,"",2,69322,1,93,NA,3,NA,NA,NA,604,NA,NA,NA,NA,1,27,NA,NA,"CC-05","2010",4.53259949315326,6.40357419793482,0.00519777980055663,"OS"
"171",1989626,-7149,201002,94,77,"",2,69322,1,112,NA,3,NA,NA,NA,1178,NA,NA,NA,NA,1,36,NA,NA,"CC-05","2010",4.71849887129509,7.07157336421153,0.000140028961155765,"OS"
"172",1989627,-7149,201002,94,77,"",2,69322,1,141,NA,4,NA,NA,NA,2162,NA,NA,NA,NA,1,44,NA,NA,"CC-05","2010",4.94875989037817,7.67878899819915,0.00580536193206009,"OS"
"181",3496593,-20670,202102,162,58,"BB-08",2,69322,1,91.7,NA,3,NA,NA,NA,578,NA,NA,NA,NA,1,27.9,NA,NA,"BB-08","2021",4.51852237926242,6.35957386867238,0.00582048697607957,"OS"
"188",3504569,-20661,202102,94,36,"BB-04",2,69322,1,101.2,NA,3,NA,NA,NA,720,NA,NA,NA,NA,1,NA,NA,NA,"BB-04","2021",4.61709875685337,6.5792512120101,0.0125535970925573,"OS"
"195",3496359,-20667,202102,162,55,"BB-07",2,69322,1,69.9,NA,3,NA,NA,NA,295,NA,NA,NA,NA,1,16.2,NA,NA,"BB-07","2021",4.24706564923976,5.68697535633982,0.000119302165690777,"OS"
"196",3496360,-20667,202102,162,55,"BB-07",2,69322,1,85,NA,3,NA,NA,NA,525,NA,NA,NA,NA,1,27.2,NA,NA,"BB-07","2021",4.44265125649032,6.26339826259162,0.000111977892138747,"OS"
"197",3496361,-20667,202102,162,55,"BB-07",2,69322,1,90.1,NA,3,NA,NA,NA,573,NA,NA,NA,NA,1,28.3,NA,NA,"BB-07","2021",4.50092016461429,6.35088571671474,0.00245112423509259,"OS"
"199",3496363,-20667,202102,162,55,"BB-07",2,69322,1,105.1,NA,3,NA,NA,NA,903,NA,NA,NA,NA,1,33.6,NA,NA,"BB-07","2021",4.65491227788291,6.80572255341699,0.0017895388366929,"OS"
"200",3496364,-20667,202102,162,55,"BB-07",2,69322,1,89.4,NA,3,NA,NA,NA,512,NA,NA,NA,NA,1,26.5,NA,NA,"BB-07","2021",4.49312068217947,6.23832462503951,0.013314247821311,"OS"
"201",3496365,-20667,202102,162,55,"BB-07",2,69322,1,78.1,NA,3,NA,NA,NA,390,NA,NA,NA,NA,1,23.1,NA,NA,"BB-07","2021",4.35799005684564,5.96614673912369,0.00168066778306368,"OS"
"202",3496366,-20667,202102,162,55,"BB-07",2,69322,1,74.8,NA,3,NA,NA,NA,349,NA,NA,NA,NA,1,21.6,NA,NA,"BB-07","2021",4.31481788498043,5.85507192220243,0.000785662620423947,"OS"
"204",3496117,-21018,202102,162,49,"AA-04",2,69322,1,95,NA,3,NA,NA,NA,715,NA,NA,NA,NA,1,30.3,NA,NA,"AA-04","2021",4.55387689160054,6.57228254269401,4.20616648381966e-06,"OS"
"209",3578465,-21861,202202,162,12,"EE-02",2,69322,1,91.7,NA,3,NA,NA,NA,721,NA,NA,NA,NA,1,32.2,NA,NA,"EE-02","2022",4.51852237926242,6.58063913728495,0.00537603116853387,"OS"
"210",3578466,-21861,202202,162,12,"EE-02",2,69322,1,95.2,NA,3,NA,NA,NA,625,NA,NA,NA,NA,1,20.9,NA,NA,"EE-02","2022",4.55597994179732,6.4377516497364,0.00824644583053963,"OS"
"211",3578467,-21861,202202,162,12,"EE-02",2,69322,1,107.5,NA,3,NA,NA,NA,1042,NA,NA,NA,NA,1,34.4,NA,NA,"EE-02","2022",4.67749084756772,6.94889722231331,7.31815849624772e-05,"OS"
"213",3578544,-21865,202202,162,9,"CC-04",2,69322,1,88.5,NA,3,NA,NA,NA,644,NA,NA,NA,NA,1,29.6,NA,NA,"CC-04","2022",4.48300255201388,6.46769872610435,0.00541882853591471,"OS"
"214",3578545,-21865,202202,162,9,"CC-04",2,69322,1,85.1,NA,3,NA,NA,NA,472,NA,NA,NA,NA,1,25.5,NA,NA,"CC-04","2022",4.44382703557933,6.15697898558556,0.0066072641954478,"OS"
"215",3591080,-21944,202202,94,42,"AA-04",2,69322,1,129.2,NA,3,NA,NA,NA,1594,NA,NA,NA,NA,1,NA,NA,NA,"AA-04","2022",4.8613615913485,7.37400185935016,0.0140835285583198,"OS"
"217",3590279,-21965,202202,94,44,"ZZ-04",2,69322,1,105.3,NA,3,NA,NA,NA,970,NA,NA,NA,NA,1,NA,NA,NA,"ZZ-04","2022",4.65681341913993,6.87729607149743,6.56568209429826e-07,"OS"
"219",3587630,-21868,202202,94,15,"BB-05",2,69322,1,99.7,NA,3,NA,NA,NA,808,NA,NA,NA,NA,1,NA,NA,NA,"BB-05","2022",4.60216567696779,6.69456205852109,0.000181991944986721,"OS"
"220",3587668,-21881,202202,94,21,"CC-03",2,69322,1,98.2,NA,3,NA,NA,NA,872,NA,NA,NA,NA,1,NA,NA,NA,"CC-03","2022",4.58700621536042,6.77078942390898,0.00367114148795594,"OS"
"225",3587673,-21881,202202,94,21,"CC-03",2,69322,1,107.3,NA,3,NA,NA,NA,1026,NA,NA,NA,NA,1,NA,NA,NA,"CC-03","2022",4.67562864963665,6.93342302573071,2.75489736348526e-06,"OS"
"228",3587795,-21879,202202,94,19,"BB-04",2,69322,1,116.3,NA,3,NA,NA,NA,1278,NA,NA,NA,NA,1,NA,NA,NA,"BB-04","2022",4.75617305952462,7.15305163493748,0.00012752861321903,"OS"
"229",3587796,-21879,202202,94,19,"BB-04",2,69322,1,108.3,NA,3,NA,NA,NA,946,NA,NA,NA,NA,1,NA,NA,NA,"BB-04","2022",4.68490515400694,6.85224256905188,0.0054729897261932,"OS"
"230",3587797,-21879,202202,94,19,"BB-04",2,69322,1,102,NA,3,NA,NA,NA,884,NA,NA,NA,NA,1,NA,NA,NA,"BB-04","2022",4.62497281328427,6.78445706263764,7.20313162236954e-07,"OS"
