"SURVEY_YEAR","BIOMASS_MALE_GE25","CV_BIOMASS_MALE_GE25","CI_BIOMASS_MALE_GE25","BIOMASS_MALE_LE94","CV_BIOMASS_MALE_LE94","CI_BIOMASS_MALE_LE94","BIOMASS_MALE_GE95","CV_BIOMASS_MALE_GE95","CI_BIOMASS_MALE_GE95","BIOMASS_MALE_GE78","CV_BIOMASS_MALE_GE78","CI_BIOMASS_MALE_GE78","BIOMASS_MALE_GE102","CV_BIOMASS_MALE_GE102","CI_BIOMASS_MALE_GE102","BIOMASS_MALE_95TO101","CV_BIOMASS_MALE_95TO101","CI_BIOMASS_MALE_95TO101","BIOMASS_MALE_TOTAL","CV_BIOMASS_MALE_TOTAL","CI_BIOMASS_MALE_TOTAL","BIOMASS_FEMALE_IMMATURE","CV_BIOMASS_FEMALE_IMMATURE","CI_BIOMASS_FEMALE_IMMATURE","BIOMASS_FEMALE_MATURE","CV_BIOMASS_FEMALE_MATURE","CI_BIOMASS_FEMALE_MATURE","BIOMASS_FEMALE_TOTAL","CV_BIOMASS_FEMALE_TOTAL","CI_BIOMASS_FEMALE_TOTAL"
1980,336187.0924982569679624414703550800600116,0.1308688462495111541956096161349753084783,86232.9771616801687318755093419244477996,235440.3287847398106884626132863177156769,0.1478791649059810489370331582951048679631,68240.7696435187929853490353016233589479,100822.4079160752154751466951926535648073,0.1590724171045003079775190472062024704537,31434.6056859917411010769131141468440758,183076.883672445438417195926386335260816,0.1677469687724141854511122511356706813515,60192.7608851711144567228097748653764082,69639.4346418236937820302896198278219961,0.1484920294375621741290001486377887299172,20268.1659185437871148399254562191889722,31182.9732742515216931164055728257428067,0.2145300088414891828977441855537549397475,13111.7797231690356936687455138254285281,336262.7367008150261636093084789712804824,0.1308413607475781865527939570237306477256,86234.2651157329065579240242536500669104,27041.1459021000534674216213877646458183,0.1876572620843209553454937756412410647632,9945.956111077072626109740225928261563993,258386.4972092490928105980002765722193807,0.3242719552928182342415668670055813980709,164223.4895557588295337960484901590148693,285427.6431113491462780196216643368651985,0.2976110959892418269072798940415769548397,166495.0100363097873659563449775914880404
1981,212096.282342327826741443789747217687978,0.1155662046193735031640289206364127592896,48041.8782337964708105252913446944114797,173156.6519577815435466834478819019205042,0.1295296294571668489745399869345038192317,43960.6772536246939882119257196307316397,38939.8337457474586154463660454759287466,0.108378850401800823682898300070513013127,8271.69865575466408743098986984243771209,100267.9141992156527290575248212457288461,0.1107646974778721208702874626001587004087,21768.0445587061860425885305450047791308,23118.8398093134222238018029080136894866,0.1074642465209269312752173875305351296328,4869.519453069918868000174830151134012574,15820.99393643403639164456313746223926,0.1311994806027488870973529461061144454326,4068.384126675594829015078061665302152164,212096.4857035290021621298139273778492541,0.1155660935609074623266188618538402032153,48041.8781290772611265956361299157371557,10884.2572501852161391927817005135699429,0.2632873397080461347011271965139075290612,5616.746786754587015447994572600821075738,109036.6731466883510715523098826336880999,0.168221495662344252145192183850365670252,35950.9319880128815982454953453853892947,119920.9303968735672107450915831472580436,0.1612694714107606870006739949802516187086,37905.5867101332310273376192539952045255
1982,312330.738978667609224362010233267134001,0.1197597897859325211606516034850711448838,73313.1407417895792665026555018556202481,247192.7235460954997200681998596165993398,0.1225754367870762089478929933064907052925,59387.521876129282059821668744762333457,65140.3282371644227412713626147391322543,0.1495779031149759142289945899983462161957,19097.3652636351672316957198875508969849,175673.9227183424707044605440472237538048,0.1367311774732319729595973881444182186622,47079.4005170562242059614312630916129369,34507.9514627533753183372269285576205018,0.1440529589422195048895280116998196067023,9743.10612987846634291291606369113441785,30632.376774411047422934135686181511752,0.1651001379282315164747195616684713897735,9912.522875828646357937876840009553808801,312333.0517832599224613395624743557315968,0.1197587409060074951901129206771913726181,73313.0415287923327426976422435888855936,3615.782279170195232906890915111063688272,0.2841318881268973254907646156706222058809,2013.623730231351341450545933008003996947,135035.5654107291196638584800834757907423,0.1576733622037245178600672030356788349587,41731.3627661656281868879386820884354872,138651.3476898993148967653709985868544316,0.1538399484870656471389219694053726451014,41807.0277251016246717082472589473843304
1983,249613.5711084600143956199478760823179678,0.1086813665477773407659133669721919134217,53171.5542731989243746713348783522041653,182770.1137870723358494560667604453863515,0.116745062765729068476075733650533818017,41821.5164753115591004348412439913194294,67335.5990441076503598033167474491720142,0.1375621596054236401491572161610854364667,18155.1476287514022697660941714839828063,161433.259627013761683534653964761302852,0.1247857313970449446389328790496514602557,39483.3520537572800912504466150397950107,34717.3654645685519614276000084613537671,0.1411101727797348266848346566271976884693,9601.987940758435744413323773235829566147,32618.2335795390983983757167389878182469,0.1461894924360371771484547498218075343062,9346.148301859732769871940583776856185295,250105.7128311799862092593835078945583664,0.1085189445282836474819118068413425399418,53196.7676347899747914501816116329275015,3513.574213199072740957454842497555492143,0.3766454788047086764971008472886908191218,2593.808810018634940442819689024353426504,77956.7211160049104599839094130319925283,0.2022381962023079329870954412924164483301,30901.0202542805177427982077709750094019,81470.2953292039832009413642555295480207,0.1967570246260290261049321997512505270311,31418.5116925809695033725464589500759162
1984,237194.4909817862075027696761303264227891,0.1034953391915033326055872455533685546716,48115.1076250912460646540607621889070622,118503.3370635028334316243846337039320591,0.1261148322611135682457885961073229896532,29292.2558132458902244983408821308599822,118851.714821427318917449032484607166168,0.1375664052406836962887481148549132963204,32046.0062027623008008489709326769933022,181807.0953429175769189114582398140957858,0.1173106036492882128585408382197092891919,41802.6842007066592258088960943159844069,84176.4046597162210096210994603032665724,0.1520076427517831078201889587971204656421,25079.0954213816015202679310607367508926,34675.3101617110979078279330243038995953,0.1329168186135167977979092224974735257926,9033.506545817916051624191865808012407002,237355.0518849301523490734171183110982246,0.1034814415389691576199866683359589021033,48141.2121341944058125733431184299499273,13794.2360115796093389978815377875923074,0.3467125695785457217238944538260182768042,9373.964625377445608543239231164867709976,39451.6862127759696791454505773123392859,0.2011259448054432651262694254934968768912,15552.1250208763955715700663170156277829,53245.9222243555790181433321150999315935,0.180385303207418321016204632542447747933,18825.3723769980299837404160410562700371
1985,98723.8838398325365664834535949250647543,0.095476821622604702447640909517858945418,18474.6515886422186491646533564273045901,43598.0599169904125329145724431349896478,0.1259984078849439202919064368338033189348,10766.8408273698372560266717434039438713,55152.9207454578580102461495793496735067,0.1116717447956582279759201303025016049598,12071.6848648349911702504043778263679385,78567.7373168503310374200570491099099661,0.1059779604649491889080576532420612673145,16319.8391760039277990234589575713214166,42645.6308725391864262259698125093146266,0.1150868165224690797609164355401106735076,9619.581795597206224895122948464622243796,12507.2898729186715840201797668403588802,0.1205821587724814662118017514259917651665,2955.985786008668443026826568353215432582,98750.9806624482705431607220224846631539,0.0954543488951982983554854403119473137867,18475.3727013167824928329393413401518046,5232.409998308632661050205678921504601891,0.2594431561983764562604180720327493664017,2660.725410390861214675436990230327828705,6032.413003921402632156535262441152280991,0.2069902884689012696130473057394393731936,2447.355779376675058063561349201344050015,11264.8230022300352932067409413626568829,0.1789165560789769925800373221791496106386,3950.308139340550551079848846169030236565
1986,140513.0436472923964529704051014910396147,0.1042901571261599555392423261211048078117,28722.089704492148140816601487740204462,81963.557499139069250013148493548940002,0.144841376263716520157472914752924048409,23268.5603644253089071049385314191467239,58578.9655100903997452715355590324496933,0.1242833215291368126634059928598856293927,14269.5612744561707397899014194228599454,83873.6723825060760951227678389687913962,0.1106607891931258769673062527934897011618,18191.7924856126650741878767928375021418,45833.6444660194093602556942497144809774,0.1296363936757031259431589703208363388148,11645.7484200746441075609129966402290366,12745.3210440709903850158413093179687159,0.1279151493134738965971280828470425331986,3195.426503024983435376630615241695841825,140542.5230092294689952846840525813896956,0.1042827333415945065129590684154131328531,28726.0705622477186030863336256469130101,25535.1099239014021922394303471175088282,0.2845412335779314905989088105860464561462,14240.9516874981711706266322004109738193,16329.2609559268002832633091649318151876,0.2131833815427847891328035525302028989753,6823.009054610921805607957618034385737744,41864.3708798282024755027395120493240158,0.2109804954031896532994222624254314072583,17311.8287876192808736011850851238313608
1987,367791.7517263939874157607829164744379396,0.0976167793622209897810595414245932095471,70369.186707859518853069002025504822245,260807.5444903127267035301076836354539502,0.1185753756178959678547102504626909013669,60613.6910017630933030797335336675489743,106995.8112243358226465039832905695951767,0.1125160791934625248194859099182154574961,23595.948371408826418866533720349447163,177484.8917933466892149816820738698279405,0.1057165647293531562243325630568235078492,36775.6623814370090701427272649947196349,73902.3779579417576477774795331299523413,0.1099263907228130575703557188878782135762,15922.6904825094375230710255377113897449,33093.4332663940649987265037574396428368,0.1305274322042407946664783104997653623284,8466.41769948624389327468343409311076471,367803.355714648549350034090974205049127,0.0976138227074516950596707709023005937746,70369.2754496335677260401873546853078065,106251.3944972788030915043317353273913062,0.1909667242795221394736365826038471735512,39769.3422842620910238063090359968645252,117285.7075092753006889220223053606955089,0.1886620456137329460746105408577253553525,43369.6285399095214962260989148153952332,223537.1020065541037804263540406880868163,0.1435299080548784712338091960093152229013,62885.1490077952126561742842542150058427
1988,467471.3539622609769948383045013257231544,0.1108815662739001645160886140178967542633,101594.5535944119142619312545905011125773,324698.1385364191554129639427564616798014,0.1187630096286197568763359989694407414673,75581.7711806554933786080228895301061874,142777.657141150409218576838533903179947,0.1899857332856352422241234348461924483584,53166.4070619822922550793793532401859162,243846.0163296575955581180167485585543554,0.1486760214238548564475320231231443336824,71057.9488739816743395669481557522836607,104624.6956369177793700195356111534582797,0.2149124854758988883303521894346268448019,44070.9006277192907391823761131378055055,38152.9615042326298485573029227497216672,0.1480649573717358513104490999384422430584,11072.2685727101792313759552584992580666,467475.7956775695646315407812903648597488,0.1108803803984818195275457549200041618584,101594.4323415512778409512646932424700529,36194.4553550020742445584398977521078161,0.1999909243183977636968225655234117195144,14187.5826600297791269522582541378350491,171232.8893578231528505300916272850520106,0.1814322654930831479807261619630009057401,60891.6552445079523384672610813274753,207427.3447128252270950885315250371598267,0.1546375214953901078678751008581947412658,62869.0589344519612047086491327005276478
1989,531859.9104940390161861500125904853444251,0.0936604559684717257885040184150737610051,97635.9137873156186977517027276702477394,386106.2667389471534858434881021130834816,0.1087695652089053917664269556949778306675,82313.3570849527054640628317363527696732,145757.2452467579618324371220932199246109,0.1036927416255853898812654972540657347461,29623.3780080011487425145553190115746123,298231.2749243462117513612708855203765083,0.1068147598326108377702122425807657318633,62436.7839310100559894531038783905080606,93762.0793354471373561320687825322560952,0.1029207826480362537832854418623283460254,18914.1305123065132182246238676964514729,51995.1659113108244763050533106876685143,0.118339917502166745888041751041382469687,12060.0831431337513707458320524322133746,531863.5119857051153182806101953330080949,0.0936596404167452392649387569637027782088,97635.7247554020890990582180340512894801,22967.1868207911955239904712950503493336,0.2516373898384231561555128054845071532163,11327.6297692900440915671425134865964272,239044.8566096347378662167473755430428202,0.3186683705114035944535650228419061924085,149305.0284724518771493372769556413154751,262012.0434304259333902072186705933921553,0.2915787171800455166305034062766381449225,149738.3855979652936428064680858544090172
1990,645316.7197685379191906858963564687815932,0.1186079614162937541847045052827947521606,150017.813175208149135707438957998073178,302126.0340228514112387794581707072761047,0.1091600581283068307762009980073434006659,64640.9870545781639014570471945605965431,343197.099357259516760584031611336664397,0.1493063539914079383428976866850475105643,100433.3549067004068325725623901088732595,514836.7372359153798175580164458306572652,0.1381497669818575745188729119856595786693,139404.1675543694313619953628060473239035,222321.4653470100941051022721645558573093,0.1465963995921314788519954455250824750789,63879.3916889602664070966582371591326277,120875.6340102494226554817594467808070899,0.1677359911629302118205175219591107327941,39739.3807851872960902677745735852941199,645323.1333801109279993634897820439405038,0.1186066193012704503293281982101605525052,150017.6066059508684319795222542530418055,37659.4526751717956752205979034307937569,0.4324363603163011854468854258572538909027,31919.2206268563551129519600166041371652,182823.5628210135510843496659585563502877,0.2106972144116707504225253553734358969171,75500.0142138011123754843972596471745725,220483.0154961853467595702638619871440454,0.1892247571195146418118425496139626512376,81772.8563102379563687174075707522453828
1991,632502.4423459681953500696354904563795665,0.1281842365565478153362083360204258102373,158910.6116768488732360757074224722471248,288411.2113669937734026029870025014831965,0.1709047790901874681320182528177004880048,96610.0745569864939167779269448696290332,344751.288612567159714747816557909371129,0.1541334405508546819888254070401463955399,104149.896406463503423082818754709809415,473203.7105391225125206890893749031194319,0.1457983086713073408265741150006005953415,135224.9092810382712541625836946283069742,275830.1305151784017581105026560179088706,0.1713370793083573046999373502893212842595,92629.4607375187895187583247519419839087,68921.1580973887579566373139018914622621,0.1899901950991881418395596122890939452285,25664.9147758343662113956735409759363407,633162.4999795609331173508035604108543272,0.1281145987939652750166100397136852722259,158990.0249262803713550490306721488095688,67695.3730857629446610397233649777612682,0.1871710343652289272427005839437038807142,24834.4014843165658640983739260042385464,206174.7406083860685270999209317084199756,0.2422628153091589997643479165808511332716,97899.0072866294683765884779556602710605,273870.1136941490131881396442966861812446,0.1935201633172556644490845779410564353016,103878.8026944219043796333716422611284503
1992,342039.4744054707166682214072313951097832,0.0930717236139804767443688899884936194368,62395.0387167967547829520961825096812734,176449.8056175994928816469922094002696654,0.1469645090624727113236356005667133151011,50826.4437512481280389419013791151380945,165899.8230977372470634160581656250085714,0.1095438197530744860307445745957942441755,35619.6686242315257350343873675910859244,222796.8242910873714513526919895611697687,0.0930355406184677700105570009995458017197,40626.9250721582083148037750373130448385,138370.7835755728026349428103711037451075,0.1163078836852548188404155454763218668477,31543.4814830287672607157152337908540835,27529.0395221644444284732477945212634656,0.0988201503702196655358141136546555153039,5332.030697250900633912385672365741124002,342349.6287153367399450630503750252782379,0.0931537010785793848040410020078461186901,62506.6245563137873590203345867543546206,48264.7603294650286935910971338016999584,0.1689343937647571667076624923154316999635,15981.0129318605729569922961317537392697,131905.6135052456902190100768528638909207,0.208987618734672617918601585799422544588,54030.6145258268446035620323855291181762,180170.3738347107189126011739866655908817,0.1597404121051909859424242083917324537221,56409.7599403858984263588074202717686079
1993,365945.216637347030344761993507305205102,0.12950128712378541603353526665425905373,92885.1380798047098211334141294631008378,267361.2448517143676486441494078545509802,0.1670503765895039285648579756180923809396,87539.0814103182089509141488812385976116,98719.1758187753869942164451060822798343,0.114194802831446498903227378012779045485,22095.5049638835943664452906829541954739,142623.4486825448288754665095539543008491,0.1044729240688989963782628389034117974153,29204.5659003257962755499150833012758541,77074.4937940623608539637633437678824553,0.1132671273367693953989054507619779900835,17110.812745858643738998874621286993869,21644.6820247130261402526817623143973794,0.1303138014297276946089724562002172562721,5528.377558940977368042846705443902274032,366080.4206704897546428605945139368308144,0.1294757030277729681193792574381467921862,92901.0988687884830906210034284827516861,73082.0601634492744516290393489814846696,0.2258023106599022035021723191658625821584,32344.1121832779591035870355871554733468,130957.9917328159329765273536189684674018,0.1678496734316997825280631497384035978406,43083.2620454238127705103836572610162233,204040.0518962652074281563929679499520689,0.1507979725913654231604669534618431419389,60306.8992606518073998619102913997631535
1994,342021.986695950879582511622447790793064,0.0953329664235179283618783979418598967254,63907.7023246283623691617425962352260697,284493.8237188316631339222754664696272312,0.112317881693597007121796358409111360339,62629.337524621122674854042728722496527,57602.6479029749919370588918015246436159,0.1073721872431308252254773272474057951306,12122.4477008232013004081087763319562735,109755.8447358771902769303027656766823664,0.0836237527016792082943788624703348356957,17989.263410803512048166779173069189858,44761.2565220458250289914881734417933418,0.1153592086348869127967381762473717160457,10120.7013345772986872217187238880274869,12841.3913809291669080674036280828502741,0.1167078804951695267804724536835878638428,2937.435478527275138876300270260465003752,342096.4716218066550709811672679942708484,0.0953413393299009485154724730618626279792,63927.2341375347371882014670581636789873,66552.9838733214239787945005593662343104,0.2052461928086326111804619350594565018634,26773.1032577049497582002676543126523343,129167.5841623691271117207476232530818824,0.1368866876839227023150148463207970785169,34655.3925941572052627404800900950794186,195720.5680356905510905152481826193161943,0.1234211614877703685563945746262771257262,47345.877274661777280027499414302558784
1995,424156.2749023814432755367864176250515437,0.0894064631018994185199947376327298039904,74327.7321893377908727507471231305950909,362498.5897161801206402750457791977285098,0.0970755845358819933035482391407612653106,68971.9344806568507228666651699906903622,61663.5550011864345564318224582085264551,0.1634528603347772417108926879974986556794,19755.0055089753707185199896818410588682,157138.663981263189574283099697333513586,0.1262106396934977703300712393292133478594,38871.8397512473756025213823867967711898,38186.8340753664962594820774064143519739,0.1514931428002239035864591281829285058523,11338.6852750291873885856216857327780229,23476.7209258199382969497450517941744817,0.2153002552507369164483522664480864496788,9906.906255247524848845240216465292734615,424162.1447173665551967068682374062549658,0.0894052053047836761023270715411221721692,74327.7151167081024495067805694441096021,30367.4797492412033903017914742545845922,0.1966659217172669933375888192201293545938,11705.6068544253239733255406975924524454,178617.8671232477462293590400437221768403,0.1407516403461371475101729039016845854575,49275.8852737419435998172117260456075045,208985.3468724889496196608315179767614322,0.1264631311738734803861827561680031616038,51800.7250165079190867842751914643471024
1996,478658.2213393199586616372869071050130945,0.0932410066368556675022456440882037725495,87475.9258096627202616402639652434234487,336512.7067887347270494038194157893265976,0.088817545856236928455294766945206372316,58580.9362221731227770837028001701805433,142147.9490734429249499394530507261934042,0.1839590726852482166020454071449626859755,51252.8335954944798733444250112624751993,308582.2455157963162625762483031714904391,0.1244134136482144613129656122162214782696,75247.8702894692127669705765762250811816,88105.1400545956225156746832722417395947,0.2119549673498978617704496437397000731243,36601.6712839147872300968479699780325165,54042.8090188473024342647697784844538089,0.1648024095994265992139292585142390776882,17456.5148897422117702496472599680832399,478660.6558621776519993432724665155200012,0.0932404904092156246924674329194129449619,87475.8864126850226458782778235383675885,9113.41051920762678050847798825889759388,0.3540315039211581781340703159106157763899,6323.811486653319052910168289888561474395,95719.7123320846007701618111814517785115,0.1496407412040299386523852266056986412772,28074.194654370942946995719009114002602,104833.1228512922275506702891697106761077,0.1419587465773139764576929034730913578512,29168.678290719831595978423237720955021
1997,438113.9930318154973861779179891548471707,0.0827151285507461548146099241084967348604,71027.764296874354983999984175405406011,208213.3289328517567916124232918683795946,0.0852506128710269790643270986746631138198,34790.6152429069983032153075829939824439,229901.6065722312333107051613349195972018,0.124618334674470002170592800423665244453,56153.9124860326223218122689253646705334,359673.7304128874222662494566730577290736,0.0943563963439552812719296086953860697315,66517.5334402407633289621614781445410092,169618.3711667192444979242563172330598044,0.1472752673595665103070407868356410158046,48961.9582868386175416293336339766272692,60283.2354055119888127809050176865373976,0.1053255167611504726545089698028500410361,12444.7513253944798723640781600087087612,438114.9355050829901023175846267879768007,0.0827149025590829406457500997448145837385,71027.7230319644191619228260620418209933,5366.554412656897894986381081907158930511,0.4834729900052148457825624280382715709222,5085.384851509303645196634274720281332888,102348.3840934549653782738437926084095499,0.1969941646430777617290785020469753839415,39517.5874770356959300681185422351877282,107714.9385061118632732602248745155684804,0.190580221155007429556265812096152946868,40235.5401322979360121273767848450368182
1998,262739.5683138908368740616398839305570012,0.0809077285133966081711672754342748057575,41665.0168592199112461661127946894251966,100117.1177385053082475942594065134925069,0.1079331769314615241060396378872679114715,21179.6788221665946400742746379971340302,162647.7454577543087948354185970088105198,0.09956127698909587679117396313744416223,31739.0977848560174603237531335967054174,217973.8918693637053142726096300934343171,0.088931540848170001961986696084906330007,37994.11797448522247928089258305547708,126242.9873508349298803396873762562594099,0.1072719297511639491128009010646441844294,26542.9645865246534855848565031601989354,36404.7581069193789144957312207525511115,0.1022113978632673409512633542181075964586,7293.123181365393875748097054736231543471,262764.8631962596170424296780035223030284,0.0809022325781010196705969414104783797307,41666.1975882871171384183738547638328481,13143.9611602844340665378847095881003768,0.4790496527237958227373643280932495136821,12341.3556573286643435507865342165513532,68998.5060698097373314313815712321028424,0.2802069375826854686561309099337948628965,37894.3657638593741718988457388508992657,82142.46723009417139796926628082020322,0.2518643132912854072753091806325733910739,40549.9619578807835152941752159797051614
1999,112216.7428823129029146354749199007053182,0.0744585826811275132079511209914327335721,16376.7792710946643960643920223107486277,44420.9619201343801648907106767939018846,0.0783961447138677671170690881758070767901,6825.567031679325961117351440620460581883,67806.2227598319344978732083479246333368,0.1033862087514826234067808823783395480389,13740.0474697591325122890398979370662743,87991.0074396620859078704075821032964318,0.0883489505252353710056571136171507822583,15236.8697993865532417050924304064059629,52210.6794677723025725793825008861157656,0.1197442526799305336166270175917366077835,12253.780437768383752605363393478353017,15595.5432920596319252938258470385175704,0.0871962019705354836802940217949861379633,2665.349399759936582257594563484680482287,112227.1846799663146627639190247185352198,0.0744540584074735682623008565783308164101,16377.307951614328261950517619671014904,6064.620440489851230474311377367639128475,0.1876565232800231564576899057961088281382,2230.608550275564592037274607061175945594,33244.298220707942680778562736615882098,0.2442792014344053546854471630069287016388,15916.9456183394477424096065018245465534,39308.9186611977939112528741139835212265,0.209353409021789306286103595502172285099,16129.7340082966969642858251711117653856
2000,132315.6288672504945431928940240898128672,0.1118011642832286296465196610770724009633,28994.3610660433147882111618587170783555,77279.2217205779720190658022268105099109,0.1258171541478204605098574025385127102329,19057.1814332174454815350189017113370146,55048.4815582555679863959064003910348743,0.1527763273550533812421001204068898004487,16483.8054843276365589742734961336603237,78343.2331624597813312517461250547529452,0.1373551949543787133294618844938076824761,21091.2661261965812573957119318150048676,41887.8757674162122706994803318477094588,0.1475769028293329941352792007027938397013,12116.098624836102976098531679876025504,13160.6057908393557156964260685433254162,0.1864625811520139728032615524434351729449,4809.7626295567348520223579389667083362,132327.7032788335400054617086272015447873,0.1117919270078172880974520353219060210189,28994.6111342765485173240122635533653269,12247.2138665239755571014033317593775425,0.2116550288708473703812076320901398902255,5080.68143283288562676182816227087522669,109312.458358237343679841392375817421904,0.5749337374042682296921649114009594241709,123180.9436483496761268317936698894675708,121559.6722247613192369427957075767994461,0.5179165831954765749367668854207137058017,123397.2293823004993003358343759214077244
2001,222607.0689348470574139941107030041322909,0.1436211037461278805581690461996529386205,62663.3029665416957249026272544754717871,165380.501658625571424725961566328335449,0.1735906782381579893288067136295348757362,56268.6863625637454722879807325013470693,57249.1329809183557571553625108881981334,0.1025552571092835752239331932815933651939,11507.5511221976300825825815589307833503,106696.7705572588774929795440230651530102,0.1154412762638103000222948558336797845627,24141.7342780595297471858143261805736138,40589.6945490221489951809712382204965173,0.0952095701811794422601647887528939094614,7574.473648723611454570416654413776743698,16659.4384318962067619743912726677016157,0.1481981080827209191618691147856195538655,4839.038624362073958444528324891453807077,222629.6346395439271818813240772165335818,0.1436145440323206015327215077662801267168,62666.7927950068491942801217350157137245,16771.2539171829892028842757183710655447,0.3264370783447024684411392061006969115637,10730.5278926486287571703397732108515537,75905.6389034984343316582695622982024723,0.3003579432427454082088871481845290294513,44685.7686998993686595045974656729460526,92676.8928206814235345425452806692680189,0.2663656216019474292664678809664846058606,48384.4388020630181611609685397873497778
2002,137948.2943917966994738624205169943243285,0.1907958372969643030975624200948968369649,51587.1222510551135823202377274910365763,82141.3646649169478336903950753430906422,0.194730608195765627531847793720271141056,31351.0582824897206693729114338543998896,55821.9989315425509952810992021992353123,0.2419471997708613708302490811066181850708,26471.7136011135217396939685406935001032,100223.4122944554842688851550445792143332,0.2240158508351577633247592662511356011088,44005.2006383407026229263735677104691088,37190.1567875101421757703025369906043441,0.2453965807752111419887204130054365471007,17887.6211357320390576968566978766911237,18631.8421440324088195107966652086309682,0.2413798670261109550803928250361532040451,8814.809095188944440548648818855695845585,137963.3635964594988289714942775423259517,0.1907781149420617069216603130451531636252,51587.9652584776520499689291658314164625,4319.593249883872419087856158385220701863,0.2774123277200292486293193576116277133693,2348.684499777861578910953745936547364637,28121.9123649816521316181770226804082951,0.3162218009992137537966520960338586222586,17429.813080169250979488361779558878782,32441.505614865524550706033181065628997,0.277477557005537147658534533355222560938,17643.5078582448320037079157259438489096
2003,124572.0062892012443086273193337166150846,0.1233296590289147609374369883412190249605,30112.3091979822286636433840983470677609,80305.7469490055191627706590113180191996,0.1596503162021577438006904216750595765021,25128.8422707880234495402297500998274362,44358.6580945374374827983937829422632549,0.1206273318158815978799184404729144643695,10487.6984749989388338546422947905497677,72256.652902099924642679591429096751639,0.1180132572396535492282687444476628473632,16713.3962137752800369658029735140483723,31478.2769327180249479716573822360617568,0.1206596745599044234915224289686571786611,7444.390954800274512425559643427511762885,12880.3811618194125348267364007062014982,0.1373877376384304804017025643749260942985,3468.428598376334534504305269412882442857,124664.4050435429566455690527942602824545,0.1232865041918200224093057253543607658692,30124.099842144155420791864437281685216,14539.264566818518058467221757983814258,0.2397435622543764957017841307327937198892,6831.962356423495167073871386664606449665,32408.2127907574230106750998874106509082,0.3902014778840169135051298942877321115473,24785.6357520051634359248373373050461104,46947.4773575759410691423216453944651661,0.2827281506398977252434635139585416282842,26015.811963011199809238190010726156106
2004,132078.08649042069739273692420128177792,0.1185359530596534222411310341622004578935,30685.7636464572110932292989066536442186,87949.663913301844802105234600480073646,0.1454202643093127426418130265529482197095,25067.7402094876551188261794889327768209,44191.789350589833113826456407747655873,0.1662796919740994652786628478105165184582,14402.4663571607183282899696904013813841,61927.6171909091762187109743659749102809,0.1363340723760651667100924189110400474472,16547.9747185980313554841295505866179651,35535.6589599272156411907778261856944197,0.1874208571481728256077735355527075376048,13053.8423767256245656038853817443168129,8656.130390662617472635678581561961453364,0.1250400078881808420690859229950160568952,2121.43072016596818159622500769725058074,132141.4532638916779159316910082277295185,0.1185105619233329004090402924964589883862,30693.9094441524847949477200784719587876,29596.1081011393027947263263122944314456,0.2701184252402424613526745410419837173029,15669.1300624986728250467364191633804686,48317.8867682656176361006672708990840374,0.2853750947138948639252361247820484610012,27025.8941652233341769342223188375124931,77913.9948694049204308269935831935154834,0.2079499131811922547215577735751253314822,31756.3285986375194614229650401391765638
2005,230807.2040924066960403949806979822452837,0.129616897097495129792904772106532817269,58636.3666995238296248934792750181735799,180447.2488402845260707220520104560211062,0.1582234109304295321331401219011090654849,55959.9192408627523007107030637641098992,50367.7351309676014777208315557571051305,0.1028865947026900018712166574730827939238,10157.0429110041164942884389165056447904,105657.629520247452923581427115855803229,0.1117749560293173063299482043748004386097,23147.3587118236122107578502485504794651,40083.087235638434156382008586816315358,0.1083916046431398338511476543522553013559,8515.553483262739578167257533228814200926,10284.6478953291673213388229689407897725,0.1251763922387736035672473039698351814233,2523.294433207466463793596847498783954779,230814.9839712521275484428835662131262402,0.1296132683948778874474880850150509079649,58636.7015553696655479887340023977856028,54229.0029284424848953315118860109135226,0.2347104361888925839233276507403600094219,24947.1013455899990781939180067053867617,61971.0515717599302232087815226051392807,0.2236130451094028168962299632934435410557,27160.7696791624399637757892086207786251,116200.0545002024151185402934086160528029,0.1625173439277181291569580953903869463873,37013.6674743928138067806027762713564749
2006,212470.4579923743013099572560239185808895,0.2125833163478321168594118923604624118051,88528.6421884848944840911151021638451139,122719.7488196971300226069050210831280942,0.1491599759609819673335598524916872683507,35877.5545764121873834262399883228483444,89770.8404470650230652918773838420281199,0.3439639496870248826595327303213440980478,60520.7483799165753587044679591031733657,141000.3419284231216689975798069834632093,0.2578324918486454450352762221608308182543,71254.7602413960951722575029526711396274,72093.6996249557337618547850177196886659,0.3616093899878370133624354467309539362565,51096.7271369593300365741382934087494564,17677.1408221092893034370923661223394535,0.2905404797981066893847722056251717294651,10066.4129527920888460287992352869703759,212490.5892667621530878987824049251562121,0.2125610713644313552156528037696315711018,88527.7655264285107041894631167247197923,27687.3257316473134460203637459910552286,0.2297205590444184685805645409503063716962,12466.281973217109549767731371742270903,55300.2817795113164126741057348055395948,0.208706165847509626793101320181818919386,22621.3591697578590463915835793259163279,82987.607511158629858694469480796594823,0.164239299257683666584531081345991161619,26714.4599492205828994777216049235582527
2007,237035.5304264197076809793831850719005013,0.1221579379823857458076293327100271665956,56753.3123858868767295409967355118832796,137845.1693412206813212546024015308104794,0.128985911628690033280446305339711938123,34848.9662689334669245692509928563636319,99197.5510910697960572033628614627096355,0.1839149525145879900626591516250453635682,35758.0692810159345069797111273848847201,160785.2694504966561063782713988177265481,0.1465538573981724065510995473156075139247,46184.8548435186338584046141353945757493,74237.9489198609683889749324678002200443,0.2109438140598474917967927517914411045067,30693.6707425457917989639766209675069636,24959.6021712088276682284303936624895903,0.1419184150253499059654250056738831588971,6942.765272410428488329065116080454613563,237042.7204322904773784579652629935201152,0.1221542831524084932611717775124409410087,56753.3358381703056561553296098732255789,27562.7289220233393280989676067128968229,0.2639638829301017155358977892730678495788,14260.107302797910901791256095018392505,59953.2316310345319016118552801773013486,0.3418990280680437911423940476934464658483,40175.9851834104522754991513174098952139,87515.9605530578712297108228868901981711,0.2498482458961530021241578345576585201228,42856.7900949129214154195923914812763824
2008,191689.7512970522213725165027328377510641,0.1076457229058726339243167813507884459392,40443.7804299555205804083180975268049933,112578.2491477828247553857890531819545593,0.1484395793701789856816278196828050552919,32753.6931814670630041417412931258901249,79436.105091382677761948129907071254382,0.1083276012256143929054521541096381664597,16866.0405219003877645528239118331317844,122955.8505537681651440193678151369054547,0.1011117283986153590657089847942048480301,24367.2659897781593493693897341611715495,60232.6357588796249856063659914798655805,0.1193447610078256363230424817983540845945,14089.3610582492063008520282444570191116,19203.4693325030527763417639155913888011,0.1086827487348264255289633735799742085494,4090.688231310693474101072019187304970709,192014.3542391655025173339189602532089395,0.1074847660126568623003408201897527892281,40451.691155477498176698376103481058632,8820.765287158544842595352935819435891319,0.1958554792456964612018470016790542342939,3386.086616755270723863423756088889052626,53778.4573418399888214825156435937359507,0.2355018583793977374143779824735409019355,24823.2562237697477448446732117180962473,62599.2226289985336640778685794131718427,0.2051415266644907928848718251752012116624,25169.7321923212723276090569924510213091
2009,200449.5980697547343786498210069519265496,0.1082544737405450762262160305608440731704,42531.1488710683546273333444266387853931,97380.7858343922797449135077591661321013,0.1077036839793978797213930994892754163744,20557.0079910187110635166982735744722745,103159.3035246843294504855340467927933733,0.1531545110249349736914563162793399107225,30966.6528704319236745071836950837537083,149327.4956318995361186373925958321820894,0.1292545395122363705408130450221575975778,37830.463101456658734732849077205008923,77429.3344667652199761624523546404213912,0.1680461014280353480303522692224520396929,25502.9276748823107942579562887571886626,25729.9690579191094743230816921523719824,0.1531500268046037712456194784619202784146,7723.469083767797029451511909989638671186,200540.0893590766091953990418059589254759,0.108213524379144735689950630254918227298,42534.2537037544288668905888943013265574,29021.2382552144910528053318257997817176,0.3339865383822091961240117093345579929573,18997.6976926718876180864545302205791582,57993.2715894560330355246916202871831886,0.2378492423572508256959036958560446718567,27035.5651903659777475342774979976999678,87014.5098446705240883300234460869649069,0.195865387793036300808619866229715129665,33404.5362001208395002148081302494939516
2010,248747.2840158479766080566164263343073007,0.1047694078942501209801200492427668059384,51079.7670968207894746076248003837821633,144348.3096185236327094033212493788549737,0.1437865292378846247094520570799962898568,40680.4711851500185970924143523611922937,104564.8521709136234876185639559220417327,0.1322468580372540796688306843454150771422,27103.6113950372151367758614562250740655,133717.8755484073070041193612251633071489,0.1209545064330980775046304818421402307422,31700.6080909504778776447871604297382055,86438.2255859511659934084394718496113162,0.144241483278421598567717197359814843872,24437.236626125921823193122241014190306,18126.6265849624574942101244840724304166,0.1419189136022265720297109986440278644738,5042.12185833377619605868183284168504536,248913.1617894372561970218852053008967071,0.1047545254806342795183315660710995137458,51106.5690923082220202560804900830894344,88521.9866260767158919038637916075396544,0.2000807907079641573336971627778578695412,34714.6361952031048636460679981655170136,106659.7906901855096667335789786254551755,0.187082393414802316592558110761639410382,39110.1710899458398547691862918194701822,195181.7773162622255586374427702329948279,0.1589843260505744956965293053427297309442,60820.4529149993471041794971668155270539
2011,258619.8972294567592633942035231805491846,0.1100171172282764522364272678221728439004,55767.126480073587385318517469033480909,146786.554690562789795417815289991567379,0.1486294108569306251845673710829484526979,42760.9263249388692260424790350348108823,111884.3661295687157592292101676088272944,0.1174695538959220800447395051684085260927,25760.2928912501642546097862733513600374,146023.5111382733734732348169217096984649,0.1136769634570865044644070382450616768137,32535.0383055002942145891627862146984742,94540.6379065838010794757777430730066321,0.1184384896247136322037078811745623409669,21946.6107091529583444461044452896189357,17343.728222984914679753432424535820662,0.1780826215656178404724764512997747090855,6053.68851575466637960194624004531157754,258670.9208201315055546470254576003946729,0.1100010660624171417446405004929490392859,55769.9910171406564264361267618817047982,40614.4095083529447345250812723711573961,0.1640875383631494800167541941458408291511,13062.0642174651125881409799111702242916,170717.6393172025361374764230657149267864,0.1944642115339135348875336360454913914222,65069.0034045116232576448431169654685983,211332.0488255554808720015043380860841835,0.1645569196272127569557778070816192801624,68161.2559075526253307854110169209182179
2012,190511.8247367184382741588335346635877173,0.1028780200744696701450964162923384301962,38414.9794861884152690821791438649843707,122370.2488917809170065952652344358594501,0.1216197926349053842407446690246164506847,29169.9828180043048352388787633121793945,68214.0131988021634796733762275247791328,0.1441959652610789930904060140331555316078,19278.9235359651909477708623018009518899,104986.9832566196916654342058441136511323,0.1191871036588666588124583325470820538414,24525.665134227321818911945615681351277,53813.7973039216665562930724725095783726,0.1510187880738265331086831143125114728025,15928.7131229580554845215592697203271294,14400.2158948804969233803037550152007608,0.1478208820057811056378953245960784552155,4172.159124723610877853966203150644710341,190584.2620905830804862686414619606385831,0.1028356695779854363009646702486055698826,38413.7659980983000144823140875258946021,40850.3276609442002893929721929145842835,0.1655412784744384648173824272498104706038,13254.3343155011438768654231624485206096,160585.6970550226718550039257157203878691,0.2416542434919433861972383162458267647412,76060.1816694174932101382223233356078266,201436.0247159668721443968979086349721517,0.1957778448400935478637803367859038968911,77295.9531524137100991302141231043892638
2013,157282.8729053117306747366381837744757297,0.0955878778173089527591936129487714680678,29467.2986345354101791994010444458656085,98987.3565558865341797463229606483575157,0.1081251029966510869936226866367175210417,20977.9155210240551685759023167283378544,58339.7758137801970071649666432087324976,0.1285175046169144368959876802412004315612,14695.4575186946093508195472504641113919,99267.6850153237216589653307376201340436,0.1174785253713769456174101419491550481574,22857.1696551559032399154399258811772086,43122.1237987350174148973971396477021188,0.1391477752770608626293415157282559800054,11760.6812799593174796737714713845551144,15217.6520150451795922675695035610303783,0.1273532897327427668715687623130849877462,3798.515370403246873029170668135927475316,157327.1323696667311869112896038570900119,0.0955659334758673066098532882692259504025,29468.82396133753997259139266208993072,30792.5909913692930354245457019424534066,0.1775692042248140665805879100600935667452,10716.919121580942717904552688169991554,132651.4817428309741742912869331168719447,0.2099044094331466592474713904916160128169,54574.496633895112692882789525831882031,163444.0727342002672097158326350593253517,0.1741257020591973504533677321672734295501,55781.2352680239884997169975414615598583
2014,242935.3277854994068309207433854774835487,0.1756483325090189279342282998560588066939,83635.5230567876132189891386691410545022,138358.4757280644284879230254753179026834,0.2437061783989387850347973683273984762584,66088.8781228262663651024655195850911292,104795.3649741074366669116448606341935029,0.1995062745368075728341650067691879239058,40978.37239523008429501010311611484446,150685.4771945359963522412370814780017384,0.1625364751663081892188462817995121513044,48004.0971910278779645540878502989513829,79024.5410892248186552555785222807681304,0.2220559275940243278527923412857279966464,34393.8208375494171757115557900203925894,25770.8238848826180116560663383534253737,0.1863654429486681009476053460017768965737,9413.470376578198966029003727256005136186,243153.8407021718651548346703359520961881,0.1754984974727491870835063364996649764472,83639.342048000360297146831442805258699,53656.3873216436308015429658684651911108,0.4419489570638855980945360127726627881295,46478.2334565679412459777299253497950962,106366.321465115233633568763062614971584,0.2126876524023457358644804360814854675767,44340.6942858936458707882826698713491756,160022.7087867588644351117289310801626932,0.203262612481630754613015246136126332874,63752.2023349922789433435368117284937845
2015,130907.6849280436054508070145775259228375,0.116266768716617861552229685195908572501,29831.6185124431864933315364674803154225,84366.3089303601045494794216718575254352,0.1542102597241456029243937907622590060975,25499.8948077519392121382286417486178684,46615.4592017463943086963326496506717362,0.1533185195203055546388039119662630004853,14008.1458554790850176648256462058625566,71880.4794952528732981921503183471330099,0.1168506020963461338968716476019449385733,16462.583523668946950723119160192039857,35931.4785120406053920489029595166124289,0.1786725217553166382318367700017550153139,12583.1370372408040573080202477389193637,10683.9806897057889166474296901340593073,0.1220222346921439009423318734591689410974,2555.219070364601947474247815897495048245,130981.7681321064988581757543215081971689,0.1162608435691614079996152525292165236222,29846.9796762292488109426844380174673077,34794.0089928926009632431872822384876375,0.2457204969359780864673631500979380733256,16757.2183130517822685835098704816427285,79637.5711913586943447280296185784461529,0.1823426434409325907816032265019429494979,28461.7974865656952065417579205458980379,114431.580184251295307971216900816933789,0.1502514648342288878589864438102998304355,33699.2845901193824044678548749252794952
2016,131649.2003935590863246560090289710324008,0.1455982397517716738075229528671071584427,37569.0680103796813073493691412324327693,101709.4471956991409385098201419542738719,0.1839708239421253917547922791568185184512,36674.67877445009697439363003592255595,30273.9462705286559274666589321664978692,0.1170156651427836818972503638000281913184,6943.350880311899934389658329973262658684,52128.8236372074550653203677070147768563,0.1074804013354748840075974867718459470151,10981.5406959195638333593912118288095306,22183.6356773588913697885402412091153789,0.1271130784617207869027134153928023180048,5526.867235947804655429637116758298109566,8090.310593169764557678118690957382490271,0.1261892165972900114452049864407804197758,2000.983513330464532406135971110411345952,131983.3934662277968659764790741207717391,0.1456687601409775910331291769987761557855,37682.680279431443591920426886341719293,52447.1131987365055329895539595385956413,0.2752311373473678830676120781341822279086,28292.7540878978202095638840269396285953,46608.4729617747186069801558747056644673,0.2016180402643600389048051531050999306164,18418.3335974041655686160183170571465319,99055.5861605112241399697098342442601098,0.1844708179377151832282418855165577803399,35814.8154006454785308678360690266461652
2017,213942.5939714397852991319708310676283504,0.1450341660398009846943654378312803952409,60816.8119661974650568892091896735648018,184530.9806193120606153448639855665640596,0.159235765845008763296206633148078391816,57592.5067612513859187930590202368702767,29421.9554616390032677342876458510181579,0.125954059645374998033674670939357075793,7263.396876873737576875564173668520972299,52349.8041441284846120889449582902166338,0.1299228416455462382136713222710533759,13330.8132154262120395322878084801962584,20769.4939015164637094719822954740048141,0.1418323787765443357573593573914992615439,5773.741983032540971676091832296856385974,8652.46156012253955826230535037701334376,0.1263344160114223966636735860192965531248,2142.483209388349072310272977504097768958,213952.9360809510638830791516314175822187,0.1450282509859074188671361401128475816407,60817.271421715157078385319037552704989,64613.0025798870738410288545349962503421,0.1916650948183403666789767461045240248758,24272.7522413045844115371821110824494512,105786.422609400962526665348867067026752,0.2182737588702567268404098157224313506326,45257.1841967672618033030135205482040273,170399.4251892880363676942034020632770922,0.1613674401916410702701771730934216584071,53893.9613437280099732405238907230054827
2018,542245.8442133716004549441547565299230348,0.1427177164127041480030456511173263063811,151680.6536960061884161132402613472307975,493483.9415084660210647480152087965490121,0.152762264983811282713076998459480089559,147756.0202904249515157963658483726005995,48774.352871947140462366314881608021608,0.2008546122883852691968741418492279056601,19201.2453219951935913174728267289733693,136273.3078343555887872982590157405797122,0.1694703840157020788130411089196952277653,45264.8080271653195183544524959810176416,27952.5651537231100465472035505777450164,0.1916936200606971584074503744298892922717,10502.3236724273742063217775333324774227,20821.7877182240304158191113310302765915,0.2340608904342596074391569502562061619008,9552.189700570868392853791783126276711745,542258.2943804131615271143300904045706222,0.1427141173225650740023001171208991242204,151680.3111329470140634910324701474960245,81460.9853428476459148595895332155560845,0.2602518603914902535778297316626594386648,41552.7310502080379348884152820582458522,153774.7005503223696488903726615928699006,0.1981924949736966357056662004052951895105,59734.9034691668841933093254595565064982,235235.6858931700155637499621948084259867,0.1742796831350162125755798511615026179265,80353.7295670393521569611665824636178408
2019,352238.3916198779149621646386009886364608,0.1585307842784465271266094448503039080127,109447.6318138965521124916183034217434895,296493.4336100710882737795891096788543715,0.1700081452611080281591125705230506745087,98796.3455110854835013095930846748669283,55745.8478414083219195544927543370779672,0.1782509239901212513731931547683193055477,19476.0278172337296662476305602854819106,180907.7260909722521431290391743221778746,0.1712803588844184719526121662939489930394,60732.4428896585730743239602867336374231,29510.2979578850810225499124894189545142,0.1777817370466731864484978377653583497206,10282.9283821666962910549597817335193046,26235.5498835232408970045802649181234531,0.1925470671280909610245222150203586469386,9901.093241747651778934331014524817541661,352239.2814514794101933340818640159323368,0.158530386906740511019602553422513805152,109447.6339616203825776475306009337652611,5060.334199134619004038274866254344129595,0.4327930596462137244310439120361001087745,4292.55194091665486964181563931866662928,103617.461559016085345931068647354664163,0.19825046057190789773199632786569863918,40262.730575639125324514934197478774865,108677.7957581507043499693435136090082935,0.1925464892109622657215612730473971782375,41014.0349356991335531672285104056750583
2021,77196.3348051535284505665452140298545361,0.1261273925157402924649430600407688205556,19083.6819446623618656906344022634693808,52071.4065957899790558485730445170288607,0.1418763802484874515762279209964726514021,14479.8972572254773236462198908255758261,25129.0461214944425858348625176311931957,0.1582717793439422873751303990090911740938,7795.348932015237651740567202647530596929,62585.2454642167672001750632736319990386,0.1322705876657080316786427486669602938193,16225.2469056388981313191823524312193869,12769.3316915193941927331325348783044058,0.1829913980553856357691966816327625378689,4579.888602589589433386786551304928796443,12359.7144299750483931017299827528887898,0.142941874883505363279129390051385895381,3462.772677144884388942823327113094656876,77200.4527172844216416834355621482220568,0.1261202663291838235331186894205697602295,19083.6216485774495477746517070948896454,289.796760082117859442262417754873136171,0.2402406014290217729144894146783461443792,136.457057951247450453073662745570941561,27829.5140894952115907182796864739556788,0.4423885986599036152017614233127949930291,24130.4610892981470749830129567450029942,28119.3108495773294501605421042288288151,0.4377974864877479132282524166986137587937,24128.7046789567238009770174104117633019
2022,57860.8945022813582751925320293660498701,0.1504724461992308631382732807321631072365,17064.6818566664528464847893005057973491,37418.5973115517013033089685422409932157,0.1927724695380674204857298438328842934693,14138.0198043806911574201434711496738063,20511.8657248328722037438065400229491983,0.1813405059350376440320123739400365416675,7290.478932096991348629115630904942315394,33735.7041215773223704146233322726755467,0.1471672326460138982107318764050752735038,9730.988825197029081951653185970164544354,13505.299629233217529924026869524497292,0.2135403455505644351771669330982003607086,5652.49564519712719737173734277208993437,7006.566095599654673819779670498451906158,0.1478578068427375938965426826379371509027,2030.511972932333780730314004862301070543,57930.4630363845735070527750822639424141,0.1503485459755092729859275496600159429497,17071.1313350084768724814886654035382754,25654.5054415252172987658946524394446669,0.3425171304007503451853782314060632197123,17222.7308679360382395800418951964134436,23476.4542390665813657941722009799104466,0.3386686585113796856077091033161109440928,15583.4489569470052606475565648743266891,49130.9596805917986645600668534193551136,0.3028733604521767020927907831472907743573,29165.6993669744307312452793063512616462
2023,50001.8614939684927552703026557408826167,0.1278281664312361114112646949473633855609,12527.6266949283367771612609099927887792,34571.508389247942451069947229506437806,0.1672142089742902343993560808851424065461,11330.4609595780215123824491071912098385,15545.2413772124249919421494665532526641,0.1370440558276786080292523613238671738658,4175.550537220740561224064193417941752885,21103.9770141703279804982625700841508908,0.1260866103963346895966893631474214525296,5215.420698093837721759430904947630210813,11448.6617745784181877451159602312358404,0.1492179571028284099170575304400256571913,3348.358006265114217081128423383223545471,4096.579602634006804197033506322016823681,0.1266369624460036047690970923280210897258,1016.805658699821095555560579876191027905,50116.7497664603674430120966960596904699,0.1277012647356449314201125033200110970451,12543.9457660489802797145873181580832534,21855.4152816809623364576208944113757642,0.2046136021522335588566501419445992418343,8764.953884742719375534109326329776842204,15076.0351991472422114006825253694651926,0.2653628515887761207134104972335572357706,7841.214594553009985303241441324124573032,36931.4504808282045478583034197808409568,0.1898403775153135372385740887740218615538,13741.7177828783266522016953771778879948
