"SURVEY_YEAR","BIOMASS_MALE_LE112","CV_BIOMASS_MALE_LE112","CI_BIOMASS_MALE_LE112","BIOMASS_MALE_GE113","CV_BIOMASS_MALE_GE113","CI_BIOMASS_MALE_GE113","BIOMASS_MALE_GE120","CV_BIOMASS_MALE_GE120","CI_BIOMASS_MALE_GE120","BIOMASS_MALE_GE125","CV_BIOMASS_MALE_GE125","CI_BIOMASS_MALE_GE125","BIOMASS_MALE_113TO124","CV_BIOMASS_MALE_113TO124","CI_BIOMASS_MALE_113TO124","BIOMASS_MALE_TOTAL","CV_BIOMASS_MALE_TOTAL","CI_BIOMASS_MALE_TOTAL","BIOMASS_FEMALE_IMMATURE","CV_BIOMASS_FEMALE_IMMATURE","CI_BIOMASS_FEMALE_IMMATURE","BIOMASS_FEMALE_MATURE","CV_BIOMASS_FEMALE_MATURE","CI_BIOMASS_FEMALE_MATURE","BIOMASS_FEMALE_TOTAL","CV_BIOMASS_FEMALE_TOTAL","CI_BIOMASS_FEMALE_TOTAL"
1975,45359.3829890274986612850700862418327594,0.1468670186427289351783402371881760262798,13057.1228002614794194415448529733411531,239870.6238134033809290538554679904456064,0.3711753705361132454066275389218104196149,174506.7726423505137923806031952558579311,226617.7900190511441436620312442758156975,0.3871160622299867479913527130830783739618,171945.6775467366620234769144841948457328,210735.3031605789329403578436088737465595,0.4014300135350179633105435721298378035311,165807.1321761123370714586726565779190035,29135.3206528244479886960118591166990487,0.2020874214869223311328995449138375708525,11540.2483768509759283095337076863683937,285230.0068024308795903389255542322783664,0.3165724445803495315971682398766821810681,176980.0826213859282949331210387223457433,9806.533871272356524034870123874520353185,0.2405012999310412627643458355697390070841,4622.628921963224883117619164607373657211,30408.524088130936738732178522707538272,0.2025379001439316187878018895258399390662,12071.4020859609577801345056245785585205,40215.0579594032932627670486465820586252,0.1699872728033031603198119938633511346527,13398.6541351656420127421766719709759192
1976,31528.7093835226825387522209402333653814,0.1426905167060743263390375166268099873228,8817.74175270059118663887409388626663352,121425.6297597403319307631294528170664148,0.1625414845060458781862760098864714735334,38683.9361517302050474257336366215088374,112350.3515110877583917927703813860315693,0.1691902355213044146330561210107207096567,37256.8215688020632654232205296726689851,103825.9506496669587861309727052168057261,0.1761868601498398746073023903428209769751,35853.8257641926159235914661352143093342,17599.6791100733731446321567476002606885,0.1420696200138613446330862548186752614263,4900.744258126674324211000691309203167916,152954.3391432630144695153503930504317951,0.1391013786515567001461504234500365544832,41701.2725133086724601517595076506710704,6531.841813851574932630928793331237042652,0.2522313044584608182680393458859440756478,3229.168563199239038954517455313555537802,30216.8469246650848678356254566349385483,0.1940076046372942884037809781774900070422,11490.1042594302885295986841665947249206,36748.688738516659800466554249966175591,0.1686266810634120784209840908658315789907,12145.7464542005657975273432727078686259
1977,29463.6283343539214344857413905464488178,0.1891180027661345203771684017290991297343,10921.3209878799405163299637301853270689,106521.740984029517626729162827599576624,0.1362279520208111345737341296529852734166,28442.0276950934625937492335165308347778,98385.0395127289135845239489640404612435,0.142988276280211302890200936060811525318,27573.0981349037515305166677821023116328,90187.511153866304872063244699841120725,0.1472935018750429194916020151095094898841,26036.7073127650231529082825873227307378,16334.2298301632127546659181277584558991,0.1301508052715097598440039645040358792511,4166.789805135890150067615967315332860372,135985.3693183834390612149042181460254415,0.1204659971778575834693276957154422865472,32107.9617084150691543414775419379152943,14754.2644471347533699149381541782736578,0.5961383565836447532381839375636684901783,17239.3426018262032410562321792453551745,37201.8786316283411008394679097288527092,0.313424085451781443188453252899452291061,22853.5309829243152427497813562230318704,51956.1430787630944707544060639071263671,0.2820206446252785701786881886224635597323,28719.3017280993080254321286384457767969
1978,24234.1024550529563075486306695185737607,0.1474268012333638472746730119350406537366,7002.602163191731355621869387841194263645,73460.5186675583645578804945895569407452,0.1310546450375556353979122210954816919223,18869.5907085731182407025549305624619744,67031.9223315437984225671577526658477305,0.134738112550310562591691540547451313654,17702.2392033195996958938442548306695195,60216.6539295684625558926059493084817005,0.1406685928635698533344533201217900970634,16602.3602714409016032785630134625905841,13243.8647379899020019878886402484590439,0.1674818321255206893370369750447591519036,4347.489192252610519737041897021461892545,97694.621122611320865429125259075514505,0.1165516116343489570311542192943948777319,22317.4724581010196211564402694408030072,6933.709475589403428376738042610472551165,0.2420796622021675752670421801136932451032,3289.879693410956479417848221512699708589,25298.3139233098642961648583055975385626,0.2345667733450460899890275446844781732992,11630.921981399263353161807966834495799,32232.0233988992677245415963482080111138,0.2041114299903486459230110907817486961242,12894.6917993661462899061873988300929071
1979,22306.3868226852802914319064578184588247,0.2271142806705889447165447089495320435454,9929.554035284380139706604488983777102543,27335.7904368756790461423696556475963294,0.1398848705364402832938706456307327691542,7494.772472296288801679604590481593680174,24459.824135419236329200855350114383472,0.1451627140931099512320117228407323886682,6959.282737165721295263457541272429212535,21231.3683274357373073158601069683266824,0.1490681770245539668363390197896651830028,6203.245889723089567354662741600112380222,6104.422109439941738826509548679269647036,0.1743170614841373833153662483017727241947,2085.645651385685095414769305604156457563,49642.1772595609593375742761134660551542,0.1372748601745821456398183870276116169759,13356.6609664533822624856044978703356584,3911.370029414185168557471360557583793746,0.2229274128328290540847662194267607107314,1709.025138526774723876129007034443580084,16620.5646950757554615654620016499087707,0.301132641876338949475800146693595036833,9809.789329965349477905737738975054670098,20531.9347244899406301229333622074925644,0.2669022549618801545516265170474801201044,10740.8385663251296130628737324087600154
1980,84888.8662582618436934665881342649991814,0.1671958314421714148391118397168492553838,27818.4065654974241520730721661767724395,64498.3103470431882029937153503489873991,0.2202871485564868086339619037996641335442,27847.9717912005263767723310232189066901,53666.2739170724292520738529588690282049,0.2418982592990450309479368542640095299975,25444.2853574669045724426876035019644548,46848.6098311060308162498653775305771937,0.2532961907079821311324363088687778407573,23258.485843960012252370386038731877547,17649.7005159371573867438499728184102055,0.1904289488926349875460606615151152588826,6587.587278338632218386517807133888213999,149387.1766053050318964603034846139865817,0.154877266274062330587232490533494636143,45347.8879568991963442673977881837588864,13841.947842755005054982524535100056753,0.2284698745127295916414542946829616174117,6198.43744982612880212983466065446567101,60362.8429805725913091124362231803300782,0.2815231626449104816995509132238974310652,33307.3353857727040136917366986989575462,74204.7908233275963640949607582803868317,0.2458926430075466222804486816716001495009,35762.9677931655219349938019071293560904
1981,44721.3269424951894232933900442110068314,0.1663102992446734663875268615289489064923,14577.7298421934955732987245450331407447,34836.4751887104160836698716540336920458,0.1475262261670990003379698008364894734832,10073.0156864062823152492089953832575757,28051.9408019577431200058795888764572563,0.1582837897658441331760977056983367479095,8702.728300825129593159264554322407201397,23742.6383720252826251769093411762734961,0.1708580735367824102258384189118544833937,7950.978047732465992265658798140093203281,11093.8368166851334584929623128574185498,0.1318042865944165265254549222424476223395,2865.941884547391423502102621121183088713,79557.8021312056055069632616982446988774,0.1270083886859776508059527434649442655457,19804.8361819212348160550341966846814888,1559.282792376425379203956025777972113585,0.2097400399780436079813167591114711104564,641.006309011809582474344121922228705663,41829.4933813521636272808366438408156941,0.2509514285278811371061851324746620418339,20574.4553925498341452040370539917214414,43388.7761737285890064847926696187878077,0.2438565118879026987338149846767100354557,20738.0458011083742695513897557917546053
1982,32796.6918014790351797492097259276820204,0.162432399484515985448998471104676926096,10441.4008751580500450210174738252596046,34290.3561968837104988823436079421775693,0.1451792208255021511191216261502328679611,9757.364501205312395239831842934174695742,25538.7595685534970448270434741254841264,0.1444766143927830765328933591830054304073,7231.916895781569262729219414002231436353,20173.5095614111026090494419094067074544,0.1544498522847654793235531400686253094597,6106.959320777487704875309554396208667399,14116.8466354726078898329016985354701151,0.1463617732509465392507707427502454742406,4049.686744307681608311120928851233454899,67087.0479983627456786315533338698595899,0.1420038812181428408727048016176498681388,18672.1775426612875058837053810735821112,1763.929655503401678124391211458042882823,0.270675076460551282419211107608720543889,935.805516973857579551463421668905772714,65834.1719861232244726420807095986350355,0.2595792838204593489474567745136521981707,33494.8069415387963111926432362150544965,67598.1016416266261507664719210566779189,0.2529494975378329136516447628394047024476,33513.855455731194087363828919129696273
1983,16420.217783032067683500622498158612366,0.1761024418873230994608406361202977451257,5667.615277910644313311257034481668982714,22139.6365666483139319418024059442486324,0.1525153810616405617330074223048568301265,6618.204810756054288666270071258145190112,16646.2551352987799790423901875420516409,0.1613709994962569440705878360338985538727,5264.996744943613425029464679604328558847,13107.6236175391479710874995727973567237,0.1642880689677620342358255314578117343913,4220.715298848206540060909913909000541468,9032.01294910916596085430283314689190884,0.1606340175098334634210362305964260785853,2843.663111383838912906543300976822787261,38559.8543496803816154424249041028609986,0.1478946097174267570187683015999466573173,11177.4774352213291195400223188293729832,2359.391645024353035364000663309500224785,0.2356364287869673704974607328582655614554,1089.678897832959651800343406749887027657,20936.4460251983844697776173775525106227,0.1837212014409297569557306141821824232922,7539.079274599146010291384483588007026443,23295.8376702227375051416180408620108475,0.1680717747213592817020668643665631843974,7674.13065047586114428800879137524741415
1984,12546.6103276849069531938004876290702804,0.1432505065420395752939016853059998560648,3522.724238259838203488502195650806414866,19095.6187767469074803815542383924607154,0.1508835638277210082529252302766794175886,5647.181428480994762868574499794123700716,14980.8854525707263469272265581556383221,0.158385078365928256501141439942185112608,4650.58748413696181145539619147015274268,11563.7030743960136432270270241723290511,0.1739917668902322591864271634182397280161,3943.498694228019686866491598887794203325,7531.915702350893837154527214220131664315,0.1578793707217157509739045796575104129707,2330.702858375690917268670962222467499714,31642.2291044318144335753547260215309958,0.1288050001245845257380539337829969742419,7988.327554527405050198830122507379042843,2271.107207805455309224110090380661758241,0.2115184565594468175881545322126447952559,941.546938901047720177040985380837173519,15151.3517552767583811490721101679643196,0.2263391386685742697398955631257734158481,6721.514055669707462408799994842838148276,17422.4589630822136903731822005486260779,0.2000973394559138279940911450930967033682,6832.92786317347670693956644628133164812
1985,5683.985963376843759875861656553411965222,0.1448717311471685129158288152492865955669,1613.959817207995056049783125046378723189,9354.103537161880513559594458456019126124,0.1730599606719573590815802347505447841463,3172.888748914798438632402107912343017338,7991.905850223548587659465580918842856849,0.1877927453189656308231326997638864806188,2941.611002290597394069642722189958288049,6562.667066949338535986423906760296643472,0.2048734015398107123349130338038877178998,2635.251213351239182997604935929548011361,2791.436470212541977573170551695722482633,0.13882602904668870368381108015533234636,759.547119371596576346365374286113477135,15038.0895005387242734354561150094310914,0.1345732604233294292504091545470015807847,3966.500479865654104914059917920230841265,1016.606859292528536016076995746091004464,0.17778513412613512086508599200178095245,354.245670192427473685418035160131200145,5614.864242885306083762050607815677655285,0.2613530750929679696408446609471841507896,2876.225590770943325723791951482289860138,6631.471102177834619778127603561768659724,0.2232719779424639205414209570015844427618,2902.018472517011334303029036095862896716
1986,13757.6698615280920537961402724744535071,0.2733281528838969226641471696522402151172,7370.302642826345447536537860156787274317,7944.645322357595232931389510921078482717,0.2302012690230678027577310165758689950878,3584.580172884000091143446351170080940641,5592.211872226461473431822840153202057848,0.2918452242252266469935820898863853122515,3198.838242419216067132682892843983584259,4388.237773581660640629879415733452221075,0.3550341081392290442319564311110299807872,3053.629205123024363494838439082197094248,3556.407548775934592301510095187626261658,0.2031665575826219935257094379070024934766,1416.184434929488604808313966039972279021,21702.3151838856872867275297833955319898,0.2158942782128876041003573198572586933746,9183.395117460239485490895232924170339394,2761.300212734072810010439110570435202553,0.16959712140081489147304118639633131099,917.884792110186803256341038631939867004,3296.670843520808470511716508177847401242,0.2007601833104745200796113955135296149059,1297.206876004686974866887872397985866937,6057.97105625488128052215561874828260377,0.1407557568418724941837940213278018889654,1671.280829860654550459241341232751333077
1987,27422.496564743862603847576882687323737,0.1714263108302285704657608409570170960789,9213.837342903366902433268211512699616007,17435.830030555565101331931917631050981,0.1713824840522036979558800753111476577277,5856.863889811301965165721803572204919637,14806.3288675664692820103226769639036845,0.1872787096514069782056138270559552770602,5434.903923384763518135621252983663957185,12638.2025433252239028863953930710856411,0.2009799295208019102115516253269245854521,4978.449110597160982226335488826429880006,4797.627487230341198445536524559965339861,0.1452952806102380342860662661944284014825,1366.262358760226287297128480315492413429,44858.326595299427705179508800318374718,0.1359839835522909862220832672790112897177,11956.0273340002495974197304497011029494,15388.4934941159758458259766530985343202,0.291527753914565198803269194999423383036,8792.898971158318352071230398028194518439,5028.925696216607518444714912279838156411,0.1671889830515683961859751609718209387274,1647.930707065016175166059039649252169161,20417.4191903325833642706915653783724766,0.2299616237725827345275928114699892630697,9202.636825698569767375819897807864083909
1988,49917.8415259534010201004590166330164695,0.1552346788961474040117805136569293369881,15188.0009969214919375209355702660938953,46655.4707888868299450388895561388008813,0.3262219939478103106512592968785263891089,29831.2797902759811491117640418785976505,34710.8304353734748005680801303737246844,0.3565206517367273964999065792462430673064,24255.2506627190734260247701226406005691,28412.7830112032768329428290643637181989,0.3828646080924500903208296765575565349759,21321.3681035043264352795507155980321106,18242.6877776835531120960604917750826824,0.2494521891518956670034034259097613487919,8919.329668229078086030958505411936359145,96573.3123148402309651393485727718173498,0.2060419158070086666111705893781934705166,39000.3745589493976527050106586509207344,10408.0035705165596222373180327222320305,0.1734277612528519030319692032766807966275,3537.872046358897074221481854715508819687,24456.1141219512802986852763390134930875,0.2337184213525139497253957173906320729262,11203.0549945987770666263618268095807765,34864.117692467839920922594371735725118,0.1838124681857650436623575675211253517172,12560.5806673761655032937535857838800352
1989,48087.8147586493768498321943226590963933,0.135242162562135749480619901621077186521,12746.8601192603742421107700482881851149,81777.0831279773853588781392337444373212,0.1418877298360800842436104014957728222997,22742.2027681844315206196593443242167387,67112.6679527295556055957979445082640251,0.1511985884015476239423432963626299457968,19888.7876902964041363158005505848666203,56279.0799288457135385287406787022717051,0.1601225631200152000570708025415069600898,17662.639035356237507280982386126796422,25498.0031991316718203493985550421656158,0.155403362245759444925710401997655402289,7766.451838288457093211266810549559586784,129864.8978866267622087103335564035337147,0.1200128553073260197371614488456701544008,30547.4961111540761973609570758645682167,12035.7542282459648282298009392941176515,0.1893866332613589290642295702247520474186,4467.645505215390476049827031778203690225,18637.3926752765482279192467347206291533,0.1562887605145302444834187168468361544705,5709.117400865450915155823422612994864754,30673.1469035225130561490476740147468048,0.1278347558222647489577457848469258324299,7685.344719636022802496778379615794380291
1990,45750.7515806850595321404714274836903127,0.1107110192214316433046605978002817405996,9927.620181782568817074118895350330745504,84531.6020723138613554489918896862257524,0.1590751509520531098835190575470819778307,26355.8796253495374380163837456399229043,74880.5310817643223877912540979388552089,0.1646196631030349956436611696913093953612,24160.5432873265114457840997376768166759,66156.0648861945458053703951294251897685,0.1686323516458408570107916653561031062272,21865.8634828918937563925213952703483705,18375.5371861193155500785967602610359843,0.1614513274980590143198204885752563947912,5814.839549490266372239128203486399290921,130282.3536529989208875894633171699160656,0.1247558985750652880530070750888085938569,31856.8445129704672000935773740987980065,10065.0615929633006821344881903016837013,0.1867310808562584231453811503627132894706,3683.741267072148558175543167402770501741,37342.2489464537255539000631819498950629,0.2728914494845610275324684836041428649073,19973.1456663417150315291846813018881232,47407.3105394170262360345513722515787643,0.2199157787956965390194601061947042535322,20434.2066110552427066945502161500037451
1991,49502.3472040146025390485341484430949388,0.1138052858834112871167955026426565573591,11041.9123998874238000416029471048710956,96448.4227461006046398733752891649315163,0.2173466655712670211228632164735848984847,41086.9764436069062011620587508971698126,82061.2517964355165711193330092699967808,0.217814940598536542833343060697078782788,35033.3667035450183249797864066460746822,69715.557647666306170093542562073804503,0.2096316053192466045783433713223567799853,28644.5851601972639710362258923980202043,26732.8650984342984697798327270911270127,0.2494428265334153179539800241548822420754,13069.9100057202810709858260195326974571,145950.7699501152071789219094376080264542,0.1664247942747601911400052783979080864019,47608.0606518539191559062260761220621604,7178.213999464391348441572895645588895401,0.1706851690587212157662044358159206549427,2401.420753274987639744074123394818267739,44872.8628318596406121268002559235372994,0.2239892625223985129520130277387020352253,19700.0373278348960949749396846258870132,52051.0768313240319605683731515691261948,0.1952214297921470196039837727525548054543,19916.5118568146707265704606013955824311
1992,30595.3805505684357598103001715290213969,0.1731933181311959444139656004981826353441,10385.8743349976238818418794635432110026,97099.0819074851553311525024993134100076,0.2497567863362886112727538070580998911663,47532.2631206984120115440657895964632337,85938.2051547600862423677853770993442753,0.2576901621857466182465049528624925568376,43405.0428475929016539775125497878927545,74206.8286548662626149611556637488847461,0.2609531869758261270397962879779873608068,37954.4365283985593653626227841916754094,22892.2532526188927161913468355645252632,0.2654379667387630395216572887237651202078,11909.8873885902275543181570533124563673,127694.4624580535910909628026708424314051,0.2235402761306838434980457328738631939137,55947.9165805357809924926227651992316706,2023.484531727166560552818618873852540935,0.1685002133755370569868381559380191063374,668.276847701927448515962096351568573126,26050.458038895902485075327270859713173,0.1666116097961490636215621879812208706932,8507.005149583458195405526803705431288018,28073.942570623069045628145889733565714,0.1557125183322768046444462874047455111147,8568.070022487364448597044794662317877251
1993,18145.8410132160185946842783018716049973,0.1168629981182779429205369551429952978512,4156.331672996787232321514509243591134225,55838.540185977191122771191642426707676,0.1625535120891449375842076354473677708249,17790.4316016364395472048183021665112405,49150.3976248791154310115833651821958616,0.1692087186881069805908517485289394524047,16300.684578028872593839620579410490749,41614.8374181659105147362793773990549825,0.1681062329058809917641922101263523407189,13711.5985606627967295122849039559301426,14223.7027678112806080349122650276526936,0.1761099941493949056903649347056791047847,4909.674973995074438973455667137640908008,73984.3811991932097174554699442983126729,0.138720775080356045274607024568576883402,20115.8145794335032755182519310179157875,1082.789310749810904100116225845528380968,0.1853972980387256615271843047182013746768,393.462576614128894849520103872368063052,11713.6779696239191265780814672646975608,0.1461236785239921557407815028999363851107,3354.825599375113632593082434903782046573,12796.4672803737300306781976931102259417,0.1389658501016983752623758879722764338786,3485.413029674779140075932681740185924728
1994,10673.0004856412880930349087477779005658,0.0991243701383740524583980398089519239732,2073.590723226475992306475259280588982548,39664.2434026116757127360675629620651109,0.1410381786909290946070844636580180509783,10964.5783913697798943256030757078630892,34915.5980153440948393917761652118025869,0.1490421405885520718133347547971948455651,10199.6351175471171922461362170791938359,30605.3323232902916211611001254843667361,0.1556559121758296069316762465876012560229,9337.245803643259361492284674403110846358,9058.911079321384091574967437477698374923,0.1320034568907640783317265341716288009509,2343.782853147472209582106056062334201613,50337.2438882529638057709763107399656767,0.1206328960028086720419243898214265713819,11901.7619137976869795376077036040563826,1218.050754859859578326671620922987763354,0.3241231460937379790481150557328795990332,773.80494782337897989677419440697482062,10002.7212254447582170632914265616881895,0.208040186558039337946255514954221451812,4078.697260065991230521611061638055805632,11220.7719803046177953899630474846759529,0.1907718801979020226819571620403865116606,4195.59122519111082570809237639232903782
1995,7655.091661320696347347845127692658012758,0.1152467484250981112114178359159019714488,1729.159868812053585189839731180934387253,29881.952707845847720252723338924674981,0.1933325890000383346584841930185532009792,11323.2243515137059795318815169805281239,26398.7232908472534975325949368986848483,0.1998285290815480307309658942170589346252,10339.4273678879870674333481915847140962,22292.8966253286033260192870667862745817,0.2095800184116918674511192854899450824974,9157.40554296517187977420888780134531248,7589.056082517244394233436272138400399437,0.2051596639574672479136394147197625964158,3051.657663461476958671260112942411045697,37537.0443691665440676005684666173329939,0.1672652895044901072429492102345153424179,12306.1434033610031550859297563823068906,1078.294965220803723569999418473431396803,0.1551083710347316947248355356200643658614,327.81504807868900356094391979524220401,12702.1710898433907908301627535513300167,0.2193754803049986387257011294088333324861,5461.627972151297266825107114458455952621,13780.4660550641945144001621720247614135,0.2035924921638298804447915773163062120692,5498.974877565978147370903647799286885039
1996,8249.345228802461025820713321154552639966,0.129280207325742279862807845113631004556,2090.295040503161889636727116180299530754,24709.6801777103296956647081912190287449,0.2704648183811674748698561502053955294074,13098.8743565814704170335694544709188344,22295.8800930955441465776222794073965326,0.2798366954941602482953111196323172533772,12228.8426004363385905040535174998184157,19612.8473253599864290559447607182373592,0.2924569608242480042535814379251854881336,11242.3908948941350925885926457984557581,5096.832852350343266608763430500791385736,0.264517501207869535287466716345101408044,2642.474920748666465509712879639919244619,32959.0254065127907214854215123735813849,0.2152547668758989336786277075672185831907,13905.3911674580520687668694350952154637,1467.06749456197550803831209488540619693,0.2078015616130620610473837177877681491951,597.523476069012249702794204481588272722,9792.473487049415062976550911560245441742,0.2813067742817359854524697822552535289417,5399.190692607336039774221218192003267442,11259.5409816113905710148630064456516387,0.2471510480560985923703978799211896858553,5454.302414302262684010943699528583206594
1997,6440.781638105217355179279583518065972413,0.1232493975669469174595720405418011655798,1555.892015243174252374143917737758418984,8791.456208818607265428778652302573343198,0.1408900958235738273999341714620186779572,2427.713051070845041270828013378128032595,7155.30454144647140373334310218250237525,0.1557466306505528664518729892121734925665,2184.252564273418767542010663264542544226,6178.561704708695695496676396063634023496,0.17095478282832859262302557820912068854,2070.259161863009424150742764427477197363,2612.894504109911569932102256238939319716,0.140354592033190020141610734831023171698,718.794214614217526235494810174083449839,15232.2378469238246206080582358206393156,0.1104294799534524574359831328686875717204,3296.892683767664853362458383778358468203,1426.404835671781842094664931568139077097,0.2652682236515782505813473108173267953445,741.624558854682897970067846508435102642,3371.657899744157725052589098887350660046,0.1887225460763215179510102758009670737461,1247.163412142598077098264596989125839162,4798.062735415939567147254030455489737158,0.1752562141612631396989289106245583036536,1648.145008221774612154199049042620966431
1998,7494.604098922565896702931305078543709245,0.1077511249651548053012823146746545770348,1582.801964741638975509636013251324143699,7861.083454847802357192366761099989537367,0.1214909148018432232586758663945651089633,1871.898431715663720614238423273432048083,6268.48714844542818081995305998525745317,0.1263834151010116552897894712689029693621,1552.776314141177418606755919105914096834,4953.317293526634414846910091443344222525,0.1349456799270739763437288022329199533162,1310.12038933619166839242851268786870716,2907.766161321167942345456669656645314843,0.1246507263789028653187231300116303740273,710.412121731408161430096640208423607893,15355.6875537703682538952980661785332466,0.0982677417309460244358216267506508852831,2957.57872772461742627274669027931482089,1992.649654676363051417021898779916168724,0.1906648174646023317268571557954607398153,744.65923805235239735063238937065526813,2187.071381519901772149378168826632715521,0.1561443573254569870870237099755366165777,669.337756372955838286728000483420405006,4179.721036196264823566400067606548884246,0.1418975697189839370613440416525054999532,1162.460823993544012662922215172626998724
1999,13578.3705538131094914731897808756122789,0.298549699594523101132761653085343198977,7945.484161655083337395571730769957024688,7983.881058420913460037175973850978735962,0.1955927100293700570061345330841705676004,3060.714308226655579234729064946304860106,5583.907743439059875687101271323567831189,0.2027992736918142689777657912657958051935,2219.528372073816275672411253977576524413,4238.395369826553592739366946750548267741,0.2175935468450653690024374907849673865162,1807.6050636464342028324395610747403951,3745.485688594359867297809027100430468225,0.2094805622502558760265957362160279710519,1537.828637976185262465056320260971998391,21562.2516122340229515103657547265910149,0.2472707034897606399531987983828242909762,10450.1577249614515121883521277830643177,2927.530207872261267162382107920258837877,0.1943271143132596800490016801416830862682,1115.041054826999026348861232205615251024,3701.008671736538302097077531448719961731,0.2162621511595321476186443472966091704661,1568.760669747260018915005808402918107698,6628.538879608799569259459639368978799589,0.1923666707695949445099924777406267646151,2499.215514420844746658647323286156642784
2000,10360.2979388147416534854259854104932625,0.1414333630502228875268788656678027335854,2871.971888190167999343157470025762129347,13198.858728133397573241333715643188592,0.2627530952089846755077017537165547900961,6797.360328724619067466985383564892371043,10218.4733677010020085815118675739723889,0.2830285525490372779819532323752112279216,5668.554663981749901928253139368124262831,8306.619184303971957202206117902483825279,0.3184610954931482005056094944234011531607,5184.856688744574289714979082966197451315,4892.239543829425616039127597740704766725,0.2087050788908469251335363469508743289019,2001.229070297768843194453715669626208736,23559.1566669481392267267597010536818544,0.1916347180079606668376594478910441139437,8848.914594976907429939023672950690144659,2517.871841495738554838307240940274430038,0.1525591859986383549598213292031192622274,752.883978031465599432733798864394029529,4027.693786001020963559364678094474638898,0.2938994649104751358813984973400803090784,2320.124615116733791011977278119267472242,6545.565627496759518397671919034749068959,0.1978374746537314972984099293888788604569,2538.118020891483478682080771359903596234
2001,15235.9344493865783630050334179604752254,0.1381990859612652814204221295070974250766,4126.960740755118364191942525371899091427,14379.3856367243916525221483842023128002,0.172789113736462320114784466805122993794,4869.818548479070191224271684026400803375,11818.0816687400947051707921823445282474,0.1913450323372005772285139341201639208589,4432.209189374751531694557261019321370033,10147.622442775225800362586614959919845,0.2093392160398125571221034187813787878783,4163.618840603603925597711263442697544671,4231.763193949165852159561769242392955254,0.1247545801819081681822869088065141584123,1034.74640775314287533688840852407927719,29615.3200861109700155271818021627880256,0.1292384646562823486564997317894840653939,7501.779456537348988540068483795251053034,6439.079367632482736317940549476081195445,0.204098519324453736890351319341663061767,2575.844866903002066445457837164501729448,4362.511838028802318682814078613749672201,0.2356115095669276176464123396970250832955,2014.601679336653960388774271899451173199,10801.5912056612850550007546280898308677,0.1667829123144431896217238151233776870882,3530.980844264122925713075605203686078604
2002,14682.8784347007672719848631822320507633,0.1276000848556184113424392170703978120892,3672.131607017393176444999054551675882519,13677.931856950839946415932037638465826,0.1870360356110741946664465516803622164393,5014.201653769706835864592785336203968615,11735.0939402992776058452695511022677153,0.2029833312390007937370729342958154872545,4668.775782392936172412087227465883359111,10011.3049799747981726550380374653846441,0.2222535157129533147223458064500372881588,4361.093548201033287896737728702689652219,3666.626876976041773760894000173081181967,0.144413023517012461861294880441548350398,1037.836999889188115849923976339966644694,28360.8102916516072184007952198705165893,0.1308971524678735100728980328791973071366,7276.204645363162976724712491250463525858,5584.796765878548455904222449730777738588,0.1635527379009696599237564177989050924947,1790.281251292637814796413772295423777945,3976.001615007739506703215497003234719946,0.1984033389762887923068955016631964917323,1546.149912537598368625504291126808821312,9560.798380886287962607437946734012458543,0.1571633134034162924781277233329780511403,2945.10923455132918770993807382674175537
2003,21154.1020967326615934838173148621603714,0.1272329584669230416666620630993143558278,5275.338027218127274391516229785406000965,17540.2122979425270720466998336103878194,0.180763298731243852793941189394723432282,6214.428205427947566034470223291975705592,13930.1786108570549365753758512668067758,0.20562314228434129696266680115731454601,5614.15951315123408403355192701685064457,11440.6222944157209847566073615100839722,0.2268477426726530538562558573679136774689,5086.747510826924676535554356412109557029,6099.590003526806087290092472100303847172,0.1568630786049871354457084982405988145017,1875.328913715581518297307109972203532465,38694.3143946751886655305171484725481907,0.128348342812803535969118470814636889214,9734.04821251497252507554398202783186232,4760.97778486956679072828394034426027601,0.2390581064142109283400057335082737470882,2230.774654504844519333579794122641701013,8074.244344550175512561646537839386790771,0.1985886711331601421119171482297634842302,3142.76877138575982555709154450046601391,12835.2221294197423032899304781836470668,0.1712315073144909369993317461533707846943,4307.67708659623098667072703319278032567
2004,21814.2623574031363303828738370173063447,0.1267726451274251219670769826444669621391,5420.285411481167292207797714185007953464,17770.5203465210600535422944145137341686,0.1981913746662490952505004840270656606291,6903.049157782653905298721908730921620406,13013.5136372189297706172136459840723496,0.2290461447529140187128428848724213564713,5842.162451457156491961550630812640905145,9895.4807119896194935837069688412596038,0.2808051733661973338502485601809932322081,5446.25626666932958279432234112901059444,7875.03963453144055995858744567247456484,0.2153019375160584922065539526935679093487,3323.202131007529746852287028938899114567,39584.7827039241963839251682515310405132,0.1371810209494456337086910144262479214894,10643.3505745571055898636001803326211598,4177.453068330887107561580414016028032953,0.1460062672345210932932580080578845070061,1195.47128494660363195386830015672721703,4661.411216917506732352391471191400278701,0.1793326872302625576804957154082499590831,1638.449063637605425368189772557100615161,8838.864285248393839913971885207428311675,0.1245321763375051035955447620717944615401,2157.417091355904823632436788153717540123
2005,29591.6584566998859998258986243148673304,0.1008314177758684183992257619836903527781,5848.186997995499151673014255229210365177,34959.7700452465190493477092180120600963,0.1595240277670560521132417195488012532712,10930.7697217584882355483293210893963207,28706.2973975533575379445671893683924773,0.1724380101690266158568611837650065825176,9702.111333006639965279422827792866210737,22672.9356302920214744841914595589537254,0.1896855767091441093417181924616809193421,8429.428586613638015182995570447577181322,12286.8344149544975748635177584531063709,0.142428206899546731344253383231536746751,3429.983916619476379608740839792363883827,64551.4285019464050491736078423269274267,0.1164456694171273399683367225521929620275,14732.7992353323258965275881602063733732,10551.3389277275513450275504248858862769,0.1960290691698025270078849037196598371138,4054.003531055167010558096598550684852552,10955.4651566678863484739128746232001621,0.1962921217657799133641319031157386844463,4214.924141045487250432946883298839781052,21506.804084395437693501463299509086439,0.1457879270436054496907252979086878606761,6145.447474202037235283115423939518594166
2006,57566.8364897304518105978244137301400953,0.1653009644061145004668780113640804263295,18651.0730355406317847080792689648259593,46206.4550857080251771983539331698458436,0.2249309348506190653992657657741989829651,20370.7918315804376778488702457162024056,37079.2360891889974862760599737307994549,0.2615290396521415265452983198211095475945,19006.7021306636277994609904842055914469,29928.9863312087523865819111970728559273,0.2999934896949717777119111894534760818772,17597.8620629635511409467067016213882009,16277.4687544992727906164427360969899163,0.1288665853746170348323336654065313254704,4111.33876119130982783741044119038503534,103773.2915754384769877961783468999859385,0.151160618557254915277214803131790417247,30745.4124907606751904309428677672962629,13555.5494623220412929010377099582293548,0.2250768348789866909123643360779400410704,5980.038729328990019697175320310055408752,14420.7881438316301198928344142402094634,0.1764897204355770341784850928375745792683,4988.436901212435384131394845675718695794,27976.3376061536714127938721241984388182,0.1578258490085679467547136338559462913473,8654.162900289399948937573755329768504942
2007,59458.7086506437848755647740755671664466,0.180120304168265711736281653444877045314,20991.0525477082505047355008233875545766,45124.6992345990215495590109079009683114,0.2657665554781679427939594647416838559437,23505.5663298326985969708056982485821789,34144.6608484451123002751706541323093238,0.2930807001284504857031455116817924496097,19613.9965699371399616026084684365980193,26513.479751685526911641662252761747904,0.3058870009178417932170374823955111871797,15895.8524580724607174587020250196506723,18611.2194829134946379173486551392204072,0.2167990701672512437030442610299406516718,7908.394354005581221264233297864938517898,104583.4078852428064251237849834681347583,0.1761373489626348503922675159231076139553,36105.2466523537953473288131523811975743,5750.595126634807860264321726646648106059,0.226588764242282418446681178795912470698,2553.919677067670466958172571880133889526,12679.2310387438689863740515724825581576,0.1936980903751856482312934758566629465379,4813.647965675719118904035856945073542781,18429.8261653786768466383732991292062637,0.1579510138446226323907011308015597255489,5705.579066491363020589418453071015533325
2008,34015.0367298118327135446581805554099128,0.1354243394352783709891495442768579626601,9028.669204802937680337931633953987594027,50749.1023096104975658625694661217357783,0.3196858315676904310742477422710407628057,31798.5871873967966961826701382386536381,40108.1891013404526145952083952512363745,0.3560122325923948273663759497101504441647,27986.8516565240980723224767829552908043,31720.4865765759455203515345496219854865,0.4029561295119155581072354525615832419952,25052.6504143781627145263137627224138324,19028.6157330345520455110349164997502918,0.1964093934929103078071465352248374606375,7325.301795264535816663418060624805855765,84764.1390394223302794072276466771456909,0.241978274869744351828376865630213270454,40201.7170657339866261953095935915852629,2919.566376281632000397658525167150629898,0.2077548980516928844048478700056595951643,1188.846261124700130126414639302275985524,11645.4797447927633524191143709832151269,0.1833148722626858531568001547826079629266,4184.187678434586490806001505768319501032,14565.0461210743953528167728961503657568,0.1657724910285405962920689491976284730691,4732.388595774727021933530480609395505993
2009,18350.6800394168978691823099377316241026,0.1265894241885156989344570487096558956993,4553.083958528648394532569292828118853703,30098.9782283109656960842978052590547141,0.1619603056969769009722395290511732212239,9554.685841446836565683613977347531805605,23317.1800065068242118137891578128382311,0.1686331542973256957645447924765766673252,7706.81724307893479380445589694989096503,19142.1343218638932912221936003860053446,0.1740293661455199407887398389705070013679,6529.33526530449606006754859578093557819,10956.8439064470724048621042048730493694,0.1645954610789884103885214364860917693268,3534.755678514234457743174094052189524279,48449.6582677278635652666077429906788165,0.1345396866798882016611248234578814261685,12776.0676124520129873961761877584888312,2606.833068969599596950163590081333813706,0.2704862164932681354030778017075663200411,1382.020331156038534453708707698366088156,8505.962758054165752598373536028653231988,0.2088820690287012265931365024070615723055,3482.416475967526957127431310461965107052,11112.7958270237653495485371261099870457,0.1769133126365160530997321157530192231406,3853.362983927571684062827413777034331369
2010,16397.3324218159525299743744009979774635,0.0920496512352745060745598453186846771081,2958.362712009354306075652346909078483655,33354.9515996041522841072441569236983869,0.2169207393424489527379584352739550852821,14181.3462929667568070997570342574106505,27721.5621721200575838093742406307216111,0.2327167727860394121530169746725345197246,12644.4940711553241169458069611560566102,22482.8354537532647441154303486557783462,0.2427268588257101823074227512814774311664,10696.0885332822872229799083554284846423,10872.1161458508875399918138082679200407,0.1781326634942992014673296582217254086556,3795.890853484394922030175929601760112888,49752.2840214201048140816185579216758506,0.1618164594543452260560398931585991886713,15779.4473622218607161623213955442409391,3859.280295894783292014684857557181530937,0.1628464721003256611618070995513707594183,1231.8015548242221236228911101051540785,5530.349226846612838924630876220418130336,0.2215491581121925574063709620537434333687,2401.478661937592901742978567241216994146,9389.629522741396130939315733777599661261,0.1576743588775892376936824339566133590073,2901.787477588814346114184867451803583378
2011,29073.3183668441401526101694692047009502,0.139455053960168371875053151381833861188,7946.665516032831387278213318220129366967,34730.0039651584374996742368838846171853,0.2519650086645318360160264996404465807273,17151.4616700007266223397305452058664922,28970.4674780362686954328965552291153493,0.2700195747168633036711345249729083893302,15332.2828832254224035894311893611449551,25096.4122049800083124761520404595345569,0.2943640480320474373672947865525396272596,14479.4637159680415402653950382263587351,9633.591760178429187198084843425082628426,0.1576258707370235569352261901465488112609,2976.266447465355029187603423076125250091,63803.3223320025776522844063530893181355,0.1643539002953528983672863093729764554888,20553.1967590497806619129065696280419711,10581.0186913756078068199086898653685679,0.1900281724105125338009281679116714242221,3940.955622560616231816576691239451392749,5206.249561300169564447453744987379405522,0.1452332424503924487686683045973344031125,1481.996189395371425626071401039862009064,15787.2682526757773712673624348527479735,0.1431288765604979379116452146737219561871,4428.843379170810644578636053845003048929
2012,53310.0812699286759060804721124169866177,0.2077556560142876968213723186739074843698,21707.9229765616858929817414819421537576,26176.263821895705927698833139474533657,0.1475438834519020522090169622675120703108,7569.809332346279619201111833206933915066,19608.6807617184569215223460056394541107,0.1479803125292685956162936482542516509009,5687.329466515277526494862356346084520901,15412.734503060030688596576705908291508,0.1599818465281409038506894910926580543709,4832.885142661162503684920719757437499802,10763.529318835675239102256433566242149,0.1599366371791870299278802310483096761691,3374.106059530960466958020089326344572536,79486.3450918243818337793052518915202748,0.1664142191587289580885153085761053465375,25926.2097823849561523626303169227245051,11935.512294506705147577010919959337075,0.240025781540386795013453970941160399623,5615.068106484779610973851806392291737566,11945.0808754227276047880949628148284168,0.2209809682148456437567770964868222722373,5173.685653020878677598179898410908868132,23880.5931699294327523651058827741654918,0.2138949166139254580300344381778373983618,10011.55747015534233497033942089011689
2013,48726.898609947538507755300586066786992,0.1806746001245031474120583936340318297717,17255.2773264525803716224145988050478227,52923.5964045009214721211491393521850521,0.2496047537054783746937467813606246250657,25891.5632416770429987640006109258745122,34254.696328537050971207710148782130648,0.2078699511321845543196185136886690074458,13956.2232216472041710375439317977383999,22622.4168239942730203964956579402857264,0.1741828763701702357891727927957880439882,7723.257760382577158078324529979012775817,30301.1795805066484517246534814118993258,0.3376382810273544882792798554141783514781,20052.4428458603407418300955082848819351,101650.4950144484599798764497254189720447,0.2067281238347119574760240417921272822607,41187.4715975650765002432431114125693756,6551.596443405396757885835978297297391397,0.1804885224046764795385979060807056368648,2317.676404465468435789430422443387520087,17587.1301122786025725482641819851446664,0.2136057880883890697100064462763602768384,7363.157064178766517180646238111005801535,24138.7265556839993304341001602824420578,0.1763585005368381199267602140695628088886,8343.856455649202947892004380266952534454
2014,46800.5630823997579861090420466432490547,0.136179492725988069622625951186898840069,12491.6228021095351205126271605982132325,62629.6983715431582331668583357399160141,0.1108604089513260614310572148503925384391,13608.5817889762498078352677108846982795,46905.7852820139759954679360305269045095,0.118721842549916512032106966568382765423,10914.7328596656508912220909636672756062,36491.2459215946328694691736497176483926,0.1319051350399214397708599161079517799805,9434.230133283328178684878977761850506914,26138.4524499485253636976846860222676218,0.1166441165724553607836921127856388889429,5975.837521406939339664927670261641198132,109430.261453942916219275900382383165069,0.0976520135032450005575460540583774850538,20944.727323561566502916926654809485835,2543.852455127492637037227227002570796599,0.2033787772112410104757877502397663219836,1014.036579390099877650379224287166392774,15042.8567085129772480393711039391489573,0.2898352143087860483032238883538979598476,8545.501211939308574924932380811775719607,17586.709163640469885076598330941719754,0.2530662944596511363077001227411009799943,8723.182506772884861902037180812885829104
2015,22205.8539028975919969547718064098496735,0.0993921505728865294506761289244525539425,4325.89164644398224966696680039930366521,53839.317651523038422900654356248531661,0.1034208898744257811063213785461263385608,10913.4958778346887695101883219777397081,43080.8489616931800338904673301287599917,0.1088482979411776071184772249417590904706,9190.983083348852394340509840542572097319,34509.9811629196924991965390413854690014,0.1162515955623435599619572504590422684451,7863.207131111036151782259204756367677672,19329.3364886033459237041153148630626597,0.1030235816792047521834610669712310600388,3903.09985401538078709846295600988019266,76045.1715544206304198554261626583813345,0.0900618201151802816231871696520306795228,13423.5824598780203818873363335767363186,1692.98546001183950258813027325730262646,0.1711799831468699032784494715053710003413,568.018236124936054166428508787213699095,11334.8643548996018276208269659534804401,0.2539916343807967225547318569959333519115,5642.763017051746543346246140296251192995,13027.8498149114413302089572392107830666,0.2263619357001718034037626862231770535278,5780.058232144378472548986894424520518766
2016,21738.8037958188958495529600973000370098,0.1350437604445519304764633024722632118277,5753.952031821219009774673383642743689306,50336.4690862604837454507344011520692688,0.0941281177810563033040600757137154810845,9286.631098034691689829710269333129116268,39871.9278119906102116492477506063858829,0.0991403652545525871423466819546655946478,7747.718273900449589627430310445493614506,30677.7400567713662269898084656544907721,0.1063317488210790371348665017281114563168,6393.55479022533703412103663887891104898,19658.7290294891175184609259354975784967,0.1043910744094204201516010310387545031108,4022.303856027582226009952255919012940825,72075.2728820793795950036944984521062784,0.0930544877361854915329368619191310902736,13145.5780891158495768887789700627101346,1119.934152882727135694160356872895561443,0.2136509589916854189861641485122526886034,468.979011311033548310867842917027258918,7587.741872696392157747064357388200168206,0.2598939947242425692673934038030973258521,3865.136750613682329129698245489075321994,8707.676025579119293441224714261095729642,0.2332308903259641413812201186757185020637,3980.562102947106958765233839815127447499
2017,14786.9906681734357824447576252986307877,0.1036784999906242096432003348713348389113,3004.862303229096481024605267937121234323,42564.6720682285152861935308827362318889,0.122422247109443172691626377393542037881,10213.291092055406416809068849234169191,34256.4358247161729251602281205127664239,0.1325627497270952304417082496819513210574,8900.609564397332290492325428624239666481,27106.2208560289580965581174452277933073,0.145419680877821671637268343876381011253,7725.884853907471111056706171945481844386,15458.4512121995571896354134375084385816,0.1047326521325757091094265011824420661338,3173.249002898751437418546922911105126082,57351.6627364019510686382885080348626766,0.1083338221452605682034189406312226027856,12177.7246680158605278854059390442685988,1419.967494695642382054338823452395895751,0.1829224624403245042154043621787929547808,509.098143401292843469514748205485141936,7121.999943848354118975132306746856537991,0.2314597951680783751399057664941500835236,3230.975030452803238196885555282606574429,8541.967438543996501029471130199252433724,0.2085027221673409683971788711482594446965,3490.805988658375697196235109025320427089
2018,15277.849279527203256113365014772270701,0.0959401904038952511969235077210347619198,2872.889146926113375604482524457807384179,34046.5343752777312331902278110201452239,0.1164646913586068467974909310613837050347,7771.829470979961914152346440461348843359,27321.3490017416661709518444468999831868,0.123036310461096773201989309531942497199,6588.575236868757524582267671711394399102,22039.1548077402624317879790471252476567,0.1303668860173665779903619409665820010928,5631.424926169951965295924960099467592614,12007.3795675374688014022487638948975672,0.1060330580311382964022967342435646458216,2495.431181993745193539031275729725231941,49324.3836548049344893035928257924159247,0.0965127866128260748134691163589068724193,9330.450080391295686080721179153434614708,4958.760812274681345125639512944915876106,0.17040381847269630693660625532679869762,1656.183883516574782218505079130224231987,4797.434848226251653160802570455777520705,0.2016713021306848625382118556154249852189,1896.30966814866884329217019040752831786,9756.195660500932998286442083400693396776,0.1526492836046899975331794691077606912012,2918.981505433999434885942416174575756941
2019,13577.3439476874694283803941011335268689,0.1526077930578143295786003193717985216937,4061.136651069176113986893550641245498351,15764.9066704680789528327353348207216575,0.116958925262880068286545786764490821521,3613.939220453208786276139915289330904639,12935.7635645154505953127519208844029397,0.1244552071321476176282283966488387613155,3155.449342315146847749729525759507303957,10644.1038537515646920290457418773983066,0.1302027166011677340806898569237358748358,2716.346825585088122173254054030250543073,5120.802816716514260803689592943323350937,0.1213364520369242292852200688212385539231,1217.826488907696861982640844490504383347,29342.2506181555483812131294359542485264,0.1135815310897760760107842282495989393223,6532.165991626869978087312919988746082548,4882.445750764704763477028205630025869856,0.1633532200084515584955398992324335770169,1563.223940411832672201310187830362901871,4657.126831828443271491788306485733188584,0.2208596080761197740361935172849371487443,2015.99956540328623872563414535932657153,9539.572582593148034968816512115759058418,0.1541463155787481848767205658447187469094,2882.160332973443371810278303171475832383
