"SURVEY_YEAR","BIOMASS_MALE_LE102","CV_BIOMASS_MALE_LE102","CI_BIOMASS_MALE_LE102","BIOMASS_MALE_GE103","CV_BIOMASS_MALE_GE103","CI_BIOMASS_MALE_GE103","BIOMASS_MALE_GE110","CV_BIOMASS_MALE_GE110","CI_BIOMASS_MALE_GE110","BIOMASS_MALE_103TO124","CV_BIOMASS_MALE_103TO124","CI_BIOMASS_MALE_103TO124","BIOMASS_MALE_GE125","CV_BIOMASS_MALE_GE125","CI_BIOMASS_MALE_GE125","BIOMASS_MALE_TOTAL","CV_BIOMASS_MALE_TOTAL","CI_BIOMASS_MALE_TOTAL","BIOMASS_FEMALE_IMMATURE","CV_BIOMASS_FEMALE_IMMATURE","CI_BIOMASS_FEMALE_IMMATURE","BIOMASS_FEMALE_MATURE","CV_BIOMASS_FEMALE_MATURE","CI_BIOMASS_FEMALE_MATURE","BIOMASS_FEMALE_TOTAL","CV_BIOMASS_FEMALE_TOTAL","CI_BIOMASS_FEMALE_TOTAL","GTOTAL_MT","CV_GTOTAL_MT","CI_GTOTAL_MT"
1975,5763.926005840745687943676423537543982261,0.1978262422662631399224288998596689578826,2234.901411975080980777834703092680765801,74925.0520528480033192047982082025159383,0.3636611207690775122049682120266945355929,53404.7636703115463544573336443819262536,72449.4899645080809006983743754347163368,0.3732334603162321515115254265596477584789,52999.5247216949931870365968045951315509,16234.1799812325399163045371591125006897,0.2885669622961218226293918922752026523763,9181.91008500346060729068662336042057428,58690.8720716154634029002610490900152487,0.4083578851596130296173930982821221937486,46975.0855787830426586516580340442011288,80688.9780586887490071484746317400599207,0.3418938828249471787617385660635968634052,54070.6532989376474675430622767849592852,262.302907992102150371283829862071334081,0.5113336589565895368535237007110831640422,262.883639169168280063803628396994395234,13111.5524521454808283558157783233370865,0.385096844746254631558550621037337258669,9896.466258930635182789583484776111981256,13373.8553601375829787270996081854084206,0.3782793305736884460017022508905008728321,9915.743983531472595417468651168292886077,94062.8334188263319858755742399254683426,0.2982981001151728923614008099877606744687,54995.178420560339793825110611301418977
1976,6054.10424074834943367480485001202240356,0.3518601580927154708022146892132661714753,4175.188227508607054079842350074149779359,49037.8215855391440715108162866133751517,0.2148079786839983502855297259261739799374,20646.0820543581650221554064280636290762,47202.5533586272411184356609487514731465,0.2188700032287416017406200250325159713879,20249.1970917748803219075014252240232787,9397.462184384405092491472657230453779073,0.246887885944781530044446292472364307928,4547.434361019441222677304667334030157494,39640.3594011547389790193436293829213729,0.2351586817583646776302564874665920101542,18270.6783359585594802750046545076853235,55091.9258262874935051856211366253975556,0.2012070264780896421910960960838486508679,21726.3698537792054583585803012791389151,1950.421701356947934182853917488358864152,0.5706434026602947031194299792074730115103,2181.470741518227411358144399703512604306,10189.3389724822335424686287896401072765,0.4221920321651841122052024471373024273655,8431.641145335879023628642874199746545286,12139.7606738391814766514827071284661407,0.3713962385582012706411984651327556788007,8836.976444470867827655667471374281296963,67231.686500126674981837103843753863695,0.1933774292820316131046476468539422125455,25482.1377753123325322586201686982040911
1977,10731.1878070664734456759854308076472628,0.4327737127113508657985454491534706946847,9102.584938571197071618787229164712029098,40307.0649387499332426563150834916069813,0.2722468862484472003379049575842452468262,21508.0069298417098919475627197274732861,39012.2527486140367297834100944342741111,0.278531474109404519647178415034765934394,21297.6349221442663243161689435984046469,6988.518104973489688878284973068249593286,0.2845864958297133689909851879946406290856,3898.122241932352223232779972835270141846,33318.5468337764435537780301104233573881,0.3000552052554803644013125597789215062681,19594.9106816853273149857919235612205481,51038.2527458164066883323005142992542443,0.2354115755226318868950569657834434246386,23549.3911619972692595988360578883274313,13341.2225159511407330949208150972391212,0.646384957731108137721337059208684376366,16902.1884820265970802340160018440033403,8271.706174379696984890146358204478589998,0.3608253556440050559624805862649428766399,5849.896991420402667519938916875162402827,21612.9286903308377179850671733017177112,0.4256053034849744674027749638055327109995,18029.2110659168411581158627929549440867,72651.181436147244406317367687600971955,0.2452696650932147323183369445341075305658,34925.4966413616193545282813320797801934
1978,11890.9837418865631964002782012889995168,0.2375931435787023540926208781025977737494,5537.423766657016383087100354152085666763,13503.4218106623913218597194159501551569,0.2440990495994850309636262816163013497646,6460.497963434348167062854679572204669353,12409.0230960454768526619343208610873143,0.2487894336372212717418417919990982241058,6050.978302990450325179770971716197539445,3656.730927694880761007436736955902990679,0.2010694783858839496161968578318919094554,1441.103681249112814263192114221744315672,9846.690882967510560852282678994252166176,0.2730469792015066943411540649218667233101,5269.674033421579069881857106707204254331,25394.4055525489545182599976172391546736,0.1788656880893861527296952848374317764444,8902.688132644090348906921896655547439842,6101.966433410206926967290291104903371069,0.2686860574518453414505452966769261914602,3213.446075245113871994461261676169693971,8065.428449468881047954994197193015641145,0.2616475451369714729677152810552038926156,4136.18712639158887407048342799604381144,14167.3948828790879749222844882979190122,0.2487932854989496704323088574823334050939,6908.5153309500913030523528289960756889,39561.8004354280424931822821055370736858,0.1778860255224693634919349434687707931738,13793.4832262639289956832064445688668678
1979,16462.3592036717289259340230060971085392,0.2850266703742087697161068909307149601726,9196.734403440457152139264968852119127482,15595.5275890956962174813798725237315511,0.2022794542552762031824873450863200054082,6183.123426708946474220394320159645774424,12912.743372271673973060390274629206202,0.2131641627051296061275732223610878127126,5394.966893185946011165132057046927180527,7735.514010004787336628770235309202150907,0.2036948425048958376943744828632823465447,3088.341243606187187638024957599146573572,7860.013579090908880852609637214529400219,0.241816933395668125818880017576586783423,3725.34138508238377678017182682693235547,32057.8867927674251434154028786208400903,0.1934342616006857130816947998742835958777,12154.1435740651895663704433011062557582,3235.920183106069633777197745648098364096,0.2482292484008332763507331536236730662148,1574.370068477512658526758089534251407318,16464.849406038338180160196966700769067,0.3443006778404105885646707108763276055142,11110.9632696369917465492469846701401084,19700.7695891444078139373947123488674311,0.31506984972651898886866987153662345718,12165.9522873390674695041615335183130327,51758.6563819118329573527975909697075211,0.2156579530457873669453806047987834974721,21877.8451399378340402614426180287041681
1980,64467.0165656622451510185889761090245886,0.1877258403551701809281576830800010046616,23720.1647255600592469799516773701850738,39037.6374420330373166817671946738037861,0.2234713300354908592477880540100191275072,17098.6338108042240958829669901083942869,27984.3354624640763938821617494532707307,0.2414723037179544709325171332066433697508,13244.5862261890087121822623456436249012,26150.9624366825104555644333539761292915,0.2036677396333834030982155903869450433959,10439.1705210846205696257520225949801286,12886.6750053505268611173338406976744946,0.3101048769084524929536876307059383724534,7832.59270193517474646039921044481856749,103504.6540076952824677003561707828283738,0.1753094399939410881453518315810569632846,35564.8721444771525663567356309514544857,12198.7827189051438933901676658394673048,0.251529665732912896573365245078597415443,6013.97724968390456742768695790791218259,52221.3929969207259494747900704941431657,0.3262121015218290313600953799224674292453,33389.0906936887575139115476706242333696,64420.1757158258698428649577363336104712,0.285035814836876557087199897100492656485,35989.6322631065809317464502642003901197,167924.8297235211523105653139071164388456,0.1952816711659831654348070240988437876201,64273.5771021978519025408848177798546287
1981,29762.5766373808085640328556608533426098,0.1973920781483122040521706764333814045802,11514.7978328619670935070141323453587066,26776.9519321715428436222502038321694787,0.1529918256025678887897970500865972428651,8029.443329943258615543644635602605077013,18061.3814274982176287377740868077103703,0.1687015940624469464925721970974265998094,5972.088322066092816795287034736812650111,18726.6821157738888741268074293662013418,0.1529263814232700288150530980512425816885,5613.055314777167552397848084505080371729,8050.269816397653969495442774465968136935,0.2435602121128549111695244519775329841294,3843.021831133151277781096957493579651585,56539.5285695523514076551058646855120888,0.1625829660103703859668682186321494241444,18017.0339332651548228524703912988105112,631.354255931109517014412836521990771103,0.2495664336896578511210257962344268371252,308.8270668931284500569978139089369794,34893.4338531729756238291403896074193506,0.3010142629211422428095500593286295259192,20586.7056933169712477951325354890429671,35524.7881091040851408435532261294101217,0.2976972914511924138686633002493442504575,20728.2410709373144258605992102973715098,92064.3166786564365484986590908149222118,0.1933878864067847807671988022058667825376,34896.0822873017340235923691533128083685
1982,14735.1521868899374625691829064248173307,0.1963695727858933765993775488594072260015,5671.329658154411093484539050501895852461,34519.7188335152063164526071406360824351,0.1884251424325875701451080486365978168387,12748.5905583584376671743104239000023866,25512.1197950923581705672824277486074789,0.1963338967093895035101484320087043117002,9817.432029666979334598333411084117982907,22897.9845473779977371070562205864264278,0.1812461510725872236131944474405714506559,8134.336270402407098875948704622314741932,11621.7342861372085793455509200496560074,0.232396641688146657058182893196635505576,5293.669956632944364872948301503421503396,49254.8710204051437790217900470608997659,0.1831166164133478173043732578554907685348,17677.9952333396025991735997089638381324,409.90939553467461270370384881537229742,0.2658052938802645801195852533221043243331,213.55393119497656611207481738354154444,57346.8776757165366907836500229780385382,0.2870386943863553783641144011034562503395,32263.1148745365414635222306778993700858,57756.7870712512113034873538717934108355,0.2850227048538090398374733764572345434426,32265.5115224385145318995370071707215752,107011.6580916563550825091439188543106026,0.2169210573234108865205553306457613194388,45497.6407575799318879757977222559878954
1983,7760.920845504079124185810405620835155362,0.2272751641491619177266563081419224142029,3457.174535856760481226616466967827087042,16947.3824995974077927298525359645101907,0.1968976280261029411541314830864344801368,6540.322854226761471783914036464243845774,13195.0865393584117618337305157197163817,0.1934335064146219582066764510500908554132,5002.648839234855306783416661322810587626,11291.9425209864322176055577114801295933,0.2021478216490043028617173041335087827603,4473.977502294219721195465043102141445384,5655.439978610975575124294824484380597455,0.2074141481877709031363495632232327257206,2299.11580094969515776961525316448790459,24708.3033451014869169156629415853453462,0.1963394250695844968541289052469919005629,9508.379583515350034028629469819094361762,1425.580552424767751733124435950273441761,0.3389326025591696735903847021345749098228,947.024424510488096812840908019564144114,15992.6494047428494474066046775497520825,0.2210135766831499192847439307347871955731,6927.80158534045670692847686015695801757,17418.2299571676171991397291135000255242,0.2067327725053317835954226381081551652745,7057.801183514148447745781901620420938548,42126.5333022691041160553920550853708704,0.1785191360575070377570745942726320516954,14739.968967229003717061783880999643682
1984,5865.01527999438250551421258573133726783,0.1702126779344567566016355234747328215284,1956.667915591329032488725584583941738426,12625.1085630133644840539873992810694832,0.1913321866362271258271755315161446276716,4734.555670646960524171698652516683081017,10016.1292646530484314982935509142106475,0.2001066193326340472757297072628595696893,3928.415781258831356217245192199986371054,8894.941872284662130748034551559038873016,0.1911337365840960006144856683693511446709,3332.242014426280511620881718554058504479,3730.166690728702353305952847722030610177,0.2204935457883111013917933662196932721108,1612.056252839635173848248986638142225526,18490.123843007746989568199985012406751,0.1728799342728817411093201874459881141324,6265.27993356618078335822885939850160423,1573.182546838543896926548870401558768677,0.2290888621805332475066648396267466990354,706.381255328730327443612488116042698718,10784.595813873718431122734967489471507,0.2597153360029207457433176589293730380578,5489.812853893574400201405868818322594001,12357.7783607122623280492838378910302757,0.231279752477821319959819660776987039779,5601.883684064964743646156793647055603862,30847.9022037200093176174838229034370266,0.1736915672319503090467716036815624317216,10501.7201399808417105688879000117235787
1985,2533.164843968040694972700983258380534052,0.1691991715038100216706099164274962125079,840.0744100486625151960848625765970633,4143.014338603073177076979837494733205199,0.1775699177362831272041039786126690819046,1441.922441960538740422133751764163387043,3169.472221367461469022890682166123334227,0.1880115588773759353043219850380831281431,1167.958929789358512841039716307242169267,2684.95736186901491009563860090162071037,0.1843784300434106801921169568070944533002,970.294517305217053865758047925091203898,1458.056976734058266981341236593112494826,0.2170203216337946048581267647283437266614,620.198868340398064239071859487664970574,6676.179182571113872049680820753113739235,0.1605429763389252498375262303294750223303,2100.754806022201714130820968101500467973,675.327803900014611526847996790455668706,0.2188749989922902628797574059316161169454,289.712249900239336945334204071094771816,2717.972692784039779120416481462606900042,0.3071174574817049404356057340404426503104,1636.084251308573345617547910086391548038,3393.300496684054390647264478253062568753,0.2507708315649197361101133106782179988927,1667.843943114106350836935726369503618129,10069.479679255168262696945299006176308,0.1781182523795719423368227208029939880008,3515.373920767464658463274849047079152115
1986,6227.862557522938161619446387929322690499,0.3574421920054831922380926416730950801205,4363.157654376952401833844588764847809876,5758.344119073469494007411240305767252176,0.3652779106483488904307313715648633740107,4122.655980874353623337216037713533385686,3285.524557225339388520938724126634768658,0.2803936740582982142711961251773561326944,1805.630991545985688482410129720809308495,4942.618119395795397485907997515844100126,0.4073956081197332189392553414994325090077,3946.657792331529982609236039516975224555,815.725999677674096521503242789923152056,0.303278047710396865559120434524952876767,484.887905751759372730396291621075059696,11986.2066765964076556268576282350899427,0.3570152448667160503484581205560258861968,8387.346682869541225070213075882505059569,1209.673542298374101460850541750887698172,0.2766042177138946417667137944707597371336,655.817575559009713329196147735682397635,1360.113553996005096662336923723587656349,0.3117309082483902673264990565890868543495,831.019289675916506196215328572197206529,2569.787096294379198123187465474475354525,0.2317647836460561061690153736370322132272,1167.348854762623346412600992522250734393,14555.9937728907868537500450937095652972,0.3279999558175910425273252909928257892399,9357.756016203044526217534007846146856056
1987,8047.343119928338458501336295052218796132,0.1511349375776124207450482683932493372345,2383.820012188156506315863133837728496989,8600.968795821665389575837437084510616315,0.2348974903303945027979831891632855246713,3959.878129715147213155099262588714561031,6993.985617607049919736322247240488865353,0.2665387409463227801681078287817646873457,3653.769516598798717073237871593268331995,4437.701107140859145723757578868592425474,0.1940496365027986109024915054112332327836,1687.823202027551313642643891505828201066,4163.267688680806243852079858215918190848,0.3494250575272852186284761949694565299831,2851.310101172805840397841241010608461337,16648.3119157500038480771737321367294124,0.1584743175526962669007509771843410466904,5171.126543735690367267208874244633718075,3095.186775938312342240222698117520767955,0.1957485457423530568200280219852313886133,1187.521487974138549979765957532149337979,2042.27792706446451847103039615067664932,0.209053431780264553945240779365572122568,836.81261023174583745230244843576218975,5137.464703002776860711253094268197417272,0.1726394918196432147632607318320210110772,1738.38141931279716129462054923263216532,21785.7766187527807087884268264049268298,0.1567493430223710266344502215323641501384,6693.216097554394887251284692631967051645
1988,19281.7250447061458151532439588740478512,0.234827150917564502097999466844313422892,8874.630211767418769006641203612558686415,21811.5481269973698222708371648306502045,0.2930952560396582789614747025025329285949,12530.0081144911012359909869981559028027,17867.5724928461608389280325989198667591,0.3165133244080261349071691230501540705944,11084.4365468717966191069273786541975678,11193.4992865177965950425796817146471442,0.2413444864725021443785608586853546302338,5294.919100784515259522796799485767910408,10618.0488404795732272282574831160030603,0.3682392947746195437402277705993169699555,7663.566321125303037085570229778745910136,41093.2731717035156374240811237046980558,0.235570989570739420038124467513949719955,18973.5507304874731863036309638296125608,6483.958459764564316947907791841236482463,0.2422630391517844928663620560782655953716,3078.814025105114368132696256499581449712,6183.992954301203940058081464606695632686,0.2614504337788918493764871926182672519487,3168.942975159814954862392747593062865095,12667.9514140657682570059892564479321151,0.2281007372484440815273511962656142680782,5663.555351672708061198104280308968056135,53761.2245857692838944300703801526301706,0.2269594129216863326571014375094238399399,23915.1673010767672891886786551120013624
1989,15987.5360109224946805785064231311979499,0.2239704193272710834236894596106115433013,7018.24088297726956574041702817577306119,29118.72866041646324403200720634005616,0.2237174187038321496769189516383322343193,12768.1589512175080071104858228955797871,24883.1337227686724719396876670852894768,0.2429619329182606282936507619081879739815,11849.4823620409648757226582219817979828,12619.3478982888093101436376283162805244,0.1774326490956500148787951047531744026629,4388.605281807893361685862497694928728549,16499.3807621276539338883695780237756357,0.2932434167133466327620147882487615650061,9483.136185147917778844326131109992680125,45106.2646713389579246105136294712541104,0.1825836235827318724024106839354184460002,16141.9038899506653651388936346670355008,5164.646067423377246766710573043001033783,0.2318205968752979763181916648698022416073,2346.651814639505587831626300163275107798,7089.822299594749467873924586116676037482,0.2292686021787927110192087197776949431456,3185.92835071527897619222156250526908258,12254.4683670181267146406351591596770713,0.1891736298356152889838037514613256814781,4543.715634881306367868733983212081745606,57360.7330383570846392511487886309311815,0.168227717105222053675224858306408637306,18913.3437342288038240885150674496503832
1990,16029.46164359748122749576213050680945,0.1427614714969701554187889024677024265287,4485.243481826667664611459148246426606243,39509.361011717587865322361430119017562,0.2946856590763466729011192738221240561925,22819.9704952696922328064512991452562629,35175.0891054854687894388175087376195399,0.3064104608520708478950442008290776955334,21124.9099161159396674053598808636341137,15152.9455532577976712145885902321279208,0.2520869869248708653969604828949637935185,7486.926359612461983654181439181670454785,24356.4154584597901941077728398868896412,0.3253922018184162062655290340910107887057,15533.7598026873870644374382807853610497,55538.8226553150690928181235606258270118,0.2253461564198351042391267453841427032511,24530.3020262178979279969529841701319019,3869.015676890026142397332812221304040014,0.2032082109610819627452300417191819824091,1540.982877607155449379104485745873214496,18662.5762402355204390075559771648163283,0.4794567753283380469506999877117252507528,17537.8813019866601396844060907848784231,22531.5919171255465814048887893861203684,0.3996301978534875554752767587847850364129,17648.436890158049394332059216196439885,78070.4145724406156742230123500119473799,0.2363085703007768436373471696245593911664,36159.4677787886573058480110380613682572
1991,17926.4646059507296737643047300954790986,0.1409623970748156337296588143158624872754,4952.836546986044052329119579825060709807,38059.1343213229289965792137261784314882,0.1854806103920532360018819623051971481021,13836.093671227754508859203113219644742,34229.937118359310458449785202735254804,0.1960862101864721448454579462746203785077,13155.5565431422436608569353298707177415,16243.0812730663492482136245238448919481,0.1782730324879046972258201987505599357352,5675.578576774185989671589693260082179774,21816.0530482565797483655892023335395402,0.2068131277895407835234673435079282787292,8843.218487187677995461001923652617944529,55985.5989272736586703435184562739105867,0.149602887604635936387410614300354023596,16416.1902370384889191666592488058223908,3389.791935781074455991577301002783924307,0.2479413073941130313184099509819905011979,1647.320110929098449991201664905720699392,17055.6751502925324979209574240550371402,0.2164076214532519185695412826183289282664,7234.317059446118116766035055563976883884,20445.4670860736069539125347250578210645,0.1934018122098021981291284574919386104286,7750.213156408098993927049552706452227731,76431.0660133472656242560531813317316516,0.144046925428880005132852322147878503081,21578.9337302898995667142380573636709842
1992,11418.673595491851720411643231489949225,0.1475859689602025312556438751785802893055,3303.062573388651537995648691755574901764,26254.8708029639408733562325917911395979,0.2290504700085435116055090485637291528124,11786.8333749676546132614085620365384871,23409.503999352910861200562150748854288,0.2512603901267543267771661756433945396293,11528.4869708004069784818590683655358095,9943.57129914464391353506448593917960204,0.1368861824932528530033594030780118708741,2667.829530359194763500788483919958140451,16311.2995038192969598211681058519599958,0.3201380733054854998976686498680785827986,10234.8612726724054496000098566958152743,37673.5443984557925937678758232810888229,0.1758440011055254779611897495046673153358,12984.3468943882021980887840112155664742,1643.726952946450536361594002236488434668,0.1944093373802869456510452907779169103298,626.32950080261759348740771479630871887,15212.8574922991001531191494242811337378,0.2310258283732527157204344311707109872438,6888.5434880019814744198356596468229196,16856.5844452455506894807434265176221725,0.2105630572040388517111563444161241675588,6956.772951425542789498906669873814880484,54530.1288437013432832486192497987109953,0.1560258015716534709081451406463094858888,16675.8898427823248937055328102833796588
1993,7225.931049728198775933232430989748843001,0.1214804146642642124505028728165672226521,1720.505836502472602578239574339942236135,12651.1324768064306301107268506088036876,0.1981114249069512111471587802609632195462,4912.414408066788578753952530811619871485,10872.8440598954446225911378275138721706,0.2174599338184645297297498560026396976752,4634.23958137936320688457242026735827228,6338.889248438381540321502601385016252007,0.1559874309694446129824029485552638468503,1938.022616164923900688714724007884800615,6312.243228368049089789224249223787435649,0.2583295228082700423240552742475527484511,3196.052010826742043069497052769673477518,19877.0635265346294060439592815985525306,0.1495201375674209407116290324703862861664,5825.161694930693097340142080725714484568,912.683555494798825082965643708144263069,0.2082897474954939077356303380643195704239,372.601149541910447119966334125571023504,6469.805920740561122813521554615834500908,0.19586047441331982865849432835387159995,2483.671343716769542022681634895646800671,7382.489476235359947896487198323978763979,0.1819994681315736438127871884311959747109,2633.473949997079380442878596356591379262,27259.5530027699893539404464799225312946,0.1498853362040516469152028985450838945673,8008.182242520997120061764403655913486815
1994,5069.911070086609592742063633744288910368,0.1271461079165932637704664820112737383111,1263.454141687735278713316640483101470643,10961.7858860100000842472974381335441217,0.1742921303036718650103048135997149580275,3744.683907450595916470591055019596110674,9525.6424814073408594123585644431325267,0.1878286189322908360966544616211332002394,3506.809012581981415173734798017325391445,5571.214763991937877061364022834764013148,0.1571423060429939946018981054905389300782,1715.928129529956615362533235795571424155,5390.571122018062207185933415298780108522,0.2104243674962601442652797044192859489756,2223.242736836741966189367966288765121098,16031.696956096609676989361071877833032,0.1411916641352866617477729156168427893463,4436.542265402024455653951259930860719121,1137.075405424889427752163534925725057729,0.3426565204760593751073061434517086419319,763.667551805922393723422555623034644612,4578.627914843832037653217190442111243915,0.2777096099793200815999272294533049954542,2492.196786044547982661072374262467015994,5715.703320268721465405380725367836301649,0.2373657671174755011423675019108121475862,2659.156114333714184202949184945717393377,21747.4002763653311423947417972456693337,0.1499689331801595424272059238040838991447,6392.411461021294404280245193641401256403
1995,3552.878233283627530843076315171762653699,0.1296809407537797639715350932713885361264,903.051559684661728990943114083850781952,11757.3567162023827377841672934128990157,0.2999067004543156978173374389276915145454,6911.175715288463925667932539194541266958,10591.5098375977323342095775543158126556,0.3171694885193727331522227414371894085723,6584.235365364003560849607889792942594151,5996.32303010196558229285517676635778712,0.2829958878480300167877305340725349021245,3325.992129065498925761467758062178919992,5761.033686100417155491312116646541228582,0.3266486300942757207149889928358913198982,3688.394172523686741816753921821421308877,15310.2349494860102686272436085846616694,0.2421359743374360511018030153083719973383,7266.030967384567792384325037983358957037,807.712942456028609763746547052855059369,0.1873329656769372015363017142893120336959,296.570071414828994585304737119089679956,6666.686244809846897449311013453513051132,0.3100703342128491217733014527315197110691,4051.597598759970880400717132737742813916,7474.399187265875507213057560506368110513,0.2779086941242578505395748231044509810957,4071.313014293088393318719345341797778307,22784.6341367518857758403011690910297799,0.2424674254163031664282303698934265055831,10828.0818932536601722013413160320825535
1996,2927.423175530056614992930009362190870097,0.1433416668169666673880323497423160204415,822.458566219827971868789205839917666327,7862.882226224028385086497783101921420252,0.4003583911232284917395717769194580157268,6170.02292025766300941986286476571135026,6682.233419214319399121975600444736469203,0.4341011695921029596890601409797824070601,5685.5000718260116631944207558732905452,4183.066184251427354994775017836959732843,0.3460081871712845376441008363243748223723,2836.855288571464221593527650234833857507,3679.816041972601030091722765264961687429,0.4690053816996142070747729116087596229264,3382.672913605457707327108833194471991748,10790.3054017540850000794277924641122904,0.3139863115589051327497168248421597360777,6640.496059634154496612146199753717598682,423.572798824974781365220001366746858453,0.211125932101692126728213731879784335078,175.277315851096835684765169438535841836,4046.787228572683780127403287241935729069,0.4461911555376834701043214948732251184936,3539.055712674691339189740639226327914341,4470.36002739765856149262328860868258752,0.4047727178270909891730300368481059723497,3546.580364792464817091424209117088011533,15260.6654291517435615720510810727948779,0.3378049006903167330197451108920840303743,10104.050036734998861947701785556949264
1997,1986.075270801356805713930153970368043355,0.12827785540731772239460914569250017078,499.348173775175442350051879020288696666,3574.935762996036706380306015583518288626,0.1690629022579780920348845520292082443046,1184.602470336780603233769743230074829358,2873.22930884773174943090441188230800768,0.1861441188907030033162004135024039675925,1048.276086610153010914227550859397557533,2454.37516493059546645791950803463035985,0.1618096573212014420264659400672749479876,778.397544575170370026608264570947737932,1120.56059806544123992238650754888792879,0.2298123743992300216713537712082983950972,504.736635731294969485444997304538249676,5561.011033797393512094236169553886331981,0.1358128355875463690452121932309721479192,1480.303087377967072447644879064336114348,442.001050579181889693719926043550900849,0.2263940245440668220473954494037907769672,196.13013751892018610918550139746338414,1450.693930439165616415412776020045821883,0.3110197311532017393839453990251576092708,884.341095012310837264407330683555298839,1892.694981018347506109132702063596722729,0.2544865940873480410653457126239385845142,944.064378756531130237972562717993386417,7453.706014815741018203368871617483054697,0.15981358806162340690181389068849471555,2334.758865065046679763669807039617562157
1998,3041.382678849714769713716728559090844784,0.1751352004163996757113817959336041652767,1044.000203406490201555041172378899492409,3562.620709817442991952319198775397257763,0.1757833983570252664780816137462492467976,1227.449167840502286275957545936708165269,2601.507081436140493173783141510384342696,0.1850990969697140494128010848186264312997,943.811758606926068920718660350703881059,2477.87121393664312337931942669504715794,0.1727067196800918495535369081392985272887,838.772217931500460126611871127017724024,1084.749495880799868572999772080350099843,0.2062426197486095394908317619064378226741,438.494292490821806675833970647113628171,6604.003388667157761666035927334488102568,0.1550960750561459228655762947578923616737,2007.539810269936489604424747414974043338,1413.039455950593679971097829707859438002,0.251063549371765184551287738637208462273,695.334894378076020457665929578098532915,1075.972231251895868834963651469917995706,0.2395479732172648023265758614554015030447,505.184055779521611759901987631903212816,2489.011687202489548806061481177777433711,0.2090742474682332555097427815507257843257,1019.960961065336245115527986221477972322,9093.015075869647310472097408512265536241,0.1626040863523113697626927865230915419135,2897.980360855171415319684888721392369156
1999,4408.625081438782020677121483812276204349,0.2566337052391281152373423784945837076304,2217.547507733183631645923089077790295778,2310.844971024866961353526789356927615771,0.2120724548153331786507216130906494984154,960.530468777705573940509901035952838394,1679.237495957372045647574356719512051123,0.189634619140652982604545543018406501625,624.145463465456898833825627195135180298,1698.731898354483377844842102144082963019,0.2205649840510753781869029470052267002266,734.374317172514868350079759779256060399,612.113072670383583508684687212844652737,0.2374445048297194294876048874604502089435,284.872055462433898031317918028724508454,6719.470052463648982030648273169203820122,0.2338394891002015731117846015444709651068,3079.703790420720503984888804110762546456,1793.130309765200389754796079972866445972,0.1980466075426168121642775453902257231689,696.041814472445530438064891977009002054,1554.25673585387343654792295033240910798,0.2085900276879947175490459778101430595661,635.43681290938303424653963117489736862,3347.387045619073826302719030305275553955,0.1764618193454958607577299699463128544092,1157.744575922032789516204769493056680155,10066.8570980827228083333673034744793741,0.1994504902131757126347647896774400470424,3935.365582912429658643486144733969723372
2000,4115.91045818644140657964565187708022971,0.1524437792585578028921675123887955704716,1229.792092858096223919288579725202284155,2787.116570933880692722026360644399569854,0.155513415234410322405453285138315390883,849.530672540598982615842283457809432221,2002.663853492989744337957058590298565903,0.1643855764149381342100739647833605662357,645.249741766740414450714748649194616692,2160.275632475493418443993445113595765106,0.157549692634499299706460010755880544876,667.087493328532620740917329857042427322,626.840938458387274278032915530803804744,0.2362857546912153723400342239118507902126,290.302625061379865706509684779367768957,6903.027029120322099301672012521479799566,0.138548157015556080433622903886405027707,1874.54727851785240353796920783749497929,1752.870788488279802823583207335931345049,0.1757169575164332612098206830280585017796,603.697878870280192394498300205763406086,1246.348230620661460274237281139293270011,0.2546427781851413978781588429780062451211,622.052209021505882119621262815699225928,2999.219019108941263097820488475224615063,0.1676473902058561311877474687914603567607,985.510032770388234469055612807839272494,9902.246048229263362399492500996704414625,0.1410272645791921957011223896483594775111,2737.113879808901828051368040462666877143
2001,8171.381657942782643889369124795141677801,0.1670099726651108527585523545556395713362,2674.816365565256166188415392055549742988,4917.888867105506628871155646677801245307,0.2146515401574969106192918084543193603723,2069.039542509305101662835368937567839069,3943.452966425836851470405440902307868748,0.2390028248712937892434633243014904598816,1847.292941496802212895068046131540926679,3138.253183682771432478551845683469499593,0.1826121666043970444721299550642460697102,1123.243097921897086494263025459480476766,1779.635683422735196392603800994331745705,0.3184889188836838887207546889699311228013,1110.91671984746038704432413692998507429,13089.2705250482892727605247714729429231,0.1693930351349727857164701149339699218759,4345.773273403710352576874313117706316926,3741.045956498791136411640296379432804052,0.174419734173157022452784011373038958398,1278.923992873682876040834698199509482397,3247.47722450655147562285181970426121634,0.3008245326249145238063063757193588669378,1914.764803813586405348482211147258162526,6988.523181005342612034492116083694020381,0.1876142897778119967873792375005485775352,2569.847753872181945566977639797671313876,20077.7937060536318847950168875566369435,0.1705817661212497399938220228021065132901,6712.814799985611740896449671370009946333
2002,8691.279972929644324373138345241076679838,0.1705116833455608001058929452434319368186,2904.650966079115761231100291508874980392,4318.434634741825013349796252748896356541,0.1884704432671383039329808992842738534122,1595.238688066710339535184439055594978487,3029.281560287302627819099460017307954225,0.2179937899146208539370281284586334153129,1294.314553369190027190671647448973298944,3096.643784129636747516329868946355267469,0.174630831107077052966037284113148183265,1059.908176223640232176741697414168639957,1221.790850612188265833466383802541089077,0.2523571796117947225746192064169148015678,604.322278546535398623169702630373858159,13009.7146076714693377229345979899730364,0.1661620487684420202605222207102107224505,4236.972832882701695615989703872504049873,3732.940002512082835628047185132728513771,0.2011310975237205850736921342429412142159,1471.588226603092777344900939792384296561,2766.362578132700882215762740868595838007,0.253616041127411541948809944986806086007,1375.1240937625091724261177351383892004,6499.302580644783717843809926001324351753,0.1972394837535834718460466867408361438797,2512.561408098831502891011866698056217081,19509.0171883162530555667445239912973881,0.1655945644911231536750050763992993292446,6331.950921700169096332962806367604517869
2003,12528.1344995158325193727694790321384642,0.1663698106787246426578321488724564079223,4085.234595090413608802301984581615430899,8132.985346768219706260540475486035475432,0.2377068840720007630589287786823541680824,3789.202545767687689933293863620681410254,6424.405636639331057615829037549875375466,0.2597089787406054903907624009184045152906,3270.212620737700616716251317290633988749,5471.662629002177398268327466022405634477,0.2117974783180386041291956422574959930219,2271.413320178233117540918581520822343371,2661.322717766042307992213009463629840958,0.3085288964820830763574177589533296604006,1609.346124138308314567947285161392375601,20661.1198462840522256333099545181739396,0.1658691334103720837083892153042476989059,6717.002406614312602223282257820357677522,3984.091819217529754036704411744537967172,0.2781682024839715338067935144132562115912,2172.165413370359201185969029279580995755,6312.564395681954940949832196726306201088,0.2430017462888094480549699010725448408564,3006.56977655410517453409245912110249125,10296.6562148994846949865366084708441683,0.207255657838451695840462396066902469001,4182.71890441653451840759405178824825932,30957.776061183536920619846562989018108,0.1743636800777395095953501071501835565328,10579.9070516589976048262746143346647355
2004,13063.8148397642402634085145196963122258,0.1244870651678992657940117989398058177789,3187.50089982623694552729401986804775555,13404.2652965384231577243312634585539919,0.2668985986858611936189260906996912969709,7012.056063156864588000058238149182164279,9732.040144093098043505635169527727703117,0.2637924619356247684480077606741375095297,5031.788105362635474614736715366487615994,10599.3139414173687116955126958620562754,0.3023845755896988870562814661929724541539,6281.935333526240357823859370048270110667,2804.951355121054446028818567596497716451,0.2166228718673498034321612539178226421059,1190.928571269293251368312347684729421581,26468.0801363026634211328457831548662176,0.1732938321097167359778799939919044987118,8990.039869397645943772442552772399178229,3865.787025307119934888074833780303061855,0.1531765072889710848740182754957728056961,1160.609598740749172724205252425560395661,3865.115627138315836425187939829977527467,0.2071774146378123954293523768558078620873,1569.498739297177378042167276415439976127,7730.902652445435771313262773610280589326,0.1368148829446474441305950816945016352866,2073.096981243542006373811405595669983526,34198.9827887480991924461085567651468069,0.1546645222603579161984281240683891081705,10367.1638962313781645855484206256230706
2005,18964.3864442119222903701162571914964914,0.1244583779291119336930082476538029160969,4626.142479524211119473886818229314991484,27348.1596823228441830663315826439916956,0.1960982731915288218714964320121115571717,10511.3367017926103870302616439544508636,23654.8368601633839757023114893600760422,0.2069552086569235817617306846435259577663,9595.163728355576393652829473026470217109,13509.4893732668262697032090570519192426,0.1750651780796337066432401067619270118944,4635.48067927591714826068204482708443346,13838.670309056017913363122525592072453,0.2567619532061535738486121264826355562973,6964.358275925287051230844815942477277353,46312.546126534766473436447839835488187,0.1438457567412463936105243780043203952701,13057.2519586031349601849558089053987397,8710.176028201651186395048963661058893525,0.2209822590283851192534759613496521708399,3772.596975483900425078603729057671769033,8759.105717801960051938475663917475343247,0.2181493406320942013792039267517987452501,3745.154548255995388272514054557398159093,17469.2817460036112383335246275785342368,0.1629846569789990330882564414261921397823,5580.560790362100265421918878099220495515,63781.8278725383777117699724674140224237,0.1344195520820174462343425253203046194086,16804.1084778539311672503450037921025178
2006,33861.4380009851947937536298049801624497,0.1521461593757929371085873920791188618034,10097.6999758711926959000660152754538772,39045.2919792816952051976914980990688336,0.2559035108001522950736107713405558096072,19583.9815035218176187714386788844716513,32859.3071517660878770069670070475022695,0.2890689230845606819372871584200648701566,18617.2648820650189428889604639709096821,19962.1526438991741966516957182123542474,0.1678777321553393010994887627386262276748,6568.353793001147528264779619969521061048,19083.1393353825210085459957798867145863,0.4190286346419481809594724920564438654732,15672.9083679592887689033024285890218204,72906.7299802668899989513213030792312832,0.1653359378665250322151596846885407966865,23626.0410530150916532943115289168452574,10808.2276135790826204613128160727096949,0.2508065653188507567926767046114010943477,5313.117912094412099249942491482796077028,10914.416305932212674944329235303368715,0.2095876229319348665654350241942757652447,4483.552075729768820838836205497220829698,21722.6439195112952954056420513760784098,0.173814079013502886822447303264860130812,7400.374639351923675426999475587970180764,94629.3738997781852943569633544553096931,0.1495132287992868169530658626329599801549,27730.7527327811602030350819647200148483
2007,35744.9861313762721517498533744558320161,0.2097607096169322717425701947802529975075,14695.8715660831833999386828018146834273,40540.2078534005816298587784869619395494,0.3228834151744794510710528446297540192023,25655.9310966348954495174633457927940864,31672.5780699407493978867631496012553005,0.3783009891871975014084517784894687485604,23484.2645233759553270983487394620859054,24259.4579733446858040602553315364768023,0.2504137096670996595819173162801247736276,11906.8056966119504440571131107473694921,16280.7498800558958257985231554254627469,0.47546683611775185411720133441964385365,15172.2750047855037614167112553291904572,76285.1939847768537816086318614177715655,0.2245382073578870092874718037210540370664,33572.7237823693015438459878837315353354,4944.047029001960936758988104581060981028,0.2539300726227108553656085864948713735166,2460.666753404148935091608297634084937969,7520.692480845129720752050849125742270639,0.1568400318907427206090522031708139459335,2311.909471130989500393459896288366126144,12464.7395098470906575110389537068032517,0.1440486124551430994003487454497801383474,3519.235724776216873757545589393878242316,88749.9334946239444391196708151245748182,0.1994814769183390853191899370150451537476,34699.7769074274322885289716122758408156
2008,15704.6527133790949314663998621137421849,0.1233887100875390914380974574439438315517,3798.04260772616989710482142281815971418,32031.0933447203112978294664307221036929,0.2762343676192549649572350561702394654364,17342.2540758949974774461221652130805591,26350.8160419768419279346566871522924366,0.3055324013976822212725315944905669630802,15780.0150840237546188508463677317275776,18885.8953099075190563543194059567223965,0.1972275410635263451140060855889415579705,7300.644637802239855313570551438798404745,13145.1980348127922414751470247653812965,0.3994203393795672129052095872555211937558,10290.9005421420291011835056158381742633,47735.7460580994062292958662928358458777,0.2182091277024049465497921666394018189914,20416.0959948203182670948855758388474338,2238.176480669564472891171571234454466691,0.2207363874515024735630617915473209792194,968.332102010957751008965407512005861969,7205.502112693069607369624811566538431839,0.2259474875843214746217960318164894428639,3191.00759432717821996182815678253986127,9443.678593362634080260796382800992898558,0.1968660147195830599536516202127296888621,3643.913163177161944010272375557909584039,57179.4246514620403095566626756368387763,0.2002829660428540396908617093996990538875,22446.0469410046578861229562793520750416
2009,9672.696971198183134452361979749462987795,0.1639885331520615512775620592599335889684,3108.97432034511007748621843654113425198,22980.3597646620396271635154038022196239,0.2029800335150486605698426157294682722475,9142.526222629194044999640659809131493367,19770.4254228911807053576530555506745854,0.2085271386537463707770175377235029005341,8080.433677069451675049214692865038773564,12167.9279389881628002617842149464933464,0.2073470941128601735903941152869403811502,4945.049619066803460267076132647068993416,10812.4318256738768269017311888557262774,0.2119471483885773593561129125251320623735,4491.66162149105605406278482096511935025,32653.0567358602227616158773835516826116,0.1694905778776191338620028862576468942035,10847.3954930380009106671008867323816078,2038.570212904633691465891753618281520863,0.3288934701910299099470230388434975371958,1314.125965838532410591685275016624119777,4456.168276985526362100601392426288677829,0.1796210551342289444557547134384384155351,1568.826429624925688894504544795125409108,6494.738489890160053566493146044570198699,0.1734751930926540750669615705832328266751,2208.284986695176581284774305716910343629,39147.7952257503828151823705295962528104,0.1598621813922297868928351044009651521561,12266.173805310158876795171934394622353
2010,8304.590990709461280931363427171095318527,0.1186327273344826087748170843882069209897,1930.984706105463179042762438297887576795,26296.3572576817276871413886001173983793,0.2741213966125540396739107528344602904347,14128.452587504838097017011252853840721,23371.6335849719110011606892905183238965,0.2963056169721519103898009186760115388601,13573.2867657226505940956603644935267749,11836.3085800138551275266914885710665807,0.1977133582382602462717049830636958608332,4586.784784257790650781199824907330480761,14460.0486776678725596146971115463317987,0.3501681892119697072760686933914320844737,9924.360160296756087648630873460550383121,34600.9482483911889680727520272884936978,0.2179785781565807047245587462324518953517,14782.8403840253363189272950173709569508,3008.051200406921681064695052979709654235,0.1885290045423583245597252530452715230164,1111.525600913319379020213956402222898217,3358.289330990227115564211910650671349408,0.2380280220397175428114596810770718126141,1566.759255109672521373759326780772338535,6366.340531397148796628906963630381003656,0.1736366934672406794384951185623025797028,2166.643425942222649720717370910984037943,40967.2887797883377647016589909188747015,0.1944523112021465437196729093924035223022,15613.7206143545920751257305275463483867
2011,13197.827368578610117137843680556809558,0.156432636107758859874758021859665488963,4046.559015277281632448018984149816536014,26123.4036585821195737892062917559285039,0.3389172107578814575915408482468269247435,17353.1953627990200171527318562581586142,23258.6855905206447572749155947465578718,0.3665992976759165220772074407972666444733,16712.1708926056630846939595678289399754,10463.4127394485395965135299629076102826,0.1937663971214250046105132901206260318483,3973.817264710031920328705641694900778376,15659.9909191335799772756763288483182214,0.4449740060923407826002906558691172141354,13657.8462335268320192481333826498361246,39321.2310271607296909270499723127380619,0.2403437168246040907872827167860032013221,18523.1971977660391394359059901900325958,6001.352359456731284100820510542460287074,0.1915956220472725397132078341021163248052,2253.67236333255919321067347436576718713,3189.013062569505612886856581968769961837,0.1572983398051796414669175194207680387,983.187862304060810650168914732737872672,9190.36542202623689698767709251123024891,0.1499203187927480832854035712380188449357,2700.532127228363537369209392819872000135,48511.5964491869665879147270648239683108,0.2067993061914501327410564585372708860149,19663.0423963457018472345884473794485474
2012,19737.3415328157671863209398406652621403,0.173515925543173489179611933930354782015,6712.496444303362876239537704422753138405,15026.5963038166371508825781929331949622,0.1450005725940218124564474975416504952232,4270.575533657543317220317967204308256179,11927.862037848968251671812281897282562,0.1547653183062373770910445859206315209556,3618.19795540113835274454007512766844323,8661.333525615056566152429311195887989266,0.1533595759905844257039375930927607263739,2603.464936522663218379985686632353411476,6365.26277820158058473014888173730697294,0.192797929633208283274412853439662695119,2405.330591008832867370723667324073534509,34763.9378366324043372035180335984571025,0.1322694492622378669997792907872219727722,9012.48554720256044627630505311358888632,5982.081167422308270445900721005189151766,0.1939581914751569818135782693580674195416,2274.136343202020288206262662382230162471,3804.994091495366185521085856894181800273,0.1794545656252483698104232719371683656462,1338.334181316037482720965361298845023825,9787.075258917674455966986577899370952032,0.1556338457799670079154041382398252059387,2985.472316507315079163393300070060033346,44551.0130955500787931705046114978280545,0.1300105804213428036838566209054730091641,11352.5220189861674580589160992160704033
2013,18416.5383562643772011085319577674806786,0.1645872789613503386275859623580332863659,5941.010754451991214995256639749108698022,20422.5929131658253529800408929409361017,0.2326201730409239590853367660161386929218,9311.385910913763991062064415451062335471,15938.802202275199937527357299841651892,0.2366933082094857322555148852385635869446,7394.311331420181546380587076234056765626,12202.1706900814634467176937507687972674,0.2051810282733464139995843415968046373887,4907.16170154129520277765974780665659746,8220.42222308436190626234714217213883431,0.2907115929640500951328275642438656287464,4683.95319704746833948953448782299499806,38839.1312694302025540885728507084167803,0.177561519392513193938313990931956635141,13516.8169137671811288968724729382157527,4071.024795223317279595740762354318008911,0.1846622285963312892648301412790971336904,1473.458442259447542684694259253383260892,6794.510392035176907214273364752265202047,0.1796971668110167931589597273578457637162,2393.070363940795291866544819986820451641,10865.5351872584941868100141271065832109,0.1613143286617943462069108681378839805561,3435.422367996067498655084452364929151374,49704.6664566886967408985869778149999914,0.1597958130508424533240725216926554083094,15567.4912741803132651528513795314795646
2014,17345.3686935288788446320951241106257042,0.2201391397141232549673492118330378826842,7484.053302746757484627480275832634727966,33393.798244018395626134977972441524033,0.1244519957056403397802372181515262637822,8145.612677892810691993859538269697199956,24859.2368824157228589509936643354254076,0.1234781959267976523083017328972803705082,6016.364495820902034922998422718077181946,21627.3790113415004718024367511813318046,0.1411421377711494787190041993818916144423,5982.967635773352181500827941860607011818,11766.4192326768951543325412212601922284,0.1401934372349235312409389433296965233901,3233.166522105127380817508414312423127126,50739.166937547274470767073096552149737,0.1381523119944334137603398320920114585179,13739.0771133435963927394064527173971748,2023.449276507305318109546067357097146363,0.2485537374681230348329942781037695949723,985.754325295998111100042504575394102311,6704.806799160643590552373219811274405102,0.2699101913074610825842222371296871812848,3547.003544248389612065928408349899759394,8728.256075667948908661919287168371551459,0.2177833392076342331344581968100028437968,3725.702757091843157945286267660133389165,59467.4230132152233794289923837205212885,0.1350601335172595945374391693059425871529,15742.0890605007197287748503732929637385
2015,8036.290642415961042166399299708856459479,0.1435572848694207311922893776769774217106,2261.189407491665773657860861016639924679,31121.6138025111922372477327405001858352,0.1521441110186187793179194610719372137334,9280.541720277769084989554027062527021914,27067.2812166820411182131865610963163206,0.1594856363491837578793726648396792574251,8461.011435406294452336942309781967902921,16816.0309143433414359133957531725135912,0.1442487922095226002502367108390664390987,4754.356612337961156933845011064351710877,14305.5828881678508013343369873276722441,0.1797508946725074625823244555811530014011,5040.024993001373526863436995549964511101,39157.9044449271532794141320402090422947,0.1340849978573669931432391561126821075065,10290.9555658501960566754632406287382154,1038.150434262038267404000718964414430682,0.2040186619321984358306067598310129692673,415.13204246564469158802433210246436705,6535.962416777191534220787566270051414575,0.3532751704642768614766740550345111142951,4525.626744392735845571834092313371064353,7574.112851039229801624788285234465845263,0.3098454005634339865805777006873434232136,4599.735899276090217215200511333850564556,46732.01729596638308103892032544350814,0.1356060460713100207193894310584679071369,12420.8024172664651971434186345158765623
2016,8196.107489577942947869501175473397315406,0.1633218931875304758020653507716387059719,2623.663432254080007053441725419740462173,35118.6803951446831297342454178827677404,0.1259734269269668324660722697395118460121,8671.080216317352394592781356531316362717,31251.8244770810859087396386988660281697,0.1266355764452447873653352848273492321489,7756.88190293671715139753345889254918616,16792.7418801025270170146695683598728264,0.1430138360834428881402561831090217177173,4707.125091879796714762331442011891464614,18325.938515042156112719575849522894914,0.1438801444548068446053283708903291494327,5168.007814395780761731259605161706940937,43314.7878847226260776037465933561650559,0.1209950041761336872495799522721484635585,10272.1109643607036080908068745603934337,1056.665172392597531244877075460173039041,0.2232918583925931035490801552398580632814,462.45167088285482057384204891004353091,6076.266820669890584415520409043317480635,0.3076803123438104674507013534253415042929,3664.313439605366475177522076361548718747,7132.931993062488115660397484503490519691,0.2708077191888899945837851224679263636808,3786.039966574602804541255583845362555957,50447.7198777851141932641440778596555755,0.1315988900073219811864718078973034674291,13012.1733210609945267166046192968905035
2017,5416.692981613037134432865621827414987995,0.1314223818719949845938499213304749588863,1395.274399285291200843724807977788406015,24268.315822483379806856731393428266468,0.1642302434009717656008574395730348382237,7811.759172337875554377848923988724746897,21288.1945910742850424364423439997588722,0.1758978591876240312647244713277087290709,7339.313794897467307433286605644519795297,11715.0726757535632248040845751175921955,0.1317245547053243616879519426829352714933,3024.59895384613573822985915964023736569,12553.2431467298165820526468183106742724,0.228862767624607318828532345716784954429,5631.021139681431922951116554859800642247,29685.0088040964169412895970152556814558,0.1445757438306198123036708006757519912873,8411.79516780264523347157937869469888002,1255.457782046066848514936574904908394405,0.200200064206363762533610900017702994776,492.631748005043186227150073796451196059,5018.951317668246197243859468389170149717,0.3119899399650516138508579554043957643704,3069.090147762192331648660473983068106116,6274.409099714313045758796043294078544145,0.2700614132177666460462080744168966178711,3321.172545607514113935954059226739794622,35959.41790381072998704839305854976,0.1496728123872890299652937735479483780867,10549.0085305674436799947543056103188468
2018,8785.655435434161270133831537102303836766,0.132222053105106526503695074215621372169,2276.848503112401211680073254006299510052,23948.3021523409067283911843552603954875,0.1490992848141819958935531993262827931399,6998.522457918810541066658715290271137622,21571.71957650568917751815220090248721,0.1575600906402255109599882443921705329642,6661.730499809936382532415342961459073201,11077.4570436964022454779867319622674684,0.1268524517272022979691787081449267858563,2754.197066395483687401282753398763103269,12870.8451086445044829131976232981280191,0.1819119308061751254691093196015458488979,4589.066158248643862881280464596010064898,32733.9575877750679985250158923626993242,0.1235159399442817061791375265681358785417,7924.604457518567940588610843660853068107,3920.903456430737971211621030711290987589,0.2036217724981192548539944035657362801202,1564.827370721161171313550118902666809711,4292.516371567464683657393852090014841655,0.2289106742684052323759639450191957829386,1925.901521170406197534995295378548597004,8213.419827998202654869014882801305829244,0.1783066194392645935285941194827802588532,2870.433962188939728356013941018969285191,40947.3774157732706533940307751640051536,0.1216523231143067694779814527604399267725,9763.433432611550588680189220930816785262
2019,7690.64495713552429413344628801229347851,0.1178138923762837266197380649624010131276,1775.887041876980712940023139264633251732,9812.615466525216111740923979664684809669,0.1360261705203428940172165784562174624477,2616.154109212221648231191695194987281154,8749.261955140721000461263299429884238168,0.1429954739740071219442362739153488058007,2452.165525988267448686221491139474441692,4811.228415336967624442174698015905741966,0.1331771767270005211793473141874899718617,1255.861801208864084095416372712717272448,5001.387051188248487298749281648779067706,0.1594424943280765497212314824567263905464,1562.969908021531707366612253009914690644,17503.2604236607404058743702676769782881,0.1009934946175496099135065475055840859337,3464.72225727763817848237919420456062669,3338.610298739676678818688490791560517494,0.1852054363715722668836901138628749797592,1211.924403415305850817422071573427177653,4113.119105636595169136602996078766727781,0.2461136919997372596513519452597629905533,1984.098060296844339473946647922996434782,7451.729404376271847955291486870327245307,0.1763544502235423892003092652372563762058,2575.725458953829522669212386187095497407,24954.9898280370122538296617545473055334,0.109365336186964431180262223029030713512,5349.253270087669266013361338013072924166
2021,10920.4713173702699651732739113909863646,0.1600062383208945958676328073031547049667,3424.793330919936713277015016432064466531,7490.794761715683664149471933470252218298,0.139178071732167847276818853781025129157,2043.406566526944652684742278909747091175,5300.73098124272090785020996263825894979,0.1476119154700438015345570928700372838619,1533.604064923979994533133632198310838588,5484.4927366296993376241150475471577357,0.1404574440116328314771080806617434544115,1509.862149715250929459873161093249447831,2006.302025085984326525356885923094482599,0.1920888950472350943877746034241615714831,755.361144694401874597993795397925264574,18411.2660790859536293227458448612385828,0.1378899565038663593989156742812341386404,4975.908210499493663623918045416884357971,2238.243672344692012936503033816740818966,0.1498600576632519641011368912231880464424,657.429718571889385830308400753041116202,5603.629323737896371244335680229753490642,0.2000366599755636799105002668008672023699,2197.025335576844634395658752547445974804,7841.872996082588384180838714046494309595,0.1582308586549821564783912811829541988081,2432.019543361592349999465212557573962287,26253.1390751685420135035845589077328925,0.1333419347009543875395858787618446214507,6861.262938262147667355628676300039482003
2022,7676.251152559598194689343774521916063232,0.1668441899709398413712774999880297266919,2510.246294902107042248175639945634629889,6816.392099485222872490632403365102284421,0.1283854049411327394566311817465585680372,1715.245509462698668615078965981041199218,5131.345216886727414756957903852765987468,0.1322693348752800204825194313593040518993,1330.290452951991592852717459412571335085,5239.919499133840433152656559989427577303,0.1314166177140011169174957860935110974282,1349.680495432831745168845307186692033557,1576.472600351382439337975843375674707119,0.1672677192336099695203278027324075423245,516.838233538305948275177410561513163025,14492.6432520448210671799761778870183476,0.1298316707478319094160031016771776810084,3687.94401045193137494298787926596951026,1974.649099114009451101939471318199772971,0.2352083587440070146773031971842822586347,910.329788447958870152129324622782004012,4767.059497672665968627460818249480926373,0.2664683741028065205965442486513126233475,2489.730363448506695261953366933426401718,6741.708596786675419729400289567680699368,0.2168455313527993799863667003519815929583,2865.342390476046590697495376849829832733,21234.3518488314964869093764674546990469,0.1430256530024916056143856531189516571453,5952.631796957027816491944564130059425394
2023,14684.7532193781605091026903251818505578,0.1185390560437351742125320662282709239896,3411.804898326165056402792275933651697325,9000.747760091702161398833442391385997487,0.1122461062087161184804798406934157261747,1980.185822512749136616550999126489237762,6472.88775869492194154368785855004242969,0.1236331335515156010027732284249863031346,1568.516257600011555635880760463057596174,6619.661052608305862476383510578693972565,0.1070875935460803398396516493550014821612,1389.411801540491743549988110163037729718,2381.086707483396298922449931812692024921,0.1661233178702635827710520077631026343205,775.285887008490186509276556514978811912,23685.5009794698626705015237675732365552,0.100926991079938821381455069885343862899,4685.392438314520611424324877638780396916,8095.935736072836235482547006131229369004,0.1823959026708703272630764558628331098941,2894.26439283086944087312025627543325397,5604.602041718795270643879352301916537227,0.2816828741730556596440052656313656179249,3094.292006946751459847746778642529029312,13700.5377777916315061264263584331459063,0.2060318342164543393327705427725595333034,5532.583979096060918019724987812509859121,37386.0387572614941766279501260063824615,0.1223696585662132437247281622298362877751,8966.836923823836494111563279934753544474
