"SURVEY_YEAR","BIOMASS_MALE_LE102","CV_BIOMASS_MALE_LE102","CI_BIOMASS_MALE_LE102","BIOMASS_MALE_GE103","CV_BIOMASS_MALE_GE103","CI_BIOMASS_MALE_GE103","BIOMASS_MALE_GE110","CV_BIOMASS_MALE_GE110","CI_BIOMASS_MALE_GE110","BIOMASS_MALE_103TO124","CV_BIOMASS_MALE_103TO124","CI_BIOMASS_MALE_103TO124","BIOMASS_MALE_GE125","CV_BIOMASS_MALE_GE125","CI_BIOMASS_MALE_GE125","BIOMASS_MALE_TOTAL","CV_BIOMASS_MALE_TOTAL","CI_BIOMASS_MALE_TOTAL","BIOMASS_FEMALE_IMMATURE","CV_BIOMASS_FEMALE_IMMATURE","CI_BIOMASS_FEMALE_IMMATURE","BIOMASS_FEMALE_MATURE","CV_BIOMASS_FEMALE_MATURE","CI_BIOMASS_FEMALE_MATURE","BIOMASS_FEMALE_TOTAL","CV_BIOMASS_FEMALE_TOTAL","CI_BIOMASS_FEMALE_TOTAL"
1975,5575.565005537816105330649159508951501886,0.1974510126413527506973857192113029806883,2157.765874526617440631948610584653301046,72480.5676910265046124721355623824979266,0.3619140496177994623049662403516860374545,51414.2021124466204354760249919186571251,70086.6747364524127130804417474471991548,0.3714372247378123583504158495611823782816,51024.2879122108759024791703365421789399,15697.5216053485543909517777924310433265,0.2874056524278997684713349696219140955267,8842.650619433057492083111560064917005909,56783.0460856779502215203577699514545992,0.4063841375947701296906185785424508723965,45228.4292585233502288047687780078426928,78056.1326965643207178027847218914494281,0.3402518406818480946897282593112874866022,52055.1359399646904347436623950380252538,267.78719695696954247022154342032239025,0.5115584149777299653216160099767235595943,268.498036292207603085898213626544686101,13017.0878563859259271775637707022172614,0.3914563834765918500620708565971373413595,9987.419385889476158930496713040100098968,13284.8750533428954696477853141225396516,0.3843152817384914191258116139385492786096,10006.9377780128169419342613398369009559
1976,5866.165676111659780589825400345181119316,0.3514930100654770024147032353957727170062,4041.355812836971819569928592929039612837,47396.7342778946764417842038746942656966,0.2140891952803425639002080321181456020827,19888.3722529225711810510700721648112759,45625.4956827643590663515198823725354598,0.2180985957021025365602462679410277668579,19503.6788117815674111030318678729040439,9070.396055464291403041427680321570343755,0.2466208136515506862982010779915661363633,4384.418972467222049913635419377828730171,38326.3382224303850387427761943726953529,0.2341995638839372230503776225511189019233,17592.9829260444811059591155569908074278,53262.8999540063362223740292750394468152,0.2006204418727820356734246989200221878136,20943.827987429124949410939003942360139,1971.448103366841213801285619957545241514,0.5703789879409192487745798764241738044744,2203.966244993790352698219435333171465422,9965.075661047706159861557871940265410302,0.419357859726630230379053831044160510419,8190.708290412565911769204978139913937863,11936.5237644145473736628434918978106518,0.3681043399366647903051358065877467352689,8612.016954818735214998579843387752592118
1977,10423.8493096496721425334635026288668105,0.4320257036300715250387305133667385204593,8826.606831769060447908748978794243541606,39881.6932761128223426254301049342602653,0.267300365747076209191428510246095774412,20894.366750662628147546463125484546374,38605.6202062521707742957265154928555898,0.2733957947814220018046410807654434881027,20687.0438698633525504612359336684811972,6894.999230217276233170212271011402500159,0.279151498709408313640541705878485455758,3772.508762682123832763845012050083860496,32986.6940458955461094552178339228577652,0.2942107244018165138245649725615796404566,19021.8767356934718565806718843473323084,50305.5425857624944851588936075631270754,0.2319538136084382407170717289196601405181,22870.3823988822396373493561285429704315,13592.2238089608570002896195098346228462,0.6468171417619702108858036980364860138483,17231.6993744300802419979035735481325181,8255.052039480018169320068934169374841053,0.358146051054568937220658166671166844069,5794.768006811878673801931301060810318963,21847.2758484408751696096884440039976873,0.4278290680415956027102248512787855869802,18319.9233443527941874853485849153490759
1978,11558.3085467720414547263409194209742305,0.2371935614737912919804181690038304729412,5373.450482890770154444408530293696943286,14076.8970737172272331167849977631953626,0.2480827008156010571649072246356042729908,6844.779904495961770723781795186716300618,12985.2711338471358207661168221789789915,0.2531755632340461133999766646107932565356,6443.60453279475644705624769879078629805,3679.020736591289607285299806203775869426,0.2021254935854400260686175264641928574732,1457.50280929738375273800104732750113777,10397.8763371259376258314851915594194932,0.276445748178805352361094840888386449924,5633.919458835452841304796085848837168148,25635.2056204892686878431259171841695931,0.1804026342341131738624581087834430908107,9064.330901216039269282178667594670199263,6200.757547936563032272979013578766385816,0.2685319716342909867823373123605186974761,3263.599233948289080685388641186764550102,8029.377996450609555207097655263029358062,0.2659187680858244829832832602007415231772,4184.918118410680494745150590644885350731,14230.1355443871725874800766688417957439,0.2508051315424805507984824393188166505385,6995.222393471611691014380827545795896865
1979,15939.6212357345548439314326631204598745,0.284565559098096403753348050452895439434,8890.299768367040034583304203917829239567,15744.3642736441944402871090528044671136,0.2041413383768500744190338865885024531712,6299.588165640202120864106663303215011192,13118.0898375256763979233974692101264006,0.214923463629015169332130277771014008498,5525.995195992102317715771659473396858914,7672.12570268186570039377871730430042788,0.205295239725485268613739354968290593957,3087.099735258816242906469851252923071671,8072.238570962328739893330335500166685762,0.2440313664442260950398532578117991131341,3860.963641122019109669981226787585142742,31683.9855093787492842185417159249269882,0.1923447179608157944186952447495424098562,11944.7246230850189654850333812624323562,3305.739672406686846963808751423498026946,0.248259222998367489119886558795694946307,1608.533510512861442873075880770158500535,16181.1961647616256767161702315899421131,0.3432124354980797395102098658978215931453,10885.0319801608484389938197760998266065,19486.9358371683125236799789830134401401,0.3132044648866654403747308672795601376918,11962.6548098757268888660576725246460356
1980,62322.9475353873178876761496189417152925,0.1877593743175575286750387136333736611737,22935.3665643457622322931046768522286359,37886.2210606573776801023744836976289832,0.223737715169383924453016090273091334992,16614.0900115668027765340547433999068129,27214.3593174486429215432499752277957295,0.242062041515679224965054079234937500941,12911.6242148488156724622974960217760723,25256.5859435023516948502208944587372131,0.2033853184832621839194046139851412707755,10068.1648008014530806356665119044489394,12629.6351171550259852521535892388917701,0.3116449232153867942894603593480282004121,7714.48486599529611940638058826574748864,100209.1685960446955677785241026393442752,0.1753112740265142149030623353762790896552,34432.8821507922945697905960475402315255,12487.5382448592504032494320610698908632,0.2516378864652183953066317692961473296755,6158.981952936330699539018147082081950923,51053.8946712322471263527752547040973516,0.3251495291647660566915724667476412081721,32536.2936361822988566832193013576367536,63541.4329160914975296022073157739882146,0.2828094047393466270531366821972726800318,35221.4250457985265596813654640539475203
1981,28783.2225345072607083595266251826306029,0.1970590559190901558454779621025370725594,11117.1095315598010547744882689409760384,26294.2606141624782779063458750147885048,0.1525557825272463775914615710809163943085,7862.229347779065185653763457818301628819,17850.4830888160909316649647677171545747,0.1688981486432340267139921400457262678998,5909.230550333254958455322882657202314805,18259.5616305262272718187499673606177141,0.1519443380568164577222651376344692593988,5437.896530109585539489390822587225006692,8034.698983636251006087595907654170790704,0.2430018534043157015956750165220580045576,3826.795619355986033097441864871827795275,55077.4831486697389862658725001974191087,0.1615668222579837935637975060597119671482,17441.4401033845137445120398093864241093,645.497959292539841377602038354108563341,0.2498407716377136806706902917697423449747,316.092548150826590087571066125960436958,34240.3176966429881224347416633712123641,0.299965933275275459682611341960396374881,20131.0205528902704236051678408650286179,34885.8156559355279638123437017253209274,0.2965398215056080795436992332237834517165,20276.2657534697918418032712723828046838
1982,14816.2855406141601900613093656525713478,0.1959738757234040092275464956599547948985,5691.065606388822939944623444523249272935,35278.2930075413127249004626532221509314,0.1873715885861816854966887785841216406999,12955.8936147263299550526140480664933258,26201.1328844876620977386523790315963458,0.1949847601213702076376069343015493397199,10013.2903563643440530141540034742485373,23318.4334706226562039467175122484413083,0.1813107226365016115143684047083250411264,8286.64876568716893315704111141011475741,11959.8595369186565209537451409737096231,0.2271906156827529062501839406687009371527,5325.64898927671552880308977606836271019,50094.5785481554729149617720188747222789,0.1822284398565951395710485883450578272724,17892.1675124439000971483003835396401001,415.064010206383369293445361782439107597,0.2664485476331024391564400643330391454093,216.762677280753630036198845269165891632,59026.6326122651012008426964315524724915,0.2878568681007611975196447053325483861145,33302.7943326697338256854637629409115203,59441.6966224714845701361417933349115989,0.2858678550129977014770001823766038091039,33305.2418111265761006027921480138447313
1983,7840.405032073649921352401665512896913995,0.2280772710453716141812442372066126168644,3504.907639867284459334249713019773609944,17459.7216103404637424040518421082349782,0.1980747265995702011225028784800894965319,6778.325985566678043090943305054666682561,13626.1726797549163905988203737765136365,0.1946406571397280924732577737368682773866,5198.326121186337017339209459146201024737,11591.3429294500875593248674882606662173,0.2033633289530852243658950585294372611959,4620.2180069327623174424341476136718368,5868.378680890376183079184353847568760801,0.2077273119191074445907832631329254143332,2389.284156261320708604389025440143116074,25300.1266424141136637564535076211318922,0.1970463790335117357305290604529210125288,9771.184754194880944897178689308312723297,1433.00251223012961657658945902041111728,0.3385396146336049075385820482919241854828,950.8511117883765363066699803552787047,16473.9020784357380123262152308048683889,0.221365352737452796380467455440011567238,7147.632243328160462656853648443040073267,17906.9045906658676289028046898252795063,0.2072712750510528200036353069243637644627,7274.710415580736300254355127437646179201
1984,5961.269496318662981286423998570218246729,0.1695008596639487853998791268078444027124,1980.462996456397174980083574083237719916,13397.7180362726263911598895910085592694,0.1918177990010024409399185859639810950158,5037.044739293541647550790867581545091179,10664.3714872010636855476616213424151009,0.2011940282483053925123317414249023636045,4205.39140216285265774101154638810728496,9391.171194167325432788018863045849168954,0.1906632961111002186354492453794070114792,3509.481242278176454252429437586852424608,4006.546842105300958371870727962710100433,0.2221458082238499033782139163112060989765,1744.473669395343426893856457590667560775,19358.9875325912893724463135895787775161,0.1730323244773473141418575659458369605238,6565.47200009282420109972917592475983289,1590.463411999960867979886436886083532605,0.2295539740371959224464046571880703797148,715.590505699284155279099253964354410093,11053.8169340727904674395770899661673655,0.2609706848709865092113001340530943541792,5654.055464418029539532596082544408601621,12644.280346072751335419463526852250898,0.2326320316969492598654199814491545542803,5765.270667455309337460030105939011113348
1985,2556.570187463752349704869853394612846916,0.1732219536384670577338665517680049547891,867.994001673212962640463543297869171581,4324.021751491187801492849970770290816338,0.1797421513523157257416661460023851652721,1523.329585330179452389921984882418419042,3312.563217765803154629564785516788012611,0.1896478158572348426951331601572916168536,1231.311943111064783433722728284155548593,2806.93867983542327195277268822297673346,0.1868090483640755354588294293470932184816,1027.748625448885045104579195263677051188,1517.083071655764529540077282547314082874,0.2180798462444318899548582773682900009483,648.456676293170369033897320863962571319,6880.591938954940151197719824164903663237,0.1641413095484527133292701869589951489207,2213.603167804038921864561798935531879509,685.186898513721663535191966771228308404,0.2190672510540276688553305998736233476577,294.199940218646641274755156088823546246,2786.473373715573699284493833300771890297,0.3094802485522931681811591882453738775268,1690.222605672411569575773517384760547589,3471.660272229295362819685800072000198689,0.2530471360358827583482736286100233568683,1721.847630787265496011603724008325751695
1986,6099.846168393187114731364388238362824506,0.3535273483377723221586143261788011102396,4226.666384713513571412597838421227750444,5828.856587306962535920125199596360933029,0.3530978789149713606182789698209858423307,4033.987519056188215248090773713562518186,3392.335969714716062789301923855405926794,0.2739175798414139504359617226277916219177,1821.272099313133061987638604635452211989,4952.75955033104302665689270250599278742,0.3956200703726211635510717672920707219348,3840.445720407652031951614085718203520646,876.097036975919509263232497090368145616,0.3059529620013691415304173304165186250022,525.367187588274970846516569496516804835,11928.7027557001496506514895878347237575,0.3488153588085661611505333438861092777709,8155.392874426548086026552009690971518225,1234.439251497354337815861976229347284647,0.2765516135267821100753951916870978148068,669.116886932677581197614924473349310993,1359.812530889693390556991713988285397477,0.305464120881013472649875168495137524862,814.132921049964090472174320672077752464,2594.25178238704772837285369021763268211,0.2287255828304271043916505101734017474355,1163.008631833289599823049792754195940587
1987,7838.781134922742189304993033355465722093,0.1502155640918269955522612362296546604756,2307.913582750591408217298688901327872239,8526.257386865608595991082076768784584982,0.2306865388314728959657485657129253913935,3855.109899294119445378304529320899438627,6924.667955701319348193856180246600109006,0.2615052042197204807374737604870763032665,3549.239947502478588729603669063956612115,4433.549362533126356962713433033053094476,0.1932113541503874457547704372098180404266,1678.959669014120259980165531439184678986,4092.7080243324822390283686437357314905,0.3431551131917259201819129475950450518807,2752.690023286975892438421272294346322289,16365.0385217883507852960751101242503071,0.1568457230163483681029177850671076487932,5030.901146314962139113212080775956788944,3153.545710275691168656839038278801941183,0.196686959836591233230922720140547471481,1215.712184181304907095956911091199186303,2031.236987472333235322925489444568806553,0.209069696420285327357710145611550510731,832.353396643851415475495737470381385875,5184.782697748024403979764527723370747754,0.1726039363194702414065292917932903674978,1754.031249081086611744201188391517285782
1988,18710.0996982381350037447180105940325902,0.2343523425313799646390073692748130832093,8594.121158824433762648398686753053470075,21259.5862284565718106095344339404213877,0.2901307645745085841151270995515679250471,12089.3976137196050663054133108170198707,17415.9774638904824784076973155853330805,0.3132929661452071033046882602340426520055,10694.3543464414483554219869301621928217,10922.0906585431783579951813670822583525,0.2393577081113004156712590811399393459926,5124.001712112968481355924879695062088304,10337.4955699133934526143530668581630352,0.3639751708040554660303661815554330709801,7374.679762860972407081680822017262841239,39969.685926694706814354252444534453978,0.2340246429540609299804968921353080140254,18333.6272968421381542788924017697848086,6611.311275646739118842092705143398594396,0.2427812914144815217713769989752700245394,3146.001271311491541628139270453465154924,6074.869896368459743478409315605712637783,0.2587726228205813341672414494834103605282,3081.139632099036522736563840309880660595,12686.1811720151988623205020207491112322,0.22704172237453953616674872319104949994,5645.373150353579328664497909315327021616
1989,15648.727775508637594187238976298150884,0.2226569642587775613039564631008834300554,6829.224513173262170957070495638358852367,28742.9808110623625441633810137666760988,0.2198190402375007566868893441182278687884,12383.7787326871540290418469037055292579,24550.1351312851268862029686945145475472,0.2386216440682567481246483448436203104857,11482.0594699652453928164631651986809332,12504.2079509699223321748267445288918399,0.1747357086857163638087984024191568196195,4282.466010217945400776851202140550065403,16238.7728600924402119885542692377842589,0.2882671327285738953163984166285283806891,9174.964803162484745549260652402602725751,44391.7085865710001383506199900648269827,0.180468726701769435014840711032380427122,15702.1776444795677810044742493282467847,5266.808832857826419112139068629431346781,0.2321260351976208505930179008718327037164,2396.224366929588565419987830970170100167,7108.333298297785760817128650135140271925,0.2328186034109009649080930728518419193756,3243.706372934231789171823013907060238902,12375.1421311556121799292677187645716187,0.1904995009647833091701759604209161878521,4620.618464692681873667301062509671190875
1990,15651.7327850483767894145121542437851809,0.1421440914881450050364561043354802988118,4360.610620413993574329317367096619885704,38788.7257111370825991905854633389046534,0.2907393912580364705326649898631787362859,22103.7245818246486550789604934025830741,34521.0982229155115842058952448987913355,0.3022115005495827333719579248635852796496,20448.038873350988072984692666530746728,14918.6414337222830714391509412424232679,0.2491950883244720819583001213352952192249,7286.598252724804161333339604973778009773,23870.0842774147995277514345220964813854,0.3209870551991806963139842967621572450072,15017.4965967447334617034927422008486099,54440.4584961854593886050976175826898341,0.2231315316289825222719632827215493401861,23808.8704582023155793056599218647807979,3947.715864655481968777195008605546227817,0.2040676444134158699784348838364528305355,1578.978111534882312707435882107151583739,18783.5263556374329371852276692586833825,0.4836401301657020868191098218090551034498,17805.5555779583122745725368643557300928,22731.2422202929149059624226778642296102,0.4021204049632044926357678416274773851864,17915.7648008041219973983782897647925125
1991,17783.9105681617698184541714562542765312,0.1396078052832084009570877238182968238854,4866.234538596884070323463910535258628629,38580.9503329256853599891776969026387306,0.1803149617839803496029642613957544773612,13635.1762663474322471485415654181419746,34693.2923627933619330162641660154463679,0.1904311123347243044734147775652283457393,12949.0972201930495704971312078123332838,16466.0412266040399087397501857192813919,0.1736787085211489172043168762068903542043,5605.209518397465492240721834806126419165,22114.9091063216454512494275111833573386,0.2016438564072480331499903851319176610201,8740.297690337149051714388729393246975819,56364.8609010874551784433491531569152618,0.1465932687575395090971248473734562497476,16194.9100370067099768681391356396753241,3444.565897832270421470752554461628720865,0.2469914581890597157164319987288876242775,1667.525573710444314109641301918173274445,17290.2847336448451073576158176574756584,0.2170450862399608534090004598326307175163,7355.431828609751001100158703396959781752,20734.8506314771155288283683721191043793,0.1935995049710878631073731287110786987608,7867.943363090699564794954581611402470232
1992,11294.8340213757742241215638009788368336,0.1464058506198545262523500669063512943991,3241.114373718801076774452561468363748591,26669.959758587173925561770423146728846,0.2212943979369183978125158284600927678493,11567.7488680456447773609193467965890235,23776.1534558122771794761992037724425493,0.2424928684931888961027034149354097706244,11300.4734003389638690332296759086747606,10113.2707565307193818669208555652493822,0.1355915199492130136123621343683078845097,2687.696556930418141931374004500344289765,16556.6890020564545436948495675814794639,0.308130956568126764869677142941123670561,9999.191702817093349853431860356173567153,37964.7937799629481496833342241255656796,0.1713844020796744008640934382629176897118,12752.8840248318996323102719101238447173,1669.211822026057222815817056729010356175,0.1946590879004173167686022782335910353406,636.857411544844597456020720498966811138,15485.9637761920049865796424520683306845,0.2325984368019716433644024396877262101345,7059.941494759867699943593241511699338247,17155.1755982180622093954595087973410407,0.2119650607933371043454207525975068061502,7127.143763649462974534528483033310838043
1993,7155.19137118714045608649487785596603416,0.1206332087337302376418829707386483234464,1691.781240651999421968432547285054768752,12864.2659773550852213225440775673475178,0.1962333689857539884899494912601461071118,4947.820574439795138117744247068433726467,11057.2728073011898149645400594869355198,0.215309146130215983331532054483391770904,4666.234654670995775006829139403881784462,6448.187537240302077030672564135882278672,0.1560841130049524636916782116402821458391,1972.660879189893207113381296655202258129,6416.078440114783144291871513431465239102,0.2544860933316026588972882617946155110743,3200.293363998511236562693983044090997049,20019.4573485422256774090389554233135519,0.1492589399732956617355896716605422447916,5856.642646060672906333078880537619219515,926.303607604315383231258599774235354887,0.2082618447192615317095611782225100860426,378.110848255972123577646364830849937621,6554.111704549010207103005120565437139088,0.1971228580039554445762117599371109070565,2532.251852520638760630362903373973005956,7480.415312153325590334263720339672493973,0.1829082371145174276808916050387568688943,2681.72997215559845881725108096950374884
1994,5110.754475108713319898209548685371802125,0.1263579725321844890802834659633810592832,1265.737764225670477413166694878056535502,11602.3144757560194741682967018627102414,0.1741053637383327413387825030745111224699,3959.249356735729240579654072450218394624,10117.9329545772285744097098788906060065,0.1875333374872495413175122236010673766311,3719.00148147042676834100706030042915014,5865.032314646079843258210371428081509698,0.1566500599478961042343176628609720763595,1800.765020823886257499962135824393752227,5737.282161109939630910086330434628731704,0.2091516430391185566184055785578697366172,2351.925501527330798001979036919850688115,16713.0689508647327940665062505480820436,0.1416487790072608653420332924474686490221,4640.076188294137405588446006324012836017,1152.568819436081893344782138669998357798,0.3420322150289986120198457922706533655617,772.662705918758832369292135847447037584,4686.153713736104555461557097683702570836,0.2786312980604760052239025091401307318654,2559.189820651653752518807633625301158258,5838.722533172186448806339236353700928643,0.2381890216581845992291710892032644238981,2725.810431503365515746752811107265506982
1995,3611.676027970215716530440750880731490327,0.1303076198262485928325912804439051984575,922.432657305104159677505835420788375068,12668.7625782691096563351756842783630991,0.3018955162014555665674849732467133429955,7496.299531672462539369129593730415465329,11434.3021127261684925904228852532397102,0.3187960261012387142313820627862312163119,7144.611746565077147912827606230648566404,6410.809696965800858164663455651629382982,0.285960817680474887744694054627671336266,3593.151150558985372976716752391796022059,6257.952881303308798170512228626733716168,0.3273956835067224403351116202073662111309,4015.70045141723334452007550033413971627,16280.4386062393253728656164351590945894,0.2463685696091136006666972902840105815461,7861.537209175220341294957762839575135801,823.580401856861878145199500615883668693,0.1877158170081737126856431158164361869825,303.014173292702474017350709674410653689,6836.350181626715270474550861767475313206,0.3106925685379160444383791358127093989664,4163.046266814335944454188857918305864879,7659.930583483577148619750362383358981881,0.2785806466190152529589227472813990195248,4182.460493407106411662958448252349382177
1996,2974.052565520185340564917622792932367792,0.1439993315522987600856113812469510185964,839.39269961515956479102692604932352468,8478.702955791370929449152153881371708602,0.4040865444010240996521974479410716041481,6715.2143656806288026169575920868712875,7239.050984297652604014806634720366256678,0.4366024755384245736569175255583210808713,6194.751657374719438868256071896184110227,4467.521964121514809112814841608170848939,0.3507408339266820475460920443122567747684,3071.207063392227292337084391095157517421,4011.180991669856120336337312273200859675,0.4701625912132875919282377828682877861389,3696.378207783208845086804160732968395388,11452.7555213115562700140697766743040764,0.3211347229259932416890775389486644448419,7208.639843308030782835784992348351992642,430.084669335740674991520229151160732713,0.2115462656926231562231085607833949861208,178.326299230060240966194316793154494942,4153.827466488922032137876703624760555445,0.4477570123050709371268063319864526315274,3645.414537010610920228698955506087681714,4583.912135824662707129396932775921288157,0.4065723612959627101146153551962474359243,3652.836282829487600723897144647950345072
1997,1993.760395759229506611305862681161780792,0.128201410609354064041282127205165887141,500.981674500658596557565927580373229097,3762.770544869257363920232609094614326437,0.1720286564803753887754789690331863814469,1268.716548496465270659670056706878538093,3038.955068696326046916179225007931419459,0.1890307248943716725416994496757831803227,1125.933523931899489660957938659354515674,2557.056822447757813667162885845164301716,0.16408686211106817831496206613288912627,822.375683260896708127576928657724325309,1205.713722421499550253069723249450024726,0.2320996245404840492432198610429272702413,548.497576463585322102692775490320532515,5756.530940628486870531538471775776107231,0.1387533678688163964601973973412870626637,1565.526588296366310006032412577377042013,446.173818233382802832399640296849604424,0.2268238514267999545125417200206607345961,198.357613160693864067734326174981052966,1476.414988328264918100865662565912795998,0.3134605009048070548363725615420277650687,907.083652298095854025225058285131923418,1922.588806561647720933265302862762400436,0.2564621905794985253020711202868184705737,966.419820352270888460243676088316458982
1998,3018.097447425788323523073082934282383321,0.1730750252849597805455871665120245489777,1023.820292370354136603342270863119454705,3686.77011524680203288056394498450306759,0.1732957019207806893145138565548320795662,1252.246773286814065740430394515065066476,2702.982161054280436716922774882439214597,0.1822543444353352309985884233772927186458,965.555273895373041992870162720857645377,2558.031843746808783413018806904585946589,0.1708993022477952295794321501265320959131,856.845080158982716658765659919224730033,1128.738271499993249467545138079917121003,0.2022505213036421527145874286873369316549,447.444291499441385429352973262749718521,6704.867562672590356403637027918785450924,0.1533390701993671904235408353843441012028,2015.111589425420162632786541603658039075,1433.184458455369679619928911028689302035,0.2519314584535282339840627946934090382868,707.685931669119002355329168137912488518,1083.374448677113293581838962590412238695,0.2410733022028601923962746107778700954859,511.898405494997773911124266817328005783,2516.558907132482973201767873619101540733,0.2091222495732756448611879021333058351334,1031.486181292689464830293732868850262019
1999,4339.828489566616191448436940612214218172,0.2524499345425061725963560409880349013525,2147.355259508919551878442227536046976599,2375.026615042986127779144441605793435472,0.2074191999602254987664328135487986811679,965.547195937858952442320900885037122956,1738.82764422854876765946134579559541125,0.1879732302783241007194878943596881670694,640.631976398462068492907321001590852582,1738.821466816158330174843168072730602539,0.2144204369481839895319535207301520145368,730.764163031621637921713522781738877114,636.205148226827797604301273533062832935,0.2389150497149508938518217695028535005536,297.918009850339720923106233243039070561,6714.855104609602319227581382218007653624,0.2286489123219438308035918105113220099851,3009.274859494138344197738249010111870403,1814.097301202030925236107908940140715643,0.1981755321003054536699745001688072571736,704.639007976983518939821439156905482603,1558.611287761896546996972797681637076008,0.2073030683842559135104421468623422444223,633.285608647900119280317134645801292145,3372.708588963927472233080706621777791659,0.1759122837358893655007553020184069812524,1162.869705710175200883563171968529436769
2000,4037.12003604509468151510825966270952497,0.1513105013328762481186888743984442690741,1197.282966926166103085688615067175573663,2886.844727475797716135213311077238325422,0.1542738551546434734909358202450180974261,872.914744067472960750283793429541384992,2084.314992754345531527069766112482467194,0.1636043250814334239189659309984599208509,668.36577738750749586023204212536773742,2234.076433889120221644794464178215679392,0.1562516333456744189950339269265143089289,684.193059955939111727262472898233073943,652.76829358667749449041884689902264604,0.2365012805502587385453018501629711971348,302.585853178278693323680773359983694653,6923.964763520892397650321570739947850388,0.1373182617178971293681301004659502463938,1863.542138824412833230742341107330327991,1776.139645184782074347579601841626814439,0.1757462942672851721193528075567296001733,611.813923055174923649462957980225220886,1243.025224263515707361858777668747230415,0.2559460728218679947472676761513224502384,623.568952154786429922783275014070071011,3019.16486944829778170943837951037404485,0.1676889374441341465829745753617207824286,992.30987589582836655366144379296081894
2001,7999.048360585186639466632854838244040451,0.1656213061267545063124084114633599685427,2596.633161012338204338649340714718123957,5110.485838772188118573018534843514599698,0.2162155308381620301650847285561918072521,2165.734160603235242581474984812048566352,4113.358557850772787267760502350300424787,0.2417639504384202418714051424588363304369,1949.145156450744547140662527072361157524,3214.881589962355174396178052393750911008,0.1803328589319601929480610909102490812275,1136.307624961449084277016835353182650281,1895.604248809832944176840482449763688701,0.3235157410360833802018531403483051604914,1201.985313999128112413525783956893032155,13109.5341993573747580396513896817586401,0.1691689528661545812565975231994187515171,4346.743299213925361756415505053557908315,3796.641381311041615773161434958268350193,0.174638502957013700493300817029366147964,1299.5579435097454863610126727676013072,3281.474117097112402200310639697009600178,0.3041595435094535179166838857370623811505,1956.259672208915666449871859476258918294,7078.115498408154017973472074655277950382,0.1884203932216249822277514310603892481437,2613.976158737159252983068746732063273332
2002,8575.069135848620531673237527216329453258,0.1693118816447436482515640907847118571176,2845.647737623619830973315439213490691679,4497.566351325171209479573663405203989795,0.1872759031104123774614433745455009626926,1650.880168477110409909569900257726265659,3160.43406812310972620841643462160797344,0.2161729356253309775355995621504158316951,1339.072608298700596351601106995610621463,3209.839195803886987490517380347052627815,0.1738602900782148586552947863824233821265,1093.804604426299879805573508187749083228,1287.727155521284221989056283058151361996,0.2500229185513879831031055862001218757254,631.044151373764799863725651852099337207,13072.635487173791741152811190621533443,0.1648606321134756325499543151715625182938,4224.119381616868571318323777126230152159,3785.903386978236498091824591726465427403,0.2012454094748683178358132160159410635077,1493.31552759566306000014065572638489631,2780.942628848547462133147464457177503978,0.2548774738671929551682476387081501988715,1389.247279132596725333830455533250583249,6566.846015826783960224972056183642931401,0.1971737734597755922406897011253492509583,2537.827224992926038988281164031098854154
2003,12316.6952828730448609940637851431012201,0.1649452870281312910832752461778808134027,3981.898443796189214320209629146955398808,8587.569762854640606693317071147346566794,0.2425682581602297268349503611296521171648,4082.820804842010183461481575134746847238,6832.634631048226735636587794286654779505,0.2641017087869818796719604912397854642607,3536.840543890814466361627964149685561256,5729.065744083049792280909410457760272135,0.216577934149716793469558828639239889004,2431.946877984377322375000302680829712213,2858.504018771590814412407660689586294667,0.3121170869878792155617546173865559137901,1748.688377064984467353020632980658951541,20904.2650457276854676873808562904477869,0.1677217468664015892122811676934687853745,6871.955706838303180060618077380345255919,4041.197011681440608447523750775263311628,0.2784476884508521022838689972085520345085,2205.513454295289064847129993180250288069,6357.541693198501653279216606732998869375,0.2473046549895761002172997651133003972815,3081.609323835869803997537204215820237656,10398.738704879942261726740357508262181,0.2087941054233266913518517984735955719834,4255.542877016007441230026787915894465923
2004,12925.6272214724052966613801058627143133,0.1232921716405102835347409262434123593785,3123.512153904014531329595483259022948747,13621.3174579457886504991888670262167071,0.2576153570872871877319148963897164654324,6877.758699418886514947136403267152804496,9939.367512896684413155298682813404826254,0.2552400727565123717748281267404032988167,4972.372778805111692624435734942840375917,10681.3375842724154731050442050367627355,0.2915965261097179584648090794796065520478,6104.696230206846160291529415522516717816,2939.979873673373177394144661989453971562,0.2208758542686843366299161964469029969031,1272.766309615476120974486167458407275117,26546.9446794181939471605689728889310203,0.1701221907840430142528286376618965419722,8851.799799471418507348072055671948061644,3906.442985958393930615615866697278242527,0.1538692203030532942985443339593474590076,1178.119419359188907183757065278469809306,3911.37075215219116031165522753872138548,0.2104114210218135285321913244780020637631,1613.074273082864209701454699373902258744,7817.813738110585090927271094235999628014,0.1381172687102875399972204756003188839565,2116.359158355450478365318468843251272471
2005,18703.7057009004643853051284374064469228,0.1232550247608810391950172548129825808334,4518.438390198048436244851830314490092869,27757.7504167844211439397296142691383188,0.1940916397420301734664196347808522080157,10559.5926961296711419433802308577592328,24002.4849170364389280938846888964487815,0.2047471142172593344060156568445746754556,9632.301460780748233039276409050777162301,13771.9289337059019521795423484110361199,0.1718429095045163205576496140355752708084,4638.552341416608378910253917399479124995,13985.8214830785191917601872658581021989,0.2531747012787692193046400517567991339555,6940.078105188530496454277573296347984061,46461.4561176848855292448580516755852416,0.1434903081977274654367176882911661578363,13066.8665689779170831629949088767318878,8851.109693930790620653701377119957297375,0.2211697152881893730989722488409674172382,3836.890925542763652628853748248048711251,8803.5886880938146092317936248038031725,0.2202719162538605813254764610794268587075,3800.799366464980744714959323312972345938,17654.6983820246052298854950019237604699,0.1635334994608605442396541563713030365502,5658.783832343413552044804178696556281948
2006,33351.4428765257339229467640335038868592,0.1499155506272799117117157365093007022517,9799.80384917531016118492509759760494283,41124.5599228013968092114691239285104572,0.2596234565936970511127276715484547445275,20926.7247801825507195929858702410017084,34789.7467380716646639275242552516770306,0.2937570183073322047891524791066333906078,20030.6752481086109480366595009886572113,20713.8377685895422055794140432593145238,0.1624021741029990404845007067944655406346,6593.38568376608172622368418915454099143,20410.7221542118546036320550806691959334,0.4248591488450446070882270945383187261231,16996.4968018322419295201659605121814132,74476.0027993271307321582331574323973164,0.1684940406370232513596124879677484086377,24595.5747786196506607223586833956978387,11042.0228906089618323922681967701729055,0.2514347368303637844738243977093132462672,5441.64231436722954197839205279280040964,10964.6875983225863876799508909177591463,0.210983819243777213564492479780621487091,4534.208465965597390294541416645738708917,22006.7104889315482200722190876879320518,0.1744605763858131907737169017934685985588,7525.034656659248689658809413557201580981
2007,35093.4746661785020102386012452755767781,0.2071514478876994235625998575231998248457,14248.5416134779847320298378093923023811,41096.9162805595946155155608868566631497,0.3112480144227499918293636215203713814146,25071.0138387954368429041258079122673203,32317.0531567197130885732305888652287959,0.3626444848914094484133859249161261091926,22970.4181466447593082461036018245673163,24400.2793844984818854728695201834368688,0.242324916809165696489206475933760308977,11589.0795170592309599188032392163198517,16696.6368960611127300426913666732262809,0.4549533684235205945056394738122976072814,14888.5347465265799594573814931073497412,76190.3909467380966257541621321322399276,0.2188954089387708016292535807338953954072,32688.3444956424703784847193796749173021,5038.793784692124647624663164386839910659,0.2544020875212007792130973654113693267997,2512.484128532475683003182398193643374688,7522.855353990716437351536818177799377215,0.1574591649923663147639859501807987446617,2321.703343899551815532290451967096425235,12561.6491386828410849761999825646392878,0.1446953598308616959737833713193057658361,3562.520190693865267627473594745207358622
2008,15592.7781376010595659248223398773990978,0.1215867287821632506722547453692680356197,3715.914777298811488659572564921396477361,32260.9960615320027039652820944616694609,0.2690618060412436497652935139745522201329,17013.1956554102880340555581864005112557,26581.5919113041290556962914665565732375,0.2972996229792854549404888053370138532067,15489.286616703085189475147318626972764,19022.564150869717686098395386764575822,0.1935686863785893483378833207230846211946,7217.058598303142463553453152528118973954,13238.431910662285017866886707697093639,0.386987691940501753236512916278304669172,10041.2960116366213885794264887723892202,47853.7741991330622698901044343390685588,0.213395070114652656175583134121213529776,20015.0486209305219214153136615583852298,2282.378212332610451561743535372224966843,0.221341356935200875215894460050058659318,990.161993491794523346565276761162874724,7292.168388305562857386303169806121386389,0.226126693424878467679596782858329899312,3231.949694068125781325345308493330577571,9574.546600638173308948046705178346353224,0.1966425605511513177901495548030330729032,3690.216184944991538385075977294213069078
2009,9730.281703228735053197454667416372887,0.1609933397697220446917390402960191003234,3070.360674673906391393022253179240507154,23299.677218229326631002402240733012747,0.1962916609460650744594778475898136520514,8964.123387719918188958089308011374289752,20031.5985631224838574703979785378090284,0.2019520383628057635817738027347289918493,7929.027436516551875347109608020651952441,12345.730733436511393636681474903946131,0.199446326457739961396493232252429480419,4826.128858751850447663301218506342987891,10953.9464847928152373657207658290666159,0.2071422615114454003655088486633962971783,4447.289484777249564227997244712091936372,33029.9589214580616841998569081493856338,0.1645532038183166848254243287405839190604,10652.9637025260992910749733958689192713,2067.169743640719837907493908511366733666,0.3293703854085581879336184840451899303276,1334.494410528994465831496682539636111676,4532.452845459230542247366885603987212393,0.1792032145325895933275881554479959625243,1591.971034462406208279492886097214249076,6599.622589099950380154860794115353946072,0.1730222510443505820945467407688942506812,2238.087850562068421099460321456308370466
2010,8261.058343356581678770427626607425644878,0.1174714799944009136024361768217967474064,1902.059949831815218766704381301451282165,26550.3062060514354320056139261573828269,0.2664443578058217637569969249453391329146,13865.3914017738256437986658057342292848,23588.2124130506055964616576326793807928,0.2877915792737438317602205662723948769882,13305.4382490888688179954409224724603679,11992.3055944556273844025276956986080564,0.1928801721087343476745467654601671690058,4533.632815396712797108903342000723490547,14558.0006115958080476030862304587747706,0.3404824720315825422568572362298614423153,9715.218310703925266417882319924908855768,34811.3645494080171107760415527648084719,0.2126960898511498655752922253294555067364,14512.3125992023606923994107000137466697,3053.952588690395991268379865457194121722,0.1889270158908489065012860752866944297142,1130.869332536682811962227952555144477603,3418.02554107155992982977257976389920472,0.2398590400344107568286971685415647805683,1606.894877185262692327071213965026999316,6471.978129761955921098152445221093326406,0.1743273772565594141165703698878925607445,2211.356227125500081432822495633007704944
2011,12962.5336245686775396318578272428851729,0.1549655146508958793739093744137974878649,3937.141560849222616785336663945077201996,26761.4304493895374274481172578101240775,0.3213506797091118392293845251476581472094,16855.6155752029223021971806911620769515,23836.9326141951794529241803839617809876,0.3474521009071274579279529782791527768642,16233.0969393281323559038851140616366196,10808.5807554253340173259141783126779986,0.184933945163743247488887068452259511008,3917.792022214569801355783671768085176037,15952.8496939642034101222030794974460789,0.4234950450009753147708432278369931812436,13241.6674861167645789447451659376334577,39723.9640739582149670799750850530092504,0.2312564642261067249031149975620195798849,18005.3900145053947201821503261452835103,6106.670563822571448423098267715737635159,0.1920493650864751530814618248607712053827,2298.653120965808498676343867613304710481,3219.622034489263175842453892666358768706,0.1571875178142178751439166237993421440062,991.925415966605728778839177396572208899,9326.292598311834624265552160382096403868,0.1502663291788082330130792554527594438277,2746.798397047785417168732369953667374796
2012,19187.8930061888783534267100751245705543,0.1725911166509391653600319294812052068811,6490.853365029093581333787900257413469083,15434.3534120220904078207050359114583279,0.1434081757585620535465485376749843343905,4338.288434988810694336167085449221655679,12365.054611039494523301503660089131514,0.1535601014584762847407648374755090521768,3721.606919597216593639425452154523087684,8771.656551954914393816379607616046417278,0.1507164974047877465440268301668496110183,2591.185369818868485449928336258634139415,6662.696860067176014004325428295411910624,0.1898838998592860232272434103250485325928,2479.672172204759141735802720634088983554,34622.2464182109687612474151110360288823,0.1296601990525572681589354510968203556054,8798.689629974567360752248113452533103075,6097.664860970133510078592200526017241155,0.1940801817526947303109747264072808281022,2319.534372788842968358287067966654093623,3796.428910375321134080754643402351665422,0.1786561564596637705317056772426732754665,1329.380578904008268415081571012191745955,9894.093771345454644159346843928368906609,0.1556614175672785551616432081526679217042,3018.652177502780783897005850527830243335
2013,17946.8150477803182788603477760092783921,0.1638828810942495284071244379155964365568,5764.704482731905335827558263764089592747,20476.3676247745354569077541045514636051,0.226496284772677747696711486374417932278,9090.129537595905582827536861427361352395,16034.2457702474156503189971707252921304,0.2298680287844378858771234104262134138002,7224.090517773889348113222629526239214656,12183.373477919104230548114547484719761,0.2017878172108468613923945395240059055054,4818.574427132686816365973668819142759423,8292.994146855431226359639557066743844182,0.2803376212354614540866683957918634135198,4556.682974016151095696064066152183409159,38423.1826725548537357681018805607419972,0.1747620094825506385487062340444262530246,13161.2287245587812011466798037388153238,4149.002468421924349235728655229863650023,0.1851200874178237558489800548680557344655,1505.404851316025037936521375898318093022,6766.123126067121421874729568242122302158,0.1800337350753729173521092474368326575909,2387.535619996815452129586116554596905956,10915.1255944890457711104582234719859522,0.1611587292337921934032101474084497825015,3447.772829660786542808113042640876833265
2014,17026.0781039960446269752676336147240321,0.217239334008721814140894990243487544126,7249.518381461460253852809649374840841663,33652.5688271663661738103207472214401937,0.1239392651024103588573517581270477115601,8174.914312524674888474910269904632821051,25199.2276717728850688134759905148948875,0.1237328927760914338051343142494167883415,6111.227737681509519779644802908771600994,21714.5220725001811380228261748197770208,0.1400804903496060041939889631415674038682,5961.890563261409659557840346879688348946,11938.046754666185035787494572401663173,0.1404930651523285193649809988819188921919,3287.337049769926332614947219042472536175,50678.6469311624108007855883808361642256,0.1360502123674309737715598880278718696549,13513.8877278582519749512957242980505518,2047.079622556554779251103738606924842427,0.2480101656049159878577241040180906093335,995.085250145532126882207488835950552785,6817.732704428905145165594371121189322033,0.271547399880276800690929089403588529506,3628.62167437413793499173267250106462366,8864.812326985459924416698109728114164485,0.2190380451602297722377434925185902353836,3805.793079117797380892472808769527509713
2015,8039.969262549519148122746624511072183359,0.1427458963003554059147727410192444347888,2249.438332475479629664058319950761390522,31721.9489303269370111017275629960181379,0.1498208652011417556687736281495116238937,9315.115275831709276294425832005127711105,27579.818815164646374752385326745268942,0.1565504908384780778186568171187101931087,8462.562978590623843245763245575515826741,17171.6595920398199263246576421827724876,0.1427262128705823415764980250069871683918,4803.658046858318836572433541892138994333,14550.2893382871170847770699208132456504,0.1760626207058058384410796268642143451108,5021.053662936087611838800657933422297396,39761.9181928764561592244741875070903212,0.132867156069512127347103317711226391109,10354.783860705935832037416120496453513,1053.277528090313021081213345283755426657,0.2043547211403083477000221774629496042278,421.874781651048451328802614331827635689,6634.429993777683786522849132804803028566,0.3581697555590675474534170766013966873958,4657.454251524394102051718334079240591086,7687.707521867996807604062478088558455208,0.3138668290184199434729084549848975857406,4729.316109327136367044788764805187252464
2016,8242.069949011351937349021062778896919753,0.1612195731727235656755060122516799004871,2604.414678509109617599324980957574530816,36922.9951381782354674558627510980879889,0.126785623224431501543339322626874685062,9175.357701816900541876859616527294515348,32900.0045460083189570363948169720905558,0.1277669576901142949967225781262366434447,8238.925638115449190867567508853226605171,17619.1701907910218558278246021242661769,0.142262832692186498651029711648175566742,4912.843999614219113253021395057798994621,19303.8249473872136116280381489738218121,0.1455953284347655410303044481046438070166,5508.671597193641531752432541876112914778,45165.0650871895874048048838138769849086,0.1212475694210227460545303639360932516421,10733.2625545454992776241053386819808576,1069.391403543136277868834975116050852667,0.2232143032498432241930422631120976062525,467.858775804776058132730653565731325311,6193.048561993412273464632866995599443067,0.3104989077359919622760391312283293207512,3768.952235547624022818035467244561154786,7262.439965536548551333467842111650295728,0.2731951213095182773813377762756409796604,3888.763808080188193479465064671707415963
2017,5504.550464887724957211094499454060148737,0.1292705370124164129555099101612404611972,1394.689341431645938401601700381085849404,26159.0969986352039757284634534751444189,0.1656534724423309744282169320217856126302,8493.356697408172144529309677292286693472,23014.2210294156961380846185428893214527,0.1773416962786200415437190721600494077834,7999.506751939830576462993192590000337199,12517.8591881093551684349046095819185941,0.1323772311032048296827324267429687948639,3247.875895776987052272640801475746277781,13641.2378105258488072935588438932258249,0.2303689634740799633003096014644363887574,6159.334917231964878231152418189684438317,31663.6474635229289329395579529292045676,0.1464477137217106251459419257359433191936,9088.654807081422354357144913896361380538,1259.378822567592971007114575688500842903,0.1999747760642452573188581647103813765833,493.614236125094240878031809544328203705,5124.524239962153546176477710274844409442,0.3120575315754608914667302288922648403138,3134.326914249560734807061756696327556782,6383.90306252974651718359228596334525231,0.270722712189301258832584579893460594766,3387.404400825613309860876480835142824218
2018,8746.235412877882605477496587203193101967,0.1304944588463628079398202014989408403599,2237.017104006931992521445047375987277532,25739.6865021480051799727643223207045481,0.1506052175567478363073807386585617494123,7598.000927577032664954309928363733829469,23254.6806687966864573627255348601392871,0.1588836890564755251927715454581497112477,7241.787326877901076993926892878536769995,11762.7728717422251227242531381518236353,0.1279746110405233805470078778195635788946,2950.459114717693688500401087032538702979,13976.9136304057800572485111841688809127,0.183043174854703708340279543406471157882,5014.422145335735329341205934072427128157,34485.92191502588778545026090952389765,0.1255451361033092691966201723636081364084,8485.897930521240995669923669871240795363,3957.010753723760341767145539386055252697,0.2036490181913075497407322876226246832872,1579.449055737847750183255054495743387001,4312.253070682320015305701441303732032184,0.2278412722866278920398235615679363529029,1925.718083050508307268870691162305235591,8269.263824406080357072846980689787284846,0.1777236347974196292694196470598460114622,2880.501502985629180450090751549882296668
2019,7569.282574509577065594963905468120212321,0.1167476040009482034512931244087330235259,1732.043384977038761952150484729830081203,10542.1518600758025012083653250778107868,0.136945833286675304158881422557985667815,2829.65939138099942298971019786264158952,9432.773614594956116292169878938117328011,0.1437382661916737252358831734824937238562,2657.467028491274439335462334389685853487,5090.500617499950389677369175160236472593,0.1345817709373291134396530182532533883142,1342.773632598993029075601427091773561132,5451.651242575852111530996149917574314241,0.1596426748152494306535759838762014970649,1705.819725588387011068548781143316257188,18111.4344345853795668033292305459309991,0.1021417230337963468329428507467048916866,3625.868914733876287537049173034411833413,3372.238942421534213554228485371312984177,0.1848886091724059524839985272472957126729,1222.037593008231533753062778598740450536,4115.01381735805230980047546425276469694,0.2448629770228218679635032291172006290294,1974.924486264344960394126818133277092546,7487.252759779586523354703949624077681131,0.1753237136439528642516177203996272385693,2572.878199317564380593796183395541109482
2021,10719.9820602420032531741963936015559004,0.1585636150155900216301941657167757770657,3331.606252413519343204673021217324361254,7723.598724809538679679109868250234537639,0.138906053137030624782791874483411665894,2102.79504515989167701147301073052682898,5539.298830929077888859865845076343898819,0.1489711489335963293116074788680265367154,1617.383593814862122592659237893578345624,5582.288751727793836032982902543063479873,0.1387011820790729038582060262068072093491,1517.569295199860365005043153827694992908,2141.309973081744843646126965707171057751,0.1934494275175903104358593242996755350174,811.900969323525705425846288895831307272,18443.580785051541932853306261851790438,0.1358008379879770036413902062521155891278,4909.121303173542319588228204488518393395,2268.194850757798365590505644896174591344,0.1490570690529734480589695140290049982833,662.657333930207752549017069443400201184,5589.600135927588740830505103022185234944,0.2002287806332068245662195317984206795025,2193.629686110216900584337681812248908928,7857.79498668538710642101074791835982631,0.1579060580082752780198832629627637401057,2431.955124729967708541388161842826157154
