"SURVEY_YEAR","BIOMASS_MALE_LE104","CV_BIOMASS_MALE_LE104","CI_BIOMASS_MALE_LE104","BIOMASS_MALE_GE105","CV_BIOMASS_MALE_GE105","CI_BIOMASS_MALE_GE105","BIOMASS_MALE_GE120","CV_BIOMASS_MALE_GE120","CI_BIOMASS_MALE_GE120","BIOMASS_MALE_LE89","CV_BIOMASS_MALE_LE89","CI_BIOMASS_MALE_LE89","BIOMASS_MALE_90TO104","CV_BIOMASS_MALE_90TO104","CI_BIOMASS_MALE_90TO104","BIOMASS_MALE_105TO119","CV_BIOMASS_MALE_105TO119","CI_BIOMASS_MALE_105TO119","BIOMASS_MALE_GE90","CV_BIOMASS_MALE_GE90","CI_BIOMASS_MALE_GE90","BIOMASS_MALE_RECRUIT","CV_BIOMASS_MALE_RECRUIT","CI_BIOMASS_MALE_RECRUIT","BIOMASS_MALE_POSTRECRUIT","CV_BIOMASS_MALE_POSTRECRUIT","CI_BIOMASS_MALE_POSTRECRUIT","BIOMASS_MALE_TOTAL","CV_BIOMASS_MALE_TOTAL","CI_BIOMASS_MALE_TOTAL","BIOMASS_FEMALE_IMMATURE","CV_BIOMASS_FEMALE_IMMATURE","CI_BIOMASS_FEMALE_IMMATURE","BIOMASS_FEMALE_MATURE","CV_BIOMASS_FEMALE_MATURE","CI_BIOMASS_FEMALE_MATURE","BIOMASS_FEMALE_TOTAL","CV_BIOMASS_FEMALE_TOTAL","CI_BIOMASS_FEMALE_TOTAL"
1976,99.32242366274537284804452991622657051776,0.4820211857353730695354923413153726796257,93.83600435109409705067550717488493782861,590.774431354580904922139827391736883824,0.4079190717657822335441761265520296513458,472.336789015792216671613050081669192348,476.798043445022033793061999542021927089,0.4891151863593869204988429428094454513794,457.089961195789906198088733077287984182,23.95436573539270450068637847278387990965,0.6879103620197760729954336359097324269982,32.29777455377670510711452717946884883083,75.36805792735266834735815144344269060799,0.5309863592106634343154048014445881997411,78.43804493206181263889920078205007579254,113.976387909558871129077827849714956735,0.5460195580942336018939759850260390962718,121.977340440726397330823138422124542381,666.14248928193357326949797883517957443,0.3642748435693738761376761393396425316239,475.611544113055745990395338001227585382,345.494250554995879778818708833594545955,0.40870414759986279363047969820453467795,276.761669020516707351222561323595224361,131.303792890026154014243290708427381132,1,257.355434064451261867916849788517667019,690.09685501732627777018435730796345434,0.3508661245860175168940027375182577248694,474.577953853499015863644771704922513788,0,0,0,0,0,0,0,0,0
1978,2613.785340240600913127338499341996945301,0.4678888971418867036629629717337302373195,2397.003834813179489264530107172508953898,4976.72476510711583900926501184091140524,0.3953060894263714717185458490676901248042,3855.966025889907338018100660268034575735,2747.162064495370960929701619241772805231,0.3305658096357543372734820295284683787331,1779.910990019063645255841360357186562922,1019.713979249573511795851624117559060709,0.5646660558739537544556898912068439384551,1128.563826733487136109776426399974068613,1594.071360991027401331486875224437884593,0.422559621927469408227885770109397642952,1320.236775586519284118888626737771148882,2229.562700611744878079563392599138600017,0.4964516827405465721663997931142779599602,2169.465502808746050529322924373946942113,6570.796126098143240340751887065349289831,0.3942655243261366696028326293742410650175,5077.651224596614887158300493527448736586,1652.161188513982957127978966406004907448,0.3697795003823219522875783757417771960548,1197.433264125937149884205054547832366666,1095.000875981388003801722652835767897782,0.307461411985325477147429673265572284277,659.874210290635418941508596405579613434,7590.510105347716752136603511182908350537,0.4087302028487156577795134621966303690471,6080.842640764636717552346293693969140883,310.782704978614888039277169003752591986,0.5245505557735090349817181526267070505339,319.521631617800788423792948349728217083,69.32013829388364466338785351968151681039,0.7664904363086099319481827521025120169346,104.141117169870026021933624657780668905,380.102843272498532702665022523434108797,0.4617863695436825183586055251580686700025,344.031571614155354238889567842147068118
1979,2796.84796591221864590422369224193594167,0.53492278836385599714584380904480507438,2932.351516608864018996575321610668071954,5509.195366658230328412616616825689058437,0.4591155848809252380367516876393778448201,4957.540607853690499384080977355829226119,2956.059294583164086140500865579510125745,0.4963003178720245078608896790623046173413,2875.502608398346665946834982241187401472,632.694817025413712963545308630496437257,0.6244140494381039533609439674917001927264,774.324524204384073522147726585085293481,2164.153148886804932940678383611439504415,0.5142154092484365491628684592193459202006,2181.16815837699722559081553939948440109,2553.136072075066242272115751246178932685,0.4750258773245249897237738804768507811108,2377.0991770300460178790485366361077319,7673.348515545035261353295000437128562836,0.4632685414352251591811722944182715691552,6967.449110452569323524733729816637832066,2434.915402244567902274067829671336524625,0.5241357131966920896740652450226659105744,2501.403197020971313105472757872891906757,521.14389233859618386643303590817360112,0.5805010177778654743449895411669212396168,592.948137426095930841369715694972874473,8306.0433325704489743168403090676250001,0.4680220424769187388038639434739804218016,7619.326276206372122935176861682405793227,0,0,0,1330.386989657226397866757502674815851651,0.8204751518040848330371800595463232884192,2139.436955902496844269191588598810523163,1330.386989657226397866757502674815851651,0.8204751518040848330371800595463232884192,2139.436955902496844269191588598810523163
1980,2544.44426238975532471824047466131439728,0.6801730167918819878890676063430307978841,3392.098166816532261488001647015713785613,7672.921812086298368726652906622083786675,0.4677202886422297293787993672056950241418,7034.011161169397151479435865767332507327,4713.907799568780164777181570782556915195,0.3766289940926984973803349087373043747527,3479.772931482738335070235942952881500875,471.187352687273386254309099102831083879,0.6403608270793923469684780176745356550444,591.390648837296586465668620003097267792,2073.256909702481938463931375558483313389,0.6927938558698978252554859200040659281429,2815.225711416114442638300433741382933659,2959.01401251751820394947133583952687148,0.6407870739065561629056240648171109409779,3716.351944230012550997514498157182424875,9746.178721788780307190584282180567100069,0.5072992429448335474714653321497880941497,9690.689010850247749884194236122847668359,2252.065598150886665615176319600447296898,0.3775420211226351810466305678502179692322,1666.488819348218490591397361390461489149,2461.84220141789349916200525118210961829,0.4206425853006586252039948453198700856539,2029.689109685107457839775253087932346669,10217.366074476053693444893381283398184,0.5110194317413665303055195301552241417112,10233.6943063336488414087805968053713507,365.694747892785066696654311485725740809,0.7995308224537034485446076359810749492183,573.073076197447633738660302370154748354,793.600723432001175869849505199256000518,0.8517442087740461376061063044973825737148,1324.851847713716898013760505066034157669,1159.295471324786242566503816684981741327,0.8281544192693027976369465067802228101642,1881.748308920361608465828398269345388204
1981,505.761501630673662575062039166751061578,0.4139765160111610892088555678472610965886,410.371833380173323575621403070665553929,6059.806160509490897967742149861605386032,0.4024811801904739293866068371386641454891,4780.357553006434201512383604694286078751,4613.737249837600179888886620915918153199,0.4694602712899260191286128890936379024771,4245.294028299626042758546899392443199419,142.868515251503994356488704182824527031,0.4404801049541761867456509902368622005371,123.344247641554409331338858147617008078,362.892986379169668218573334983926534543,0.4183144223349759763926228030662098766817,297.534605134568663476795546929776458949,1446.068910671890718078855528945687232833,0.2833348987502105315524864603877846459046,803.054705246452892652978827794072409799,6422.699146888660566186315484845531920575,0.399576720444284511249465365067757717067,5030.067680567586893391400834871154294696,1608.489594544286111250351901317565299176,0.4376259194007159151737417816889475964922,1379.676805811498832097846871727931924234,3005.247655293314068638534719598352854015,0.4940660054384256762981605724816025168794,2910.189780631766540803219628354716674003,6565.567662140164560542804189028356447613,0.3976347423359196703812290028641275019663,5116.967699023335622489492950931050536254,86.94004531862604453026773339396368378835,0.6585239370933246518070302053827255828761,112.214117831215635795224553967125306437,65.44911580639483772111483665753077212556,0.576320053118103655222701520663805839934,73.93049028022580522748930752324191652408,152.389161125020882251382570051494455914,0.4737428460272991911986740332795480341855,141.498818794356908610182376551372192035
1982,1662.69277311001943851703654488325648763,0.6641706103021266436214619842220998996221,2164.450880768377309230013345921600819944,14496.2482293721978946174820542320122896,0.3165221290744943888643420514597571961888,8993.231372180384824825589979695545793932,11745.7207580981396931069316252020740604,0.2880483579209346532220271057448651207747,6631.337730857289518853310506632310783816,438.68845717549448879063295877701260947,0.5083353575069525103376059433555148184261,437.081673276457697775047663712196207024,1224.00431593452494972640358610624387816,0.7807279384165141356613581736847364741988,1873.004157737255521145111167113817139987,2750.52747127405820151055042902993822921,0.5200969057181035054735470469257317726633,2803.860020728463892980643718164150889939,15720.2525453067228443438856403382561678,0.3436117470092648063385596347624357765234,10587.2603434185821743180420399552731966,5078.616212830115089560787410135859929816,0.3054467766692953081201012709414732772473,3040.444026212789685898128227039571336503,6667.104545268024603546144215066214130578,0.2906358433678435653383814561313037264201,3797.89112257768877610252629612863522224,16158.9410024822173331345185991152687772,0.3416253278557586076368668152837957790458,10819.7948948387023961237097068569892769,388.073510770162144095674500927993951031,0.6873245356187294954286533492531820556874,522.795593329022161543493494328622686223,0,0,0,388.073510770162144095674500927993951031,0.6873245356187294954286533492531820556874,522.795593329022161543493494328622686223
1983,1097.502905446859596452476715608609104758,0.4860778382345924454321694821108430497711,1045.604805882155900902089959498617002038,8620.915036856641966434686301792596261335,0.2835843788191546284277710600646386683016,4791.723397736212668249777823976381141959,6772.137017231867799101926630218944257077,0.2675773599145072680998615351393166074978,3551.65826633841003032909302579902689675,338.482148596575068701222079678346848926,0.6015932180322348750611922255252287671966,399.111987440530269892827789566980618248,759.020756850284527751254635930262255829,0.524680865212866986542188749105324189677,780.557588140715548590658996259985405118,1848.778019624774167332759671573652004266,0.4388893290910492960102335309712464801702,1590.361531555935970356746501937582881757,9379.935793706926494185940937722858517172,0.2979062972659873780495816194316712705028,5476.910204156024570224278664137644060146,2263.913308000394402766985000569887718406,0.2676759233025341211614324615505324787703,1187.750366591963763126664014581419218821,4508.223709231473396334941629649056538665,0.3052527509794738191524707861360050267115,2697.249470976637680321190135374144781674,9718.417942303501562887163017401205366102,0.3023152904070559119810828856854513427473,5758.531631348266610174019153925077176786,67.08587519595586782003915466713665077066,0.6193856499961715783927721051000397637221,81.44197569106597231190252527324522318337,1754.157245161957497610923295038044364759,0.7023006145976867656672932179523158296535,2414.613594301326586679638768932556132923,1821.243120357913365430962449705181015528,0.6889388547215796084921891333229200949637,2459.261293037516131073763150038819556735
1984,507.545144888992470103419234844951705622,0.30943464083470180385381818826317852929,307.822017247599262933493566069006922157,3624.32714001932266833687548981082338119,0.1854496297203243824346071436297756168174,1317.375047159735075077545557607800544897,3057.582305655058893226362360600218205427,0.1976991881479698970759823835523404130562,1184.783817466262057090222844176986497084,191.221326378036677875747243628732730723,0.5437269776308307920582445004855250261355,203.785499946173543954616068283984005515,316.323818510955792227671991216218974899,0.2824268695116149654108061132424942488579,175.10315779545859268225047985546722486,566.744834364263775110513129210605175762,0.2823126484479295478246783355298823696826,313.598500959774582208937399323561932422,3940.650958530278460564547481027042356088,0.1795500233153521024137630435751628339653,1386.786184104281172546521822486196041073,1275.249628894528747373228192101631857936,0.2467784663298032189319870053013608400229,616.820129308235324736972288520671583176,1782.332676760530145853134168498586347495,0.2462680724746129283076491490533553308321,860.306000316092867479597849227940004546,4131.872284908315138440294724655775086807,0.1778521777436726521611299765324672364214,1440.330468698150286033695259661041191468,34.40277837176589563883505366053905169918,0.9945185130798786959137501296580936578017,67.05983198452624842250794679515355098248,240.755951848941133922561633192353742961,0.6789396256901592047735847268004316660966,320.379161428756249314661627783135581484,275.15873022070702956139668685289279466,0.7141226690755274020074015786615096586166,385.134290215502802619317117873760996977
1985,381.415850573352787419903690025163179308,0.3438474984857732542832107921673406354889,257.051816760842847171997339528747485358,2761.500531372044715612837419470267079113,0.2169080088748824293057719692315705486012,1174.023500263006438350264937662024577506,2354.288874427566281313751621835790385056,0.2088732369457975760490716211066648892895,963.82595829804168996934280201621187822,116.844088022243048398509379520231545016,0.6481760665855078669556832078041919668681,148.441661100935570608114899851977463047,264.57176255110973902139431050493163429,0.3093196051788645507258580565776017740649,160.40097694221970980923869445050349833,407.211656944478434299085797634476694055,0.3295856752758130420164908526602933404974,263.053812711088150350165682639854386655,3026.072293923154454634231729975198713406,0.2098177187193847495217968619336446164571,1244.450227366147916694027621876416510938,825.97159684927346286623543120032094519,0.2838182756934404370980700209325728648284,459.474635403455935392096219250987818836,1528.317277578292818447516190635469439875,0.2323511715780477670920471198895505719237,696.008367577045989708618675020114542484,3142.916381945397503032741109495430258424,0.2055109879204935759685579039748397808043,1265.971547185999842271643047737335333127,83.84670147108399653394895224719961924166,0.494176752303133478619801360801818174532,81.21277762364888108354164349363067065369,42.44094919891276772345451581979159083148,0.8459283527683889860153962866640484795172,70.36792440169578519658662656694615566273,126.287650669996764257403468066991210074,0.5777549474001223367948153173900449806923,143.008097341452849639503566669882134213
1986,238.320322278174263234132497778489244167,0.479365727553595906345746861886502141931,223.915485572181535210626703094930014497,1222.820519263744225023214107868486553406,0.3887577207050137631387686919181303616878,931.746599084577375844749259293249074848,703.503403440325524613872767195917434053,0.3101034295091058162224516218588072956779,427.59128343321911230618108723288196313,96.89566300566999367942418208322253566458,0.6305027963117166579461225621769278667109,119.742253492083266735169720994597501811,141.424659272504269554708315695266708502,0.4342073689598015331092169228782009001328,120.358953249150937744968890734970107713,519.317115823418700409341340672569119356,0.6650971342219731082794124461618407248963,676.976797953689473728311634728711845726,1364.245178536248494577922423563753261913,0.3858553825184796361156311362668530766152,1031.74663661766758662604437433415495311,290.543531510975752481537337541050553666,0.4949411664563473926065477122660528005217,281.851830609082172998356339306465887969,412.959871929349772132335429654866880387,0.4305706699217747149641526111777425375305,348.504481066563623908200088419933482631,1461.140841541918488257346605646975797574,0.3962753449823833721066938973340087528187,1134.867618457752464526168628464310369371,83.66198985762910117334210174184114793398,0.6153223394148943514719962053613084287651,100.89901898583094500444106287086917505,13.69827582389977603020161343774926809887,1,26.8486206148435610191951623379885654738,97.36026568152887720354371517959041603264,0.6622625770936548877054196860909025135667,126.376998495273590921573301671689985648
1987,465.723486336869330712578653169643621374,0.3901957832101606962211781170831710513888,356.177747400739352706335081898620940125,1956.357264541680236188473095823054098957,0.2845214905570410941331953729371288523636,1090.986342540209061356853218169488480789,1251.100833718328549433729175638948392904,0.2720183590444067495646193840795556680794,667.031895742811886419946259740559820236,221.712291092889335398838571529260641492,0.4714449765637113456183759911671885451236,204.869285921220962481739566440277854861,244.011195243979995313740081640382979879,0.3911437412061560669823277722863876670514,187.069165535675617558375745612483074357,705.256430823351686754743920184105706056,0.3368884794038682337196832255395351923105,465.681822476961539479171653114357887373,2200.368459785660231502213177463437078835,0.2898237523630818048734981444315402053072,1249.929325449051635079439242288487881802,774.963013743756686985589521610722884037,0.3285598582519372941170891445838154219942,499.058606374439947164486238817482553782,476.13781997457186244813965402822550887,0.2988856965682725938778643822142872688889,278.929136611773427323854925280268018133,2422.08075087854956690105174899269772033,0.2966072783686247607398627981668076317569,1408.077287833958400507191542384313958216,172.258405518432970709828208060411828912,0.5156620145453733145184135494887758115595,174.101148167537634848096472554052817461,38.04351017569508507992199277104164043228,0.7146972101862701394580222449446392124376,53.29159755299402384393528272933508252311,210.301915694128055789750200831453469344,0.4731056947498747790028922005429599271875,195.010266506132094304027274013645732186
1988,661.061316816090098333835516079271769361,0.4060380049825833352018977010805337251141,526.095395772282796441023040496512264709,2756.727165425354948146911228535028396531,0.2413218922954293987675683979558378449886,1303.906887561217304216171976046302296336,1837.07012895242795056440235138578102899,0.2211151192007570564640521384311833976597,796.159801865193836739620126001331793684,348.071145555539539562180418028014998864,0.4254361488261646659403505863737575978391,290.240813458013881190214419415039306462,312.990171260550558771655098051256770496,0.4661988276238482250865588906195140025944,285.99467576293404358058654721642627062,919.657036472926997582508877149247367546,0.334925761626653485899499682821388022214,603.712993416971991869038740741337378268,3069.71733668590550691856632658628516703,0.2509093523597726791827342026266921943819,1509.632746195836545301595316718871454159,833.536040881402380554271197261486777786,0.317963189627656166580007750128953553046,519.466205327387851364685588111905931474,1003.534088071025570010131154124294251209,0.2210526842580850348146769442045582424467,434.794451668675841284154419004398732262,3417.788482241445046480746744614300165893,0.253929842199399462818538826106908354207,1701.041840334330462426109013000412853514,528.017400047488994676406599156838485479,0.4140744834436101432205641888477003591523,428.531523060848028538605114439781257825,133.476426987473697031754585611155558893,0.6268798556212557215092509364114720808956,164.000419226347240249753737344516683473,661.493827034962691708161184767994044372,0.4281979817872967691477692604998915733253,555.170630534207339917735803151449991246
1989,2874.609500181576907888912152567515424922,0.4500241724193294766039611864536543376747,2535.541772241994729766728423862634028688,4696.180612685980421080841301800108163783,0.2492966645068756705675427781925554356318,2294.654638822362563584287687295982937494,3359.122093741421338631810574989889607572,0.257973396742723144813256850575660123456,1698.465707728164966383307427863997249211,1396.360524002734344841353891209050577897,0.4863633155000713143349329905157045929892,1331.111526811278103587919988866214942871,1478.248976178842563047558261358464847028,0.4283656586340629735704736265767221794519,1241.132948759719156955008301955436808292,1337.058518944559082449030726810218556209,0.2940906695254337188538874230095359875173,770.704212660936761427473458228483056106,6174.42958886482298412839956315857301081,0.2695190594511093726314870942133742094717,3261.687852658376173064960177426441082284,1426.067144682364857021301773277740852919,0.2863411052486134547789793641849504171684,800.349619039482105247490836043979847841,1933.054949059056481610508801712148754648,0.2631762876796470473744943600066477501835,997.119081733298165504590504749387414377,7570.790112867557328969753454367623588739,0.2919191754310210577984280100956702373782,4331.715261934863397809973196965236110925,1044.459773266766186620014620570577744271,0.4228642453317983015906104765916599556969,865.662799851669602054608270367572553313,513.275695804836649381647088710255189871,0.4675653888289740335554184868835826663195,470.380302559483262479216450765103233275,1557.735469071602836001661709280832934137,0.421752248346743272862403581709339442306,1287.677735364417837139365743288977640859
1990,1061.744697113073953911052822958320432879,0.5240360622299616744170424664884027584509,1090.529319930610118472757173194158352321,5771.496452178588587096280488485910401149,0.2645637816449299184574776925676549947471,2992.780697191781087448525482394047949917,4590.161953692470320598388263534220503897,0.2643593166786571261898651461092599884182,2378.366071944122047143651619435007536667,302.8200039317046096736500933619523427,0.4960954466641189066281545809811909066699,294.446145214285313913422488805270655968,758.924693181369344237402729596368090179,0.5439311860649077254181629207972126601303,809.09350465233329558181828650190141806,1181.334498486118266497892224951689897253,0.3892107536649146782286847976233169404024,901.18465735284635304440106782733886136,6530.421145359957931333683218082278491327,0.2745498469511847663868071412817772380534,3514.135206931300065294804078553984491922,1792.294727100320369816670470012541048224,0.3036867769660230010831450363515903780101,1066.820569730736343440372564561855462632,2797.867226592149950781717793521679455661,0.2680572750958880527480590953398698106778,1469.977783087147333110791939447630828239,6833.24114929166254100733331144423083403,0.27676629165315907216584251439437472969,3706.773193207999368603864093356938690423,293.037005575682574959104113424449287619,0.5342772082597161541824029289044562629329,306.863466781294623410703224487069736605,13.24733172367894021293916766230989204428,0.9999999999999999999999999999999999999992,25.96477017841072281736076861812738840677,306.284337299361515172043281086759179663,0.512326786987931923417854871844422117118,307.558634049287363586964667351991039084
1991,1564.963533825941525770776873509781559172,0.5086054598092347533280012311249410895958,1560.060035504206674366128035720339421731,5914.946071485580683562076902095355320159,0.2445578949414595580466463123615858983757,2835.231649472148372232383779980668644144,4000.396630280787486151226603634638528316,0.2360352188941062645865200843483051698472,1850.699608811478696401658427527943817302,736.217700018658585584703100092867418156,0.6649226241795694809791696062762074927768,959.474497925152950095590220391158902158,828.745833807282940186073773416914141015,0.3863454923572008242954003712540805551265,627.557145714457165126401764154948553147,1914.549441204793197410850298460716791847,0.2914535760363184225288966161588333318365,1093.684471029445396916649504775666644663,6743.691905292863623748150675512269461176,0.2478428344239180643106301456357463561258,3275.896403927254848997164230884601876076,2072.126010308878193126860174841682225265,0.2295501378882551979650684167879173621624,932.287350320956478046363891508875968912,1928.27061997190929302436642879295630306,0.3188062412386183797300327512014717658636,1204.899628550445287108745478356669025077,7479.909605311522209332853775605136879326,0.2737137003296345948360110860173616469478,4012.813322953947002662821469529963214683,437.738985851767928334587828079992734913,0.725451806901173450204438906188945385189,622.41473494501439838158076500588336083,302.723925690992090638948193599791534259,0.9603472815973047437826470319974438797787,569.811394259145125126334938568672706823,740.462911542760018973536021679784269172,0.7954245109739988091574695873901215570537,1154.405404644235123366771722717785137177
1992,1181.770421759414231681680320779866967857,0.3832556504331266826608898173602273158329,887.723575641908104954624273683205552505,6088.460399985639906854681661300263269573,0.2036083677018970893620552450944738888097,2429.736508363082572728307542135029566215,4477.154392021666443540805303370044627569,0.2005522778488002548660027583255158089947,1759.89088273738303011370771746141413681,407.43135213398230028205974404678549356,0.6434254018015852358433148479667700791882,513.817295648606618601284510062582761888,774.3390696254319313996205767330814743,0.3214977196009866462562397883859921813997,487.938560361750942074051258557148453458,1611.306007963973463313876357930218642006,0.2984106830729676932761442865153995162346,942.428615893167844563206291771624381301,6862.799469611071838254302238033344743879,0.2001603717792892783041400609839746526114,2692.374566836760364916885762670685196545,1974.713993121551663255166201363034882875,0.2036961355914500376013665231413428010778,788.393554222553796003507068385172086924,2502.440398900114780285639102007009744689,0.2466840758166903663622539783466659542671,1209.931906294488604366220456382088542972,7270.230821745054138536361982080130237434,0.2023086615093227171074373338087486239468,2882.828106165687992447686415910901347932,226.675826147473292879638466085869695225,0.7073660974320777394299179252414327134379,314.271877267295403956785504938263568239,208.583026352959269451091718354949448688,0.590368388151598115563918101257069701702,241.35601712500659827168365913462293151,435.258852500432562330730184440819143913,0.6273872146401401255652983469497694554801,535.228644670711552114441750447677529086
1993,2004.588062823140280784251002206395396791,0.4044285652637143756055085449211421374685,1588.996841416969077294466883057923908954,8262.965284872462254731604966629073675511,0.1636001367764377464463840354321129295148,2649.571611536819756068869570336230598694,6162.64589486643667626132435401403582503,0.164142495253344738951293987594076466737,1982.642066110470705639074287994966784294,927.783806523706704531712225626937556057,0.5655097789125790923385671772011822270573,1028.354797999549171150903909595564071487,1076.804256299433576252538776579457840741,0.3109920854349819533528601730325845117261,656.360098492778275923906652261322620972,2100.319390006025578470280612615037850454,0.2085827708618434412315798412715452879069,858.657258602134700328122869429194730793,9339.76954117189583098414374320853151621,0.1697793556253697232975262748748046512272,3107.972106603654243396538367024125935135,2377.438467245095714933175005622245284629,0.1799288655889573676905847483183057690113,838.428820581160914625827590522126502278,3785.207427621340961328149348391790540392,0.1953051434784960608346331374843646202245,1448.970140305011780131005781272941504743,10267.5533476956025355158559688354690723,0.1859139612005286651717610286512284667609,3741.407768827363375823177318480896268029,549.984601720423030737592846774538552263,0.6691902818073430801752946627061557524426,721.366927205378898209016360847357394447,1901.277701171351504880493957583743697048,0.94282343056675774320104373175826972462,3513.435562769766905255607998902694765905,2451.262302891774535618086804358282249312,0.8745297707027750444840273826717459841325,4201.655644973387791226147887583445265692
1994,873.520658038868262067139262224760407349,0.2249082727234789159717745146516847216465,385.065563880085154891586982404172078581,5717.74950492621288861702508128595294601,0.1762290300609608909934758004402719322883,1974.961560793984213535275581019442652673,4175.710288398400646156934426330362559395,0.1738156172088029055891348565756348988643,1422.575175683708126832353277728401913598,180.937965125810586687999564603157062008,0.4432502526612959427644173235519470525789,157.193565565751141107604782593958860931,692.582692913057675379139697621603345346,0.245170102333719750140148304098571056448,332.809116604272799244449545227622259525,1542.03921652781224246009065495559038662,0.2786008513577032376332289917042556336499,842.042339561163785404931501112037789788,6410.332197839270563996164778907556291363,0.1764173235083300983709209082942283913588,2216.551552318467576026010351477577600147,1914.318015759827901705544067234299172134,0.2088628150953475531154151875805062108211,783.666505528301613980310482631211604975,2261.39227263857274445139035909606338726,0.1952605192022587305005245665163011011506,865.458833379751745707677153716370930306,6591.270162965081150684164343510713353369,0.1730542410544863637431353800902672987675,2235.668621048525432460744821160923483932,90.7773100922978002000992510031906298332,0.4694350218246875392690743231555683454007,83.52353514695392266307354313694284267376,140.313231080423577717348027848149116944,0.527472597404924906771099638644083537608,145.06231351860618632868262031944675431,231.090541172721377917447278851339746777,0.3927962658337530660219358720070485410781,177.912143218606403751581187749567387106
1995,991.605705757837218962224178239934965123,0.287925734917053066672403092553934507448,559.597251093405987397896892907747474838,4805.250459932506440120169755258502516024,0.173102957581292052775948517004028437028,1630.334010405034346759641187019853834259,3388.498970401671032274438467349460080773,0.1909646518095982260770737052640522648014,1268.283711038276900232711591501818374683,210.580426494539365129829543851657932257,0.4348222971770459373311981251083073168789,179.467526986200240442206615388736774546,781.025279263297853832394634388277032864,0.2981248312293061268043307852485231960081,456.372337949737023445142667686354936342,1416.751489530835407845731287909042435255,0.2431134555776155348809635496911504497398,675.085446616567773134671723833937011918,5586.27573919580429395256438964677954889,0.1780861488941359176551544178966530757141,1949.88313278608145007237932656908450779,1507.686850518426029786830993899113871409,0.1899123894518122702393506135237606934275,561.203688160981925375523547665625527529,1880.812119883245002487607473450346209361,0.2699416282530089662198946837888327074725,995.110592715382245759759422505075382348,5796.856165690343659082393933498437481146,0.1760032591927109804731506447564065702064,1999.720533336410116193781993815184593776,146.161645013554328506423706706617065617,0.4180326551753237481983018083607992585728,119.756667477626099382621383293547614478,20.68059669049568305718687523579368004188,0.7076592609023243224955819660615189389396,28.68423890726984982587861552808548376738,166.842241704050011563610581942410745659,0.3929243018320666549657352811279715142624,128.49048782181510062372050320430682365
1996,1233.835677649618324582657836234366621173,0.3522319032448491955060030201284236348043,851.80872649864967339104736229706914229,8294.067750809841650053231744466692155442,0.2403570547968747836723167865514081064729,3907.333885865970471890713670504168932736,6087.916298021443884921567736034553004902,0.2264073355410038178017984782877809867143,2701.563859742106211348081834919699637006,352.451110145626856490630766557452678825,0.4079483176841706933363952031627130857847,281.812401401660569965303372520501994041,881.384567503991468092027069676913942347,0.3674051375565682868248113870105118142075,634.697427797519247015384134966787757993,2206.151452788397765131664008432139150539,0.3523107181993628003169518477523632622463,1523.411573465358178498503414329489592096,9175.452318313833118145258814143606097814,0.2403035008154305830223392274646149443499,4321.59089476551035504018277936127130731,2447.804949557724908997301741367566235996,0.2894708580544112507673109089715341812942,1388.793670232686578595531267885066356026,3640.111348463718975924265994666986768909,0.2180014431711055806476659524218474512014,1555.357073446475474166069739687778304369,9527.903428459459974635889580701058776627,0.2373994970648738297753475112133556506295,4433.362184717967221287882913749368931836,290.981228142855315439835293457195505161,0.5761725467957502045493996041554991830418,328.604574766095374417778655995417400636,481.83611213948519788171551628881724509,0.9114920480545120426247641384676322262613,860.811977974060074917337240762625486356,772.817340282340513321550809746012750254,0.7738688846125970133187828791280231226617,1172.196214541794637202123421537860127188
1997,1272.133635143598164778535256377446353054,0.4157106154526905387752053617220736246929,1036.525334551082787477137522755633512862,9768.835010349160441308988246015034792206,0.3275299975800487602256449708743183151443,6271.189554307130004796861226649899626519,7204.837034180982780709931727828836552484,0.2824352373682942945206656720310440228288,3988.403721579615356597446513712672189615,399.746648234860059754894629397987863698,0.6629028120832665919574861555240143604173,519.386627382068257722586952001695063321,872.386986908738105023640626979458489352,0.451784531132853545079916995037531427137,772.496653860055493405800550817851319809,2563.997976168177660599056518186198239718,0.484250647951142427509984183599027683607,2433.570655357521429393080138775928356778,10641.2219972578985463326288729944932816,0.3349084883974349948473197526395565207227,6985.117724654226837403712905401105415125,3360.331062790941973194219524101570396204,0.3796012580588822292390869400666089594948,2500.14836190237340205649745474455079204,3844.505971390040807515712203727266156284,0.2645013428432458715297339813518508005442,1993.07890432302464743871287757291340406,11040.9686454927586060875235023924811453,0.3314428302628537140471276152882601407483,7172.521797542870693226152619558156556746,244.473724682229034781750748464838779508,0.7277034019925022654805284731531378119152,348.692547852111419399637135806467525465,455.876209833217477680509355833852351953,0.883183916000656445450213997410753515554,789.140170975594434295388507242759236847,700.349934515446512462260104298691131458,0.822908974660755035469076926783717611773,1129.595523171032724185683829396246853282
1998,853.183203483438425753185343226699700506,0.371188739678031226920853580311399448591,620.716316110346230935795652692280553272,7337.473182490307422884143654221707857332,0.3596524607248820538659606287039465120073,5172.322959747522418152785369576824337286,5404.805372144689596896928623263727524591,0.3323396092273117906598037212911047523803,3520.612574443353573963297037208565941364,375.171721117163214384006104390853353502,0.6092456114758047714112676226760860448946,448.000580295294152274853694775141159625,478.011482366275211369179238835846347003,0.3491913700659132564625892053239561467712,327.158269492046841517255459054372729375,1932.667810345617825987215030957980332743,0.4480020795982701101693811590912798696626,1697.044828486644881660123100233994173296,7815.484664856582634253322893057554204339,0.3555867223031136275568657862123714453686,5447.00184736573742475535650094866028696,2041.438944726880375986109476318565974567,0.3873992339730704893566068557833927111361,1550.069691444374216350510383594424261336,3363.366427417809220910819146945161550016,0.3110299474475865183915029871422885104059,2050.371059006806515591264335747134508604,8190.656385973745848637328997448407557847,0.3433354738815439909011576113165073954143,5511.800067691213409625462820641393816664,169.886840191157768067265325149229573329,0.6299968259218170215509823249738796796941,209.775213369180081245081251066010658304,266.645710424286099353433438505465679486,0.5428500611230599118726677184608832293056,283.707334795969867381341815019673312559,436.532550615443867420698763654695252814,0.5205260048551797737893267371474873151584,445.364027339753147968318641007747651731
1999,255.969225430288476364848245646704438961,0.4477809724039319454059853668292242830092,224.651571390565445183174023436422718092,1413.654433197163303954689252605499654097,0.1823525071006392849799084503781366826248,505.255522932174413255154505913555393156,1155.791010183897513242339097427084893232,0.2033482014386162103927491230886663289245,460.654925393241146302980666267899958529,93.29233589719168575541938926180439190994,0.6289991312159513942971554463239005397547,115.014364527742959961849131231997487393,162.676889533096790609428856384900047051,0.4086237374489375249515498980974058040535,130.288331651260633594059527491669650727,257.863423013265790712350155178414760865,0.2869775465066576313539020967500016010968,145.041984441504609834937130297977976279,1576.331322730260094564118108990399701148,0.1823099990605122288382551328100174657712,563.266685453379044997946875770050358131,266.658117490458147638413235900386655924,0.3324573841608643281074966212982610669723,173.758822004030753674535567231854117312,889.132892693439365603925861526698237303,0.2306858379990577024492196734753805565845,402.016318229284126442476446975159972981,1669.623658627451780319537498252204093057,0.184316824515755019878955880202288207515,603.169872553394233430541820517690879671,74.95627058657314272367691095813947764086,0.6470103854768668412272940568029165936782,95.05507163120896878264308184290934474176,15.25720186464442181431759546657195318812,0.9999999999999999999999999999999999999993,29.9041156547030667560624871144810282487,90.21347245121756453799450642471143082898,0.5635612071806813082364459783391268357024,99.64799433959584272679545381669471516114
2000,302.204460964512774927862448421303959488,0.3416897461590716728186507117790372904744,202.389924488002770266770723730351891395,1864.638392636762808064390124880604801245,0.3094059858372352037897571788265608571369,1130.783349003321087048188925116754278377,1529.924715676687936624740352122088997964,0.3319518670051089365962678291606988884656,995.408276862428553924494424361054149137,92.69766806657126617481735215721048125684,0.3860105698824136503228739795787563950926,70.13326816721006430085659872672777453051,209.506792897941508753045096264093478232,0.4040520627958600536744598414887704009871,165.917237606710286831638038360705950957,334.713676960074871439649772758515803288,0.367711525835944348284681902493714919971,241.233030671371063213639324375143964912,2074.145185534704316817435221144698279483,0.3105692357143980296770321007708713012653,1262.564742663134382093155539639303795793,479.327735157075147461521738756676758402,0.3313147251635221898552075213031113172758,311.264340200167014185669972599880448644,1050.596980519612789163218613365412239563,0.3956733346410774858420010534794805584986,814.758692866242938540643370569168039881,2166.842853601275582992252573301908760744,0.3052659899012586637335568134260057861047,1296.468320183520534631509563381955893249,47.64227738311505689741993383630378875675,0.5850676927265712749054968235651384339907,54.63295631736573520106383511108915318925,38.92662950902305107782170569510149732369,0.7189913303765757014679814016628550751484,54.85630191002636448416126154584386075078,86.56890689213810797524163953140528608042,0.4467231735103814017709583873563406702108,75.7977801557941022206789347221034615091
2001,460.930546040919217752201008637313028478,0.433050658029425010811888577466359500862,391.228301487009207007510575673667738408,2469.964011529559205923917635674044161926,0.2556925116241786984386341847220600697418,1237.840551389476737345575339585351753283,1914.392149392799586136710770308717873255,0.2797215709848718512771960785907070495379,1049.573687838148398858154924048411405544,153.61346697424340007702483857295355095,0.7343402493315184740006957575666140901854,221.09692121154795922659591288719343439,307.317079066675817675176170064359477529,0.3306186290265729324805832200995571302399,199.145312660651537862003506433509804906,555.57186213675961978720686536532628867,0.3389632712152277709431211584818579033321,369.104173338622703758395428567396401281,2777.281090596235023599093805738403639452,0.2461604169489401623271661361821342450661,1339.967075641329881947706703186526912661,535.42639438649014307638693173987970661,0.3217438275764915737757155998003614330262,337.649469530163342525313969346584639714,1378.965755006309443060323838568838166642,0.3152368328870304601426412934445995113145,852.013562645009043771376105754960184608,2930.894557570478423676118644311357190401,0.2467277551121674102224700976673503418778,1417.340747933273165898426493651469884379,124.968805327913563136191514607830438487,0.8914132725762424208500398870124778233406,218.341749385505626756158454617749487657,48.74419969931122529239557969886852857284,0.5759579721694963149361473394875512548286,55.02623641112692006598483083014004520644,173.71300502722478842858709430669896706,0.652573770746734753780602062103790834496,222.186679407990638885185747152277786793
2002,113.749156817355952516168941743433394453,0.6198332730938174361923966207003464694652,138.190803876256768730930347861698600411,1615.762579424422198705876182377825935405,0.3210448332574430784045697139501100717917,1016.715166674062316512986231376508469905,1356.201494556290194862038864373588868798,0.3599532742501729724949678916848078236128,956.811570276688992574709842645849075171,24.36060884113171065380264519849173367083,0.5976450346479235519755359136849230247931,28.53563395320924108077338166649808298969,89.38854797622424186236629654494166078198,0.7348191982557723646250274901928066607988,128.741465467988011889087691942848710204,259.561084868132003843837318004237066607,0.4338177185154036978299287848379189415874,220.700307399637155576804525694350647618,1705.151127400646440568242478922767596185,0.3194271160200185739128133250200723491747,1067.556153727588655328621178725489872369,271.719385416725439302210111378816799376,0.4157056898312745233636364927014025809683,221.392377328172014801007162780120167119,1084.482109139564755559828752994772069423,0.4268378049109376598324172541135121324651,907.28000734341885904099974184909804156,1729.511736241778151222045124121259329857,0.3154428249359793610766031729000545155138,1069.301652966472395863492329831355712395,0.3066008291501952856475378014532846595725,1,0.6009376251343827598691740908484379327635,97.2411293822030959460921711608710105933,0.7120776653119508495614416585176156733124,135.716743310241991038706938630899050944,97.54773021135329123173970896232429525267,0.7102020844696272234121864443766371377692,135.786058609512517661424364330735179173
2003,514.797553585476120764240116544563365083,0.6338451590862352947288994477911996957697,639.551797009198067206718919519443649508,1223.784158982418597841793520701693300063,0.3160158018625593373580650998846733596932,758.000859322752550256668727380512339156,911.410193473614724476034491417713573368,0.2757078801071750003616019054237287715012,492.514625807333857296860846183525012254,195.407923625436414919862031772691670287,0.8857645199103482684054600728422336996904,339.247395087254866778128958340769772663,319.3896299600397058443780847718716948,0.5165297918985284537857881331530095722355,323.349547831702343230426896858184832171,312.373965508803873365759029283979726701,0.5592987978701791405264686929724241941738,342.432351454229023898941988874490210046,1543.173788942458303686171605473564994863,0.3342360412846578934778759094362515607202,1010.937224531531942914057354848169985056,248.717426406052957123608555706298519457,0.3831821781688059686990461676629473277798,186.796006989669698357913974249593803119,662.692767067561767352425935711415053909,0.2986755931553346303501011867219979709486,387.943104355961875155028974400781365751,1738.581712567894718606033637246256665149,0.3835931725381348263362360328223805723368,1307.139826687776642134982804545280772194,78.1219732081207616240045101383367612499,0.8192382662584978140518558558591228330078,125.440999379918791583324702560808850367,361.879815046295861850945375385695940838,0.6464356161400719541395513882455622130204,458.50672236789079178887929798550939924,440.001788254416623474949885524032702087,0.6566833031789782853099251299317354429369,566.325982322512649343958795013738860379
2004,417.517239228562270103786065588304778049,0.5828945336788058985783067425870970207912,477.00229226747068890248685511061985255,1324.121942741333775332168748060255878344,0.2850418128009046541156655100279644740995,739.763033099753088224358790607805951518,1131.165029110570327153469131690733187306,0.2669997829069428525399579450010507551579,591.960801720718020103635111906349687173,242.797454188165082410357912289862172229,0.6356925526497907170063940585603570110957,302.515285522300751306811845484175463245,174.71978504039718769342815329844260582,0.5931486705269397972110943654386630174523,203.124224094470020650098333013320830656,192.956913630763448178699616369522691037,0.6829363419813288598796533059099543983507,258.283485959801572693960995669590242075,1498.841727781730963025596901358698484164,0.3014694862436288817752121245203339544707,885.635889444348115913759350765396313635,421.461628131003460885973762974700715803,0.3308189854516564505588031720336256170432,273.277916121199674941529855799891621348,709.703400979566866267495368716032471505,0.3134517402570192506778468844780974078664,436.017221562605935002315758260169886635,1741.639181969896045435954813648560656393,0.3256194154973594914607180315420406777754,1111.538603583060276525423853824905243982,162.585542046949318649892049717743298904,0.5995410305823935447445425218044225155653,191.054338735785143115456726218592836314,85.10280389405260674608035249405067259824,0.6562552459742945547359013834628023308482,109.464356545083545983149853424949368176,247.688345941001925395972402211793971502,0.5753271805105874875509868035257159284245,279.303601922512602550129596991143902603
2005,422.687194636228258501479899106206140279,0.4470075629372005644723473065155288462021,370.330970607840994308454384966573965473,1361.631296581548467404124526555226371931,0.3581886469761051259003144194095754965816,955.932908733614542112702488218666836452,990.782066726878794288650809684722080922,0.3497635879292599927725144139365049312423,679.217401408146800637964209424766334152,189.164918394924423186609489007750899103,0.5165473804943683006363670723216240187946,191.516780433525144470261638362377468422,233.522276241303835314870410098455241176,0.4476408176324919159817721208189772660241,204.886841237233464223343177132303223079,370.849229854669673115473716870504291007,0.4849416879139196455677861693177090252868,352.486892915109318719796184128899606608,1595.153572822852302718994936653681613106,0.3682216588103032135486184450452157234828,1151.245385498344463462118250347884030161,427.255346841902165133116424105160064393,0.6097655565103834079658285370397785760341,510.63016490461514131306972170888693805,563.526719884976629155534385579562016528,0.3439842550275416142057290388750093486782,379.934865098385701692892682426747671654,1784.318491217776725905604425661432512204,0.3728054681893195159050528491942496367635,1303.799233413914772189119515801706011977,81.71662682634632188242379303668938784207,0.5698701792224441517077261551255037277758,91.2730227989677895597865044165057359527,60.97456689650783936821927562736268261364,0.7255698905240875086278520444631165250336,86.71296726259157276801966154256993743734,142.691193722854161250643068664052070455,0.5270878654537151695620299669265021323107,147.413161568106651001283236453777175989
2006,992.285546818722088484477823283604342891,0.4577922258816797106561563830796573528773,890.350794009190481088690667640577355528,3148.377505282154575751236401942653453893,0.3546907723537747007176405025301244480022,2188.7328800591644761888133941977843516,2416.598866572969542632221329583292080578,0.3006905002271360343189064781990693498174,1424.230711194786115449532811756860346584,354.817318575032528856842663013594999358,0.644800409941814873768157074331829302219,448.421250844407539803405506627511793864,637.468228243689559627635160270009343534,0.3844737266419747669730269208949803658391,480.375979244268225383302531666993290661,731.778638709185033119015072359361373311,0.5810903232919122959494672182632594802248,833.449792061446200367965348435903035468,3785.845733525844135378871562212662797423,0.3313316470881916006141994682452697975255,2458.566184921404864742571321268550907157,1113.672763616155032719366835783660696508,0.3776672076682742351536456431412019137183,824.371458466601678982173399897826147883,1302.926102956814509912854493799631384068,0.2833476959992362109279772051913049352959,723.594974286950955601606246885436968945,4140.66305210087666423571422522625779678,0.3265817740552781298635752631087373171436,2650.439567227683802238218460635449151491,133.398166130076614804284992493873046208,0.5264545104285828300945048524816070788796,137.647009834477278394239768276599719199,17.40435866713827883204363188256899734395,1,34.1125429875910265108055184898352347942,150.802524797214893636328624376442043551,0.472249438424787054551187996882249470592,139.584158991108525312455650855677746185
2007,2489.16433232847717145198643877059042114,0.4554483561833870689907207132653862799868,2222.024174721473336492070078793838117147,4428.777967933891639971241939472215275192,0.3467051784642829426910291222184537187955,3009.541301272360351063110159593129196361,2172.737375581054638131082987381365178124,0.3045504278252460107869838186477134453227,1296.947870678820333084827559115280454994,667.128332545859315873004225282207975625,0.4668042280439152683106877155308238818371,610.379919509376734437673230543038465864,1822.035999782617855578982213488382445518,0.4944799603549117580681293764083055594151,1765.882166317952536301773134414059758727,2256.040592352837001840158952090850097081,0.4160475565601401071981658310239441900757,1839.695544859822329310758695143529664841,6250.813967716509495550224152960597720714,0.3834923081853818552814019549494459857009,4698.392589973377244753051846362810807625,1094.758227042559875039153177643832605389,0.399799394366332850793549028478777264445,857.860005252384474883460588025267541681,1077.979148538494763091929809737532572734,0.2586882834059539723434107761282886528917,546.566727946356770757772879584582143781,6917.942300262368811423228378242805696343,0.3766508286967947780251642017494658143593,5107.071452530046523149646043464256663642,199.150335360479892204969552648398400833,0.5743788719929344010979381550693214545334,224.199980163479393446107349030368785897,46.41917959361587470601367549293675913475,0.5086406434896238426084899941499735827378,46.27693550236410080611472121188583114186,245.569514954095766910983228141335159968,0.474300336795910430098123398105498105585,228.288459153090530772791511775849721397
2008,1869.850703275922270606023682219764073992,0.4440625546423740937870353273142486411647,1627.448132989229888000434072954699436857,3616.963356318914277544677014069442434543,0.2844014263377830175126673473594450995381,2016.192293595244490949803067060061292768,2684.223300760680782783252371276743120727,0.2892229713326793172484424744207495043421,1521.624515982175812796459610072310302649,911.915351815538813520826905856769328969,0.5453276032623251617714277536944844140719,974.693521840028130174566952231192095196,957.935351460383457085196776362994745019,0.366741469382420292533837355133726394067,688.576652001174633709867026184429551978,932.740055558233494761424642792699313816,0.3331076172788453829529129067767244035212,608.977522197180403428145370934081825967,4574.898707779297734629873790432437179571,0.2818616197660081306952694663821945974082,2527.397185678577108406783280686073608238,848.835274263311577103519740035682012639,0.4691301433308706378975229969730183395451,780.49985920371464703167903485099181908,1835.388026497369205679732631241061108094,0.254297114711061893090281332826663429331,914.79840384648156445563507320157223978,5486.814059594836548150700696289206508543,0.2949417515073490658306520702198673237124,3171.849475906816882000891407201478672406,173.572742330642997996508311170434607701,0.6832739020428111945768318382296391112672,232.451540883438548836199584623696230649,43.14733848198017582237132508883979687282,0.5725283567871459025297395127023754653713,48.41802660962071690348219219743249669732,216.720080812623173818879636259274404574,0.5654548497951371964003763723761721436977,240.1890246572439897530683581766346119
2009,1812.027739777574891212857032168498772519,0.2524385793753113865480414430143535230202,896.554388499490553163245415234402300046,4992.959608806127165313084215218005797632,0.2614829136654675868594914975659753632002,2558.924307596253956563498994126151885272,2550.322138534704860952603334703423891007,0.2393787897068630489175497710999948733459,1196.566332694710478641477005835784702806,635.261447152468806884881303534281832362,0.3669091472199748042701156207958043053407,456.843142239421265896870330689640089736,1176.766292625106084327975728634216940156,0.2396285322916739204195550201437466176802,552.69408792205452522588879532478095663,2442.637470271422304360480880514581906615,0.3448447931797118005978344572026512619512,1650.968393967575590451859740814469059082,6169.725901431233249641059943852222737779,0.253551837950972243205405886624462798478,3066.116870244752072134309298060298931235,933.437437176563586151606913614472086013,0.3378955102632148866693806728001187294247,618.192465501782582769844463367602104154,1616.884701358141274800996421088951804991,0.2802234066335366934319711752231888652148,888.054320730524843977664643410443512776,6804.987348583702056525941247386504570144,0.2499683983856907700296998141490094977927,3334.022305578298509693548256676485925384,181.200468575823826449250388811396717534,0.4185161059908063689864667303820922146047,148.63721644364399614638946454296998977,190.12889421739768754258313909185832048,0.5028595083450635441140778203470260651328,187.391919645968344699287980312734220175,371.329362793221513991833527903255038014,0.4040323081389249078085766315161909062646,294.056956677038964590239571771585860253
2010,3789.142292563210031992446181423568794875,0.7510181592595311025003970566120890932998,5577.600752677192865511135575740643141157,7917.172790447727872991231418548802024508,0.3725288469845507990790857294903896336175,5780.775491965783342854728340818354255035,4204.602528334425908282502316435467632497,0.2552506075887191301426707535064186076693,2103.525606051796636118210751892715808242,929.731452618728447607605749927706680183,0.7919563588048638725621634415610885666465,1443.161202329278602657502483444599295887,2859.41083994448158438484043149586211469,0.7393137451088758307949897318495297323913,4143.443404293171165915759698144623085191,3712.570262113301964708729102113334392003,0.5419473735128097021149997519524974426557,3943.554696966772257516928219050372045494,10776.5836303922094573760718500446641392,0.4636027071450297987218659376576626462764,9792.264555856297400712343525479534838155,2831.538887711664311626682423221470330827,0.2900973249811051120342602436086545951681,1609.98683953405005297196262811054075791,1373.063640622761596655819893213997301674,0.2907602008632253119317664409293937809224,782.495229493112528714442885404784541616,11706.3150830109379049836775999723708194,0.4879459286511136093323184254525410952861,11195.6156171541279839213640286594536895,84.40280200878429339067365900228259926066,0.7540985163057556968484984936466926183761,124.750134423070476622187517011018636413,426.925719185586982894272170555432513772,0.9555516438569709938302480042442737762555,799.581162634310153720953023505302783578,511.328521194371276284945829557715113032,0.8081801400272048833827188285419740040968,809.961289483190333015822402016310423757
2011,1620.831994380567929478062978554074794157,0.6174490208595637337596554291928414328699,1961.531010699945728933596671576021134643,9238.838001756361590194953369642872042077,0.5434802502611631067090610978645309530544,9841.406939061107283257953490658590397693,5550.13085491490649331484819681890396147,0.4908494114178503205212113055058714375826,5339.585788316983237488072674183219028667,270.77467509151276823110079428423838498,0.5240538436543496118411867129316722775379,278.124998122091294978557762626108103123,1350.057319289055161246962184269836409186,0.6567518009911475055509795496301758247792,1737.839048733360577952347178183094122407,3688.707146841455096880105172823968080609,0.6298226090063278726577883394158339390026,4553.533071804587134038105678762649618866,10588.8953210454167514419155539127084513,0.5562481827569297537761815971011713505851,11544.5054082803438976634569778476770137,3792.980704454046512907683986883229845383,0.5826095020520028147132082931049881221429,4331.260135049060711366781556429318751866,1757.150150460859980407164209935674116089,0.3322405751005211543369922873486230750707,1144.241289993083456851312181551946949774,10859.6699961369295196730163481969468362,0.5525444415958550457219561788951117989927,11760.8825761042524442361962353365821512,99.22181388453683385698731099376742910398,0.5958324193444499667964024134531472534186,115.874363900393905062850068630531487319,35.53441599326887484018987363539621204407,0.722602817687630843155688881995169488646,50.32744747837618475973867547898474062014,134.756229877805708697177184629163641148,0.4721047303239944181797220018650981841714,124.693344989241740248892354526112476339
2012,882.540101231124259075553212740760026453,0.4449600498971995975496879055207812802264,769.682371460958043207169827808098601685,5575.182437932038641319935696865660994485,0.3352106067372788144231211364966865925687,3662.966163872831117294687277383509266642,3273.881065898653921168347237413385268993,0.2959938045251405022901365677728619015854,1899.335084026003007981031198866259472199,345.556633952215088016870273664290018236,0.4674838680676292640855804523747896346046,316.622617677766299641604527811081605372,536.983467278909171058682939076470008212,0.4528419241506532083993493648980315662674,476.610508056954289459010253912438186063,2301.301372033384720151588459452275725486,0.4262717960093901281417799496382324718609,1922.720543270467399132676100565167803039,6112.165905210947812378618635942131002688,0.3437045114113207585471704709107613293366,4117.526832386305296947360221060054280232,1395.316655833882363866616505785812742776,0.3074064924759440805604901922265306636545,840.701622163789317534258453749824213397,1878.564410064771557301730731627572526222,0.3186112426608013637223149532681706610887,1173.122212573820497045204020155690580198,6457.722539163162900395488909606421020925,0.3466780479106765016453786113122774264643,4387.951261898690498458625199742297966508,39.06467273490297829844237168830602731524,0.5816653599897291917292537940959847839475,44.53623118128746735950342713145795362411,81.33464257371195208770284650298021387391,0.4438538442265418577748856608938266433415,70.75735979926225645343246377391674418263,120.399315308614930386145218191286241189,0.4185818754610460072464742681306253424507,98.77806356396749503205578350677328323041
2013,419.804118971402914892286749881968254084,0.3658256206021485544173579767720613727107,301.007200613941286895227293011963366241,1961.247959768077839027443510004946616165,0.2170566189463028224913065525822760361889,834.375628082683299266431840018353025572,1445.555580564050328985721559628047992106,0.2409699536773449357484996665750769566652,682.737504121631479282596704156860026388,168.449910123702132337387090690526121539,0.5082556808177890214169968705796486256515,167.806622557090493151006928294974385294,251.354208847700782554899659191442132544,0.3459958318925889014672179102274770387318,170.456316836328973233768884860931243597,515.692379204027510041721950376898624058,0.2614401593274316743928099119124553952304,264.2524876547647991257342140270198938,2212.602168615778621582343169196388748709,0.216719891414297231310264294482680453534,939.849207381882227748196219767648905645,835.262236014017569953894721282241566095,0.2612042699321900145935518408010574994168,427.621162617541296220933901095771197309,610.293344550032759031826838345806426011,0.3476183074931861322210480669503506593748,415.812313433403026071798983071208406659,2381.052078739480753919730259886914870247,0.226477165308529114596288013511243859984,1056.937693480000598186654541708414131809,71.65242976735801381269225770384296144495,0.7866668723640890034174153849590782210503,110.478521931855153226130394427868178834,26.94261376593562697117884609039461355445,0.7167069401770466865724757116971509889471,37.84751821420917187917762948240944611604,98.59504353329364078387110379423757499918,0.5990167826926152302446913506099723647331,115.757768102833714868783297539270936261
2014,770.994571051362863461194235025326033899,0.4757801232798314542222888140250009350211,718.974828443280461239584019041827036002,5366.882816863609811022258071610043486408,0.4453821211252577763481874660222655504854,4685.014759498609309305824339017490372756,3491.608160973739767400317107251070846084,0.35341666521128548634741152218472924062,2418.625324452662843612910134590414231154,226.477778573947717208059041665358048796,0.4185158492285840053287447000349042300643,185.777698069306714350931242744922582424,544.516792477415146253135193359967985099,0.5294864622035153192744201781275293489008,565.095969316173648349574519863750923753,1875.274655889870043621940964358972640321,0.6439135176831836930887871286025441205127,2366.728812580489376879258857133861941391,5911.399609341024957275393264970011471508,0.4516837592789694283610070127068885429452,5233.363068368875453474767465298314130899,1527.642397036766070396990201512787826104,0.4925312094265331395465111277940370166597,1474.726652472182374917906451451921868746,1963.965763936973697003326905738283019974,0.2835903930548596524997768873768591375215,1091.645172964701191497960140828503807515,6137.877387914972674483452306635369520305,0.4458176902352226801034739502023702939304,5363.293667253419806827080926572032397183,33.05088680382909034659605249906465206335,0.5816509437005904429132350053456403898811,37.67919581919362039757923023256183018404,65.73418498044375247273637137061843966572,0.6162494556462906279615968982092954575121,79.39696519464003018570557204141236832633,98.7850717842728428193324238696830917289,0.5745621511901132262063717865904904461185,111.246000165689460028629492423235702363
2015,789.243234247233054328028037548206702417,0.810439404050350709050317948754071548944,1253.682280171633847246193217692325505042,5030.749934448372009686723239559495067271,0.7622177893592491285092138609725747348971,7515.673103954674132039675820098222561169,3520.589117141821406462712608142132480147,0.7762201905483750239301563073121456697923,5356.194616486705620445638451228562171656,77.23489477885523608166638872080747994668,0.616404201948785002845534621041519902223,93.31151081036694097406867966698097575469,712.008339468377818246361648827399222471,0.835319318237875552099734327322837028043,1165.718468580638148366887034596796989423,1510.160817306550603224010631417362587124,0.7336353466809938645820280630664055460443,2171.498415307538810322167488676460747625,5742.75827391674982793308488838689428974,0.7707423491871447825225623121243594195246,8675.326525590916544513442786516928174326,1915.714526911126758752624550165180478801,0.8521152469357989989867320690773708614138,3199.522732028449384206919523543780168108,1604.874590230694647710088057976952001343,0.6896490440856583672502936213020337501961,2169.328444978724030968055722202629426709,5819.993168695605064014751277107701769682,0.7680909170325198018902407249373162140538,8761.756424530159704181440129539593314956,3.14171438979714841148953535447671466523,1,6.15776020400241088651948929477436074385,23.17891401995911282888554822666851146883,0.7345685427843311704027613312587925436559,33.37194214613075157764421617234488922963,26.32062840975626124037508358114522613406,0.6555963036899905330095937652476160758952,33.82118512461855851473906517905952792643
2016,483.923683509152595505539462801225141554,0.6357087671420972687664479860970527156733,602.963675339553092306582573946469410248,3012.825645659474669166982614799994686363,0.3772104232262915298069813077827153539361,2227.479704336221537492012519855388516804,2270.353695298302614968439181232810261978,0.356855605148860875398887752601565176522,1587.969346001751416422304856010186344471,90.57750428182307055090983934150387242301,0.6356811102889304932738086959060777230247,112.853680638576504794013940953963910025,393.346179227329524954629623459721269134,0.6435324511117209270132639848075400821053,496.136820473043564111877554724434534471,742.471950361172054198543433567184424383,0.5614512289328282832324345111958624168335,817.049106397730499179300288118876757352,3406.171824886804194121612238259715955489,0.3920377150873294536516302856018303953674,2617.281726069985469876517044097873080488,798.715959087435854394033995936604871102,0.4077892675146565786504664695685255409087,638.387279980722482429041982493758241369,1471.637736210866760574405185296205390878,0.3500554104189194814983013593935569942839,1009.703313405038474360669652586055867386,3496.749329168627264672522077601219827915,0.3946211225783930326264644603878402903384,2704.586645477462275745827971894125641083,0,0,0,135.249030525413441438381078344664868119,0.4260422029265053625909930502084988239074,112.938718021093770770955403969946704109,135.249030525413441438381078344664868119,0.4260422029265053625909930502084988239074,112.938718021093770770955403969946704109
2017,116.300014821338443637385464720230606734,0.6456366102921578630630038378690492248995,147.17159279850627754554644757307838555,1671.380197970443653521486720897275101436,0.5811838033515239286907089889611127102345,1903.903036593655497047424312632286544034,1295.357315643227847491719422688623251946,0.5647616919445249827115631449490233205786,1433.87365094055941770142318431877089288,47.14012738438533631037202409841424654027,0.6203045073303408139303897081142050428903,57.31281764561488103047025961907558504691,69.15988743695310732701344062181636019345,0.9999999999999999999999999999999999999988,135.553379376428090360946343618760065979,376.022882327215806029767298208651849487,0.6710957122240991679117406673545232900148,494.600794294765385806187870222696450187,1740.540085407396760848500161519091461627,0.596826754344697982974313724488638369893,2036.049744361858464862660321811934963708,439.448786406046247568032955294401554823,0.8766984133003200039501891855251098369507,755.117545387106681029063738156013219351,855.908529237181599923686467394221697125,0.4411236294523121350935419812617128198839,740.020494716740088253034991685825771243,1787.680212791782097158872185617505708167,0.581524011664241368523658150688529539352,2037.574779074305096650381750038961646057,55.28074996211723364972367174467084866023,0.8132218283326339383092464620746018802715,88.11280460935263570017759010355412911984,0,0,0,55.28074996211723364972367174467084866023,0.8132218283326339383092464620746018802715,88.11280460935263570017759010355412911984
2018,407.508991826953221322964969180953763604,0.5844281803438004491437525483625192586863,466.793087591639324186158149461925247324,1576.654643499498493543435378107782642973,0.2775935257192603287784134703350388521993,857.831477808111749224412126809545005434,1332.241005366023934467941182569991228901,0.2758251270134336194399127992594683760223,720.232467254472581680867348494465157602,294.280271187282253141391968787525689828,0.634218788029330793873619250663523443225,365.810630789348253329959123869967695641,113.228720639670968181573000393428073778,0.5438798744309859801167013757681851175557,120.702331832431455967869370334362145908,244.413638133474559075494195537791414072,0.4361169576486489755602474055470798233631,208.92214725039313143713900663694141527,1689.883364139169461725008378501210716749,0.280746201484450598383232000904220823875,929.879537450319478514017553980538111273,402.979134455086799861781097938031117225,0.3383036780942439474782697410928433760245,267.205473827525839786431905718618265481,929.261870910937134606160084631960111676,0.3191532415809518143857576367056424842402,581.29079922245893445196287219289225174,1984.163635326451714866400347288736406583,0.284170654346691972031018544773833231574,1105.128514019992626118074821864706652057,244.205328289008933675337246327766701396,0.4978781903006264820174548665004356038574,238.305633544192220910076749995535787408,330.284930482601119944894553600489094926,0.4387054883521506935320277601037164943361,283.999710976542307648098235321863486371,574.490258771610053620231799928255796323,0.3640387764126496620689999860984860530313,409.907992493838661281951962067680554778
2019,722.819074146414944469330388552790166396,0.553714528735697317164823963210796810891,784.461429084224206727559424512111106579,2858.335829136205885708406122684417675218,0.3378089424283122736621509675330851659467,1892.519950949091411944788898337781299886,2300.501972809456416127996239547216975781,0.3319468960223188554418537446387780759051,1496.743198767947254401380351983712289078,440.855396837775376664008732035542094359,0.6709449999867937814831561402362891327715,579.747859481978368086092972651781736744,281.96367730863956780532165651724807204,0.4819867139139011318003178754656132218313,266.369382687378759390058918110311650871,557.83385632674946958040988313720069944,0.4342056918444737646249576832443402484144,474.740685620428982544684362782517980696,3140.29950644484545351372777920166574726,0.3401295089290326566578580556522355779879,2093.492716873651056570413582199372253547,761.263940514927078487546043520478212532,0.3640414112839319624180908644835481323641,543.177934558657718135962242873891022386,1539.238032294529337640450196026738763251,0.4047729910711262163771667252281759853157,1221.16228531249116413884113358536715395,3581.154903282620830177736511237207841614,0.3614465952126145172330546836427124847485,2537.016643572107759578392857426399562294,430.452029719274630167493357286011624394,0.6506067044140313768507047245356069547839,548.907753869416399516409388074265903352,392.161432596426535970211634052244134816,0.6164130977643398727690647253593150535279,473.797549241310717265491052869122048714,822.613462315701166137704991338255759209,0.6313192629791955246243654154281566913736,1017.890180501988876347212558551302695022
